id_poligono,comuna,ranking_prioridad_comuna,score_multicriteria,tipologia,categoria,cobertura_actual,area_m2,area_ha,especie_recomendada,nombre_comun_especie,arboles_cupo_estimado,separacion_minima_m,eficiencia_pm25,especies_alternativas,fuentes_botanicas
21891,Guayabal,1,0.749,AsocioEP,ZVRecreacional,Grama,18968.94,1.8969,Zygia longifolia,Suribio,74,16.0,Alta,Casco de vaca (Bauhinia picta) | Guamo machete (Inga densiflora),Morales y Varón (2013); AMVA y UNAL (2014)
19466,Guayabal,1,0.749,AsocioEP,ZVRecreacional,Grama,11964.04,1.1964,Zygia longifolia,Suribio,46,16.0,Alta,Casco de vaca (Bauhinia picta) | Guamo machete (Inga densiflora),Morales y Varón (2013); AMVA y UNAL (2014)
21224,Guayabal,1,0.749,AsocioEP,ZVRecreacional,Grama,11646.21,1.1646,Zygia longifolia,Suribio,45,16.0,Alta,Casco de vaca (Bauhinia picta) | Guamo machete (Inga densiflora),Morales y Varón (2013); AMVA y UNAL (2014)
19415,Guayabal,1,0.749,AsocioMovilidad,Antejardin,Grama,3101.35,0.3101,Calliandra haematocephala,Carbonero flor roja,42,8.5,Media,Ninguna,Morales y Varón (2013); AMVA y UNAL (2014)
14840,Guayabal,1,0.749,AsocioEP,ZVRecreacional,Grama,9102.38,0.9102,Zygia longifolia,Suribio,35,16.0,Alta,Casco de vaca (Bauhinia picta) | Guamo machete (Inga densiflora),Morales y Varón (2013); AMVA y UNAL (2014)
22188,Guayabal,1,0.749,AsocioMovilidad,OrejaPuente,Grama,8541.51,0.8542,Zygia longifolia,Suribio,33,16.0,Alta,Casco de vaca (Bauhinia picta),Morales y Varón (2013); AMVA y UNAL (2014)
16568,Guayabal,1,0.749,AsocioEP,ParqueRec,Grama,7117.84,0.7118,Zygia longifolia,Suribio,27,16.0,Alta,Casco de vaca (Bauhinia picta) | Guamo machete (Inga densiflora),Morales y Varón (2013); AMVA y UNAL (2014)
19534,Guayabal,1,0.749,AsocioMovilidad,Antejardin,Grama,1915.12,0.1915,Calliandra haematocephala,Carbonero flor roja,26,8.5,Media,Ninguna,Morales y Varón (2013); AMVA y UNAL (2014)
6686,Guayabal,1,0.749,AsocioEP,ZVRecreacional,Grama,6586.47,0.6586,Zygia longifolia,Suribio,25,16.0,Alta,Casco de vaca (Bauhinia picta) | Guamo machete (Inga densiflora),Morales y Varón (2013); AMVA y UNAL (2014)
19416,Guayabal,1,0.749,AsocioEP,ZVRecreacional,Grama,6484.98,0.6485,Zygia longifolia,Suribio,25,16.0,Alta,Casco de vaca (Bauhinia picta) | Guamo machete (Inga densiflora),Morales y Varón (2013); AMVA y UNAL (2014)
13954,Guayabal,1,0.749,AsocioEP,ZVRecreacional,Grama,5832.71,0.5833,Zygia longifolia,Suribio,22,16.0,Alta,Casco de vaca (Bauhinia picta) | Guamo machete (Inga densiflora),Morales y Varón (2013); AMVA y UNAL (2014)
22173,Guayabal,1,0.749,AsocioUrbanistico,RetiroQuebradas,Grama,5624.47,0.5624,Zygia longifolia,Suribio,21,16.0,Alta,Casco de vaca (Bauhinia picta) | Guamo machete (Inga densiflora),Morales y Varón (2013); AMVA y UNAL (2014)
22278,Guayabal,1,0.749,AsocioMovilidad,Glorieta,Grama,5544.71,0.5545,Zygia longifolia,Suribio,21,16.0,Alta,Casco de vaca (Bauhinia picta) | Carbonero flor roja (Calliandra haematocephala),Morales y Varón (2013); AMVA y UNAL (2014)
21889,Guayabal,1,0.749,AsocioUrbanistico,RetiroQuebradas,Grama,5317.68,0.5318,Zygia longifolia,Suribio,20,16.0,Alta,Casco de vaca (Bauhinia picta) | Guamo machete (Inga densiflora),Morales y Varón (2013); AMVA y UNAL (2014)
19418,Guayabal,1,0.749,AsocioEP,ZVRecreacional,Grama,5233.66,0.5234,Zygia longifolia,Suribio,20,16.0,Alta,Casco de vaca (Bauhinia picta) | Guamo machete (Inga densiflora),Morales y Varón (2013); AMVA y UNAL (2014)
19461,Guayabal,1,0.749,AsocioEP,ZVRecreacional,Grama,5323.16,0.5323,Zygia longifolia,Suribio,20,16.0,Alta,Casco de vaca (Bauhinia picta) | Guamo machete (Inga densiflora),Morales y Varón (2013); AMVA y UNAL (2014)
19009,Guayabal,1,0.749,AsocioEP,ZVRecreacional,Grama,5063.18,0.5063,Zygia longifolia,Suribio,19,16.0,Alta,Casco de vaca (Bauhinia picta) | Guamo machete (Inga densiflora),Morales y Varón (2013); AMVA y UNAL (2014)
14732,Guayabal,1,0.749,AsocioEP,ZVRecreacional,Grama,4995.28,0.4995,Zygia longifolia,Suribio,19,16.0,Alta,Casco de vaca (Bauhinia picta) | Guamo machete (Inga densiflora),Morales y Varón (2013); AMVA y UNAL (2014)
22181,Guayabal,1,0.749,AsocioEP,ZVRecreacional,Grama,4803.54,0.4804,Zygia longifolia,Suribio,18,16.0,Alta,Casco de vaca (Bauhinia picta) | Guamo machete (Inga densiflora),Morales y Varón (2013); AMVA y UNAL (2014)
6795,Guayabal,1,0.749,AsocioEP,ZVRecreacional,Grama,4634.72,0.4635,Zygia longifolia,Suribio,18,16.0,Alta,Casco de vaca (Bauhinia picta) | Guamo machete (Inga densiflora),Morales y Varón (2013); AMVA y UNAL (2014)
6908,Guayabal,1,0.749,AsocioMovilidad,Antejardin,Tierra,1265.87,0.1266,Calliandra haematocephala,Carbonero flor roja,17,8.5,Media,Ninguna,Morales y Varón (2013); AMVA y UNAL (2014)
14723,Guayabal,1,0.749,AsocioEP,ZVRecreacional,Grama,4463.07,0.4463,Zygia longifolia,Suribio,17,16.0,Alta,Casco de vaca (Bauhinia picta) | Guamo machete (Inga densiflora),Morales y Varón (2013); AMVA y UNAL (2014)
19578,Guayabal,1,0.749,AsocioMovilidad,Antejardin,Tierra,1299.84,0.13,Calliandra haematocephala,Carbonero flor roja,17,8.5,Media,Ninguna,Morales y Varón (2013); AMVA y UNAL (2014)
13254,Guayabal,1,0.749,AsocioUrbanistico,RetiroQuebradas,Grama,4204.02,0.4204,Zygia longifolia,Suribio,16,16.0,Alta,Casco de vaca (Bauhinia picta) | Guamo machete (Inga densiflora),Morales y Varón (2013); AMVA y UNAL (2014)
19586,Guayabal,1,0.749,AsocioEP,ParqueRec,Tierra,4157.65,0.4158,Zygia longifolia,Suribio,16,16.0,Alta,Casco de vaca (Bauhinia picta) | Guamo machete (Inga densiflora),Morales y Varón (2013); AMVA y UNAL (2014)
18867,Guayabal,1,0.749,AsocioEP,ParqueRec,Grama,4111.71,0.4112,Zygia longifolia,Suribio,16,16.0,Alta,Casco de vaca (Bauhinia picta) | Guamo machete (Inga densiflora),Morales y Varón (2013); AMVA y UNAL (2014)
6798,Guayabal,1,0.749,AsocioEP,ZVRecreacional,Grama,3725.5,0.3726,Zygia longifolia,Suribio,14,16.0,Alta,Casco de vaca (Bauhinia picta) | Guamo machete (Inga densiflora),Morales y Varón (2013); AMVA y UNAL (2014)
14088,Guayabal,1,0.749,AsocioEP,ZVRecreacional,Grama,3663.8,0.3664,Zygia longifolia,Suribio,14,16.0,Alta,Casco de vaca (Bauhinia picta) | Guamo machete (Inga densiflora),Morales y Varón (2013); AMVA y UNAL (2014)
17786,Guayabal,1,0.749,AsocioMovilidad,Antejardin,Grama,1035.39,0.1035,Calliandra haematocephala,Carbonero flor roja,14,8.5,Media,Ninguna,Morales y Varón (2013); AMVA y UNAL (2014)
13298,Guayabal,1,0.749,AsocioMovilidad,Antejardin,Grama,963.48,0.0963,Calliandra haematocephala,Carbonero flor roja,13,8.5,Media,Ninguna,Morales y Varón (2013); AMVA y UNAL (2014)
14898,Guayabal,1,0.749,AsocioEP,ParqueRec,Tierra,3362.0,0.3362,Zygia longifolia,Suribio,13,16.0,Alta,Casco de vaca (Bauhinia picta) | Guamo machete (Inga densiflora),Morales y Varón (2013); AMVA y UNAL (2014)
20778,Guayabal,1,0.749,AsocioMovilidad,Separador,Grama,3411.12,0.3411,Zygia longifolia,Suribio,13,16.0,Alta,Casco de vaca (Bauhinia picta) | Carbonero flor roja (Calliandra haematocephala),Morales y Varón (2013); AMVA y UNAL (2014)
24288,Guayabal,1,0.749,AsocioEP,EcoparqueQuebrada,Grama,3476.71,0.3477,Zygia longifolia,Suribio,13,16.0,Alta,Casco de vaca (Bauhinia picta) | Guamo machete (Inga densiflora),Morales y Varón (2013); AMVA y UNAL (2014)
6693,Guayabal,1,0.749,AsocioEP,ZVRecreacional,Grama,3196.76,0.3197,Zygia longifolia,Suribio,12,16.0,Alta,Casco de vaca (Bauhinia picta) | Guamo machete (Inga densiflora),Morales y Varón (2013); AMVA y UNAL (2014)
24900,Guayabal,1,0.749,AsocioMovilidad,Separador,Grama,3253.17,0.3253,Zygia longifolia,Suribio,12,16.0,Alta,Casco de vaca (Bauhinia picta) | Carbonero flor roja (Calliandra haematocephala),Morales y Varón (2013); AMVA y UNAL (2014)
14727,Guayabal,1,0.749,AsocioEP,ZVRecreacional,Grama,3000.36,0.3,Zygia longifolia,Suribio,11,16.0,Alta,Casco de vaca (Bauhinia picta) | Guamo machete (Inga densiflora),Morales y Varón (2013); AMVA y UNAL (2014)
15485,Guayabal,1,0.749,AsocioUrbanistico,RetiroQuebradas,Grama,2893.66,0.2894,Zygia longifolia,Suribio,11,16.0,Alta,Casco de vaca (Bauhinia picta) | Guamo machete (Inga densiflora),Morales y Varón (2013); AMVA y UNAL (2014)
16381,Guayabal,1,0.749,AsocioMovilidad,OrejaPuente,Grama,3037.82,0.3038,Zygia longifolia,Suribio,11,16.0,Alta,Casco de vaca (Bauhinia picta),Morales y Varón (2013); AMVA y UNAL (2014)
16382,Guayabal,1,0.749,AsocioMovilidad,OrejaPuente,Grama,3008.34,0.3008,Zygia longifolia,Suribio,11,16.0,Alta,Casco de vaca (Bauhinia picta),Morales y Varón (2013); AMVA y UNAL (2014)
18614,Guayabal,1,0.749,AsocioMovilidad,Separador,Grama,2900.95,0.2901,Zygia longifolia,Suribio,11,16.0,Alta,Casco de vaca (Bauhinia picta) | Carbonero flor roja (Calliandra haematocephala),Morales y Varón (2013); AMVA y UNAL (2014)
21892,Guayabal,1,0.749,AsocioEP,ZVRecreacional,Grama,2916.92,0.2917,Zygia longifolia,Suribio,11,16.0,Alta,Casco de vaca (Bauhinia picta) | Guamo machete (Inga densiflora),Morales y Varón (2013); AMVA y UNAL (2014)
13841,Guayabal,1,0.749,AsocioEP,ZVRecreacional,Grama,2588.77,0.2589,Zygia longifolia,Suribio,10,16.0,Alta,Casco de vaca (Bauhinia picta) | Guamo machete (Inga densiflora),Morales y Varón (2013); AMVA y UNAL (2014)
13295,Guayabal,1,0.749,AsocioMovilidad,Separador,Grama,2619.83,0.262,Zygia longifolia,Suribio,10,16.0,Alta,Casco de vaca (Bauhinia picta) | Carbonero flor roja (Calliandra haematocephala),Morales y Varón (2013); AMVA y UNAL (2014)
15636,Guayabal,1,0.749,AsocioEP,ZVRecreacional,Grama,2596.74,0.2597,Zygia longifolia,Suribio,10,16.0,Alta,Casco de vaca (Bauhinia picta) | Guamo machete (Inga densiflora),Morales y Varón (2013); AMVA y UNAL (2014)
22182,Guayabal,1,0.749,AsocioMovilidad,Glorieta,Grama,2785.19,0.2785,Zygia longifolia,Suribio,10,16.0,Alta,Casco de vaca (Bauhinia picta) | Carbonero flor roja (Calliandra haematocephala),Morales y Varón (2013); AMVA y UNAL (2014)
23247,Guayabal,1,0.749,AsocioUrbanistico,RetiroQuebradas,Grama,2699.74,0.27,Zygia longifolia,Suribio,10,16.0,Alta,Casco de vaca (Bauhinia picta) | Guamo machete (Inga densiflora),Morales y Varón (2013); AMVA y UNAL (2014)
15874,Guayabal,1,0.749,AsocioEP,ParqueRec,Grama,2762.31,0.2762,Zygia longifolia,Suribio,10,16.0,Alta,Casco de vaca (Bauhinia picta) | Guamo machete (Inga densiflora),Morales y Varón (2013); AMVA y UNAL (2014)
14731,Guayabal,1,0.749,AsocioEP,ZVRecreacional,Grama,2737.99,0.2738,Zygia longifolia,Suribio,10,16.0,Alta,Casco de vaca (Bauhinia picta) | Guamo machete (Inga densiflora),Morales y Varón (2013); AMVA y UNAL (2014)
8067,Guayabal,1,0.749,AsocioMovilidad,Separador,Grama,2345.33,0.2345,Zygia longifolia,Suribio,9,16.0,Alta,Casco de vaca (Bauhinia picta) | Carbonero flor roja (Calliandra haematocephala),Morales y Varón (2013); AMVA y UNAL (2014)
14841,Guayabal,1,0.749,AsocioEP,ZVRecreacional,Grama,2306.32,0.2306,Zygia longifolia,Suribio,9,16.0,Alta,Casco de vaca (Bauhinia picta) | Guamo machete (Inga densiflora),Morales y Varón (2013); AMVA y UNAL (2014)
14737,Guayabal,1,0.749,AsocioEP,ZVRecreacional,Grama,2435.6,0.2436,Zygia longifolia,Suribio,9,16.0,Alta,Casco de vaca (Bauhinia picta) | Guamo machete (Inga densiflora),Morales y Varón (2013); AMVA y UNAL (2014)
24856,Guayabal,1,0.749,AsocioMovilidad,OrejaPuente,Grama,2379.67,0.238,Zygia longifolia,Suribio,9,16.0,Alta,Casco de vaca (Bauhinia picta),Morales y Varón (2013); AMVA y UNAL (2014)
22177,Guayabal,1,0.749,AsocioMovilidad,OrejaPuente,Grama,2334.82,0.2335,Zygia longifolia,Suribio,9,16.0,Alta,Casco de vaca (Bauhinia picta),Morales y Varón (2013); AMVA y UNAL (2014)
22413,Guayabal,1,0.749,AsocioMovilidad,Antejardin,Grama,711.94,0.0712,Calliandra haematocephala,Carbonero flor roja,9,8.5,Media,Ninguna,Morales y Varón (2013); AMVA y UNAL (2014)
24611,Guayabal,1,0.749,AsocioEP,EcoparqueQuebrada,Grama,2430.48,0.243,Zygia longifolia,Suribio,9,16.0,Alta,Casco de vaca (Bauhinia picta) | Guamo machete (Inga densiflora),Morales y Varón (2013); AMVA y UNAL (2014)
13967,Guayabal,1,0.749,AsocioMovilidad,Antejardin,Grama,591.4,0.0591,Calliandra haematocephala,Carbonero flor roja,8,8.5,Media,Ninguna,Morales y Varón (2013); AMVA y UNAL (2014)
15483,Guayabal,1,0.749,AsocioEP,ZVRecreacional,Grama,2163.7,0.2164,Zygia longifolia,Suribio,8,16.0,Alta,Casco de vaca (Bauhinia picta) | Guamo machete (Inga densiflora),Morales y Varón (2013); AMVA y UNAL (2014)
21890,Guayabal,1,0.749,AsocioMovilidad,Separador,Grama,2140.1,0.214,Zygia longifolia,Suribio,8,16.0,Alta,Casco de vaca (Bauhinia picta) | Carbonero flor roja (Calliandra haematocephala),Morales y Varón (2013); AMVA y UNAL (2014)
20924,Guayabal,1,0.749,AsocioEP,ZVRecreacional,Grama,2174.7,0.2175,Zygia longifolia,Suribio,8,16.0,Alta,Casco de vaca (Bauhinia picta) | Guamo machete (Inga densiflora),Morales y Varón (2013); AMVA y UNAL (2014)
19526,Guayabal,1,0.749,AsocioMovilidad,Antejardin,Grama,593.82,0.0594,Calliandra haematocephala,Carbonero flor roja,8,8.5,Media,Ninguna,Morales y Varón (2013); AMVA y UNAL (2014)
21142,Guayabal,1,0.749,AsocioMovilidad,Glorieta,Grama,2250.31,0.225,Zygia longifolia,Suribio,8,16.0,Alta,Casco de vaca (Bauhinia picta) | Carbonero flor roja (Calliandra haematocephala),Morales y Varón (2013); AMVA y UNAL (2014)
24916,Guayabal,1,0.749,AsocioMovilidad,OrejaPuente,Grama,2080.02,0.208,Zygia longifolia,Suribio,8,16.0,Alta,Casco de vaca (Bauhinia picta),Morales y Varón (2013); AMVA y UNAL (2014)
22423,Guayabal,1,0.749,AsocioMovilidad,Antejardin,Grama,634.45,0.0634,Calliandra haematocephala,Carbonero flor roja,8,8.5,Media,Ninguna,Morales y Varón (2013); AMVA y UNAL (2014)
6758,Guayabal,1,0.749,AsocioMovilidad,Antejardin,Grama,574.4,0.0574,Calliandra haematocephala,Carbonero flor roja,7,8.5,Media,Ninguna,Morales y Varón (2013); AMVA y UNAL (2014)
13293,Guayabal,1,0.749,AsocioMovilidad,FranjaAmoblamiento,Grama,1801.48,0.1801,Zygia longifolia,Suribio,7,16.0,Alta,Casco de vaca (Bauhinia picta) | Carbonero flor roja (Calliandra haematocephala),Morales y Varón (2013); AMVA y UNAL (2014)
14143,Guayabal,1,0.749,AsocioEP,ParqueRec,Grama,1910.68,0.1911,Zygia longifolia,Suribio,7,16.0,Alta,Casco de vaca (Bauhinia picta) | Guamo machete (Inga densiflora),Morales y Varón (2013); AMVA y UNAL (2014)
19720,Guayabal,1,0.749,AsocioEP,EcoparqueQuebrada,Grama,1996.99,0.1997,Zygia longifolia,Suribio,7,16.0,Alta,Casco de vaca (Bauhinia picta) | Guamo machete (Inga densiflora),Morales y Varón (2013); AMVA y UNAL (2014)
6746,Guayabal,1,0.749,AsocioEP,ParqueRec,Grama,2021.38,0.2021,Zygia longifolia,Suribio,7,16.0,Alta,Casco de vaca (Bauhinia picta) | Guamo machete (Inga densiflora),Morales y Varón (2013); AMVA y UNAL (2014)
15877,Guayabal,1,0.749,AsocioEP,ParqueRec,Grama,1843.57,0.1844,Zygia longifolia,Suribio,7,16.0,Alta,Casco de vaca (Bauhinia picta) | Guamo machete (Inga densiflora),Morales y Varón (2013); AMVA y UNAL (2014)
6793,Guayabal,1,0.749,AsocioUrbanistico,RetiroQuebradas,Grama,1649.2,0.1649,Zygia longifolia,Suribio,6,16.0,Alta,Casco de vaca (Bauhinia picta) | Guamo machete (Inga densiflora),Morales y Varón (2013); AMVA y UNAL (2014)
12828,Guayabal,1,0.749,AsocioMovilidad,Separador,Grama,1675.15,0.1675,Zygia longifolia,Suribio,6,16.0,Alta,Casco de vaca (Bauhinia picta) | Carbonero flor roja (Calliandra haematocephala),Morales y Varón (2013); AMVA y UNAL (2014)
18287,Guayabal,1,0.749,AsocioEP,ZVRecreacional,Grama,1791.37,0.1791,Zygia longifolia,Suribio,6,16.0,Alta,Casco de vaca (Bauhinia picta) | Guamo machete (Inga densiflora),Morales y Varón (2013); AMVA y UNAL (2014)
13970,Guayabal,1,0.749,AsocioMovilidad,Antejardin,Grama,484.01,0.0484,Calliandra haematocephala,Carbonero flor roja,6,8.5,Media,Ninguna,Morales y Varón (2013); AMVA y UNAL (2014)
15329,Guayabal,1,0.749,AsocioMovilidad,Antejardin,Grama,450.66,0.0451,Calliandra haematocephala,Carbonero flor roja,6,8.5,Media,Ninguna,Morales y Varón (2013); AMVA y UNAL (2014)
16283,Guayabal,1,0.749,AsocioEP,ParqueRec,Grama,1776.6,0.1777,Zygia longifolia,Suribio,6,16.0,Alta,Casco de vaca (Bauhinia picta) | Guamo machete (Inga densiflora),Morales y Varón (2013); AMVA y UNAL (2014)
17138,Guayabal,1,0.749,AsocioMovilidad,Separador,Grama,1624.59,0.1625,Zygia longifolia,Suribio,6,16.0,Alta,Casco de vaca (Bauhinia picta) | Carbonero flor roja (Calliandra haematocephala),Morales y Varón (2013); AMVA y UNAL (2014)
18876,Guayabal,1,0.749,AsocioEP,ParqueRec,Grama,1694.02,0.1694,Zygia longifolia,Suribio,6,16.0,Alta,Casco de vaca (Bauhinia picta) | Guamo machete (Inga densiflora),Morales y Varón (2013); AMVA y UNAL (2014)
19581,Guayabal,1,0.749,AsocioMovilidad,Antejardin,Grama,503.42,0.0503,Calliandra haematocephala,Carbonero flor roja,6,8.5,Media,Ninguna,Morales y Varón (2013); AMVA y UNAL (2014)
21143,Guayabal,1,0.749,AsocioMovilidad,Separador,Grama,1566.68,0.1567,Zygia longifolia,Suribio,6,16.0,Alta,Casco de vaca (Bauhinia picta) | Carbonero flor roja (Calliandra haematocephala),Morales y Varón (2013); AMVA y UNAL (2014)
20572,Guayabal,1,0.749,AsocioMovilidad,Antejardin,Grama,474.74,0.0475,Calliandra haematocephala,Carbonero flor roja,6,8.5,Media,Ninguna,Morales y Varón (2013); AMVA y UNAL (2014)
21075,Guayabal,1,0.749,AsocioMovilidad,Antejardin,Grama,454.45,0.0454,Calliandra haematocephala,Carbonero flor roja,6,8.5,Media,Ninguna,Morales y Varón (2013); AMVA y UNAL (2014)
21447,Guayabal,1,0.749,AsocioEP,EcoparqueQuebrada,Grama,1696.7,0.1697,Zygia longifolia,Suribio,6,16.0,Alta,Casco de vaca (Bauhinia picta) | Guamo machete (Inga densiflora),Morales y Varón (2013); AMVA y UNAL (2014)
21525,Guayabal,1,0.749,AsocioMovilidad,Separador,Grama,1665.69,0.1666,Zygia longifolia,Suribio,6,16.0,Alta,Casco de vaca (Bauhinia picta) | Carbonero flor roja (Calliandra haematocephala),Morales y Varón (2013); AMVA y UNAL (2014)
7739,Guayabal,1,0.749,AsocioEP,ZVRecreacional,Grama,1315.74,0.1316,Zygia longifolia,Suribio,5,16.0,Alta,Casco de vaca (Bauhinia picta) | Guamo machete (Inga densiflora),Morales y Varón (2013); AMVA y UNAL (2014)
14140,Guayabal,1,0.749,AsocioMovilidad,FranjaAmoblamiento,Grama,1357.86,0.1358,Zygia longifolia,Suribio,5,16.0,Alta,Casco de vaca (Bauhinia picta) | Carbonero flor roja (Calliandra haematocephala),Morales y Varón (2013); AMVA y UNAL (2014)
15471,Guayabal,1,0.749,AsocioMovilidad,Antejardin,Grama,407.17,0.0407,Calliandra haematocephala,Carbonero flor roja,5,8.5,Media,Ninguna,Morales y Varón (2013); AMVA y UNAL (2014)
20494,Guayabal,1,0.749,AsocioMovilidad,OrejaPuente,Grama,1300.93,0.1301,Zygia longifolia,Suribio,5,16.0,Alta,Casco de vaca (Bauhinia picta),Morales y Varón (2013); AMVA y UNAL (2014)
18549,Guayabal,1,0.749,AsocioUrbanistico,RetiroQuebradas,Grama,1376.29,0.1376,Zygia longifolia,Suribio,5,16.0,Alta,Casco de vaca (Bauhinia picta) | Guamo machete (Inga densiflora),Morales y Varón (2013); AMVA y UNAL (2014)
18314,Guayabal,1,0.749,AsocioEP,ParqueRec,Grama,1458.68,0.1459,Zygia longifolia,Suribio,5,16.0,Alta,Casco de vaca (Bauhinia picta) | Guamo machete (Inga densiflora),Morales y Varón (2013); AMVA y UNAL (2014)
18613,Guayabal,1,0.749,AsocioMovilidad,Separador,Grama,1437.57,0.1438,Zygia longifolia,Suribio,5,16.0,Alta,Casco de vaca (Bauhinia picta) | Carbonero flor roja (Calliandra haematocephala),Morales y Varón (2013); AMVA y UNAL (2014)
18382,Guayabal,1,0.749,AsocioUrbanistico,RetiroQuebradas,Grama,1420.42,0.142,Zygia longifolia,Suribio,5,16.0,Alta,Casco de vaca (Bauhinia picta) | Guamo machete (Inga densiflora),Morales y Varón (2013); AMVA y UNAL (2014)
18477,Guayabal,1,0.749,AsocioEP,ZVRecreacional,Grama,1304.15,0.1304,Zygia longifolia,Suribio,5,16.0,Alta,Casco de vaca (Bauhinia picta) | Guamo machete (Inga densiflora),Morales y Varón (2013); AMVA y UNAL (2014)
18866,Guayabal,1,0.749,AsocioMovilidad,Antejardin,Grama,410.31,0.041,Calliandra haematocephala,Carbonero flor roja,5,8.5,Media,Ninguna,Morales y Varón (2013); AMVA y UNAL (2014)
19456,Guayabal,1,0.749,AsocioMovilidad,Separador,Grama,1455.72,0.1456,Zygia longifolia,Suribio,5,16.0,Alta,Casco de vaca (Bauhinia picta) | Carbonero flor roja (Calliandra haematocephala),Morales y Varón (2013); AMVA y UNAL (2014)
24222,Guayabal,1,0.749,AsocioMovilidad,Glorieta,Grama,1343.42,0.1343,Zygia longifolia,Suribio,5,16.0,Alta,Casco de vaca (Bauhinia picta) | Carbonero flor roja (Calliandra haematocephala),Morales y Varón (2013); AMVA y UNAL (2014)
20713,Guayabal,1,0.749,AsocioMovilidad,Separador,Grama,1347.88,0.1348,Zygia longifolia,Suribio,5,16.0,Alta,Casco de vaca (Bauhinia picta) | Carbonero flor roja (Calliandra haematocephala),Morales y Varón (2013); AMVA y UNAL (2014)
20714,Guayabal,1,0.749,AsocioMovilidad,Separador,Grama,1507.33,0.1507,Zygia longifolia,Suribio,5,16.0,Alta,Casco de vaca (Bauhinia picta) | Carbonero flor roja (Calliandra haematocephala),Morales y Varón (2013); AMVA y UNAL (2014)
21528,Guayabal,1,0.749,AsocioMovilidad,FranjaAmoblamiento,Grama,1428.6,0.1429,Zygia longifolia,Suribio,5,16.0,Alta,Casco de vaca (Bauhinia picta) | Carbonero flor roja (Calliandra haematocephala),Morales y Varón (2013); AMVA y UNAL (2014)
24857,Guayabal,1,0.749,AsocioMovilidad,Separador,Grama,1293.06,0.1293,Zygia longifolia,Suribio,5,16.0,Alta,Casco de vaca (Bauhinia picta) | Carbonero flor roja (Calliandra haematocephala),Morales y Varón (2013); AMVA y UNAL (2014)
24496,Guayabal,1,0.749,AsocioUrbanistico,RetiroQuebradas,Grama,1297.9,0.1298,Zygia longifolia,Suribio,5,16.0,Alta,Casco de vaca (Bauhinia picta) | Guamo machete (Inga densiflora),Morales y Varón (2013); AMVA y UNAL (2014)
14758,Guayabal,1,0.749,AsocioEP,ZVRecreacional,Grama,1367.08,0.1367,Zygia longifolia,Suribio,5,16.0,Alta,Casco de vaca (Bauhinia picta) | Guamo machete (Inga densiflora),Morales y Varón (2013); AMVA y UNAL (2014)
7311,Guayabal,1,0.749,AsocioMovilidad,FranjaAmoblamiento,Grama,1074.7,0.1075,Zygia longifolia,Suribio,4,16.0,Alta,Casco de vaca (Bauhinia picta) | Carbonero flor roja (Calliandra haematocephala),Morales y Varón (2013); AMVA y UNAL (2014)
14764,Guayabal,1,0.749,AsocioEP,ZVRecreacional,Grama,1086.94,0.1087,Zygia longifolia,Suribio,4,16.0,Alta,Casco de vaca (Bauhinia picta) | Guamo machete (Inga densiflora),Morales y Varón (2013); AMVA y UNAL (2014)
14726,Guayabal,1,0.749,AsocioEP,ZVRecreacional,Grama,1032.59,0.1033,Zygia longifolia,Suribio,4,16.0,Alta,Casco de vaca (Bauhinia picta) | Guamo machete (Inga densiflora),Morales y Varón (2013); AMVA y UNAL (2014)
14735,Guayabal,1,0.749,AsocioEP,ZVRecreacional,Grama,1215.61,0.1216,Zygia longifolia,Suribio,4,16.0,Alta,Casco de vaca (Bauhinia picta) | Guamo machete (Inga densiflora),Morales y Varón (2013); AMVA y UNAL (2014)
15472,Guayabal,1,0.749,AsocioMovilidad,Antejardin,Grama,303.11,0.0303,Calliandra haematocephala,Carbonero flor roja,4,8.5,Media,Ninguna,Morales y Varón (2013); AMVA y UNAL (2014)
15932,Guayabal,1,0.749,AsocioMovilidad,Antejardin,Grama,334.26,0.0334,Calliandra haematocephala,Carbonero flor roja,4,8.5,Media,Ninguna,Morales y Varón (2013); AMVA y UNAL (2014)
18117,Guayabal,1,0.749,AsocioMovilidad,Antejardin,Grama,319.98,0.032,Calliandra haematocephala,Carbonero flor roja,4,8.5,Media,Ninguna,Morales y Varón (2013); AMVA y UNAL (2014)
21223,Guayabal,1,0.749,AsocioEP,ZVRecreacional,Grama,1107.59,0.1108,Zygia longifolia,Suribio,4,16.0,Alta,Casco de vaca (Bauhinia picta) | Guamo machete (Inga densiflora),Morales y Varón (2013); AMVA y UNAL (2014)
18810,Guayabal,1,0.749,AsocioMovilidad,Antejardin,Grama,334.95,0.0335,Calliandra haematocephala,Carbonero flor roja,4,8.5,Media,Ninguna,Morales y Varón (2013); AMVA y UNAL (2014)
19295,Guayabal,1,0.749,AsocioEP,ParqueRec,Grama,1176.79,0.1177,Zygia longifolia,Suribio,4,16.0,Alta,Casco de vaca (Bauhinia picta) | Guamo machete (Inga densiflora),Morales y Varón (2013); AMVA y UNAL (2014)
20694,Guayabal,1,0.749,AsocioEP,ZVRecreacional,Grama,1191.63,0.1192,Zygia longifolia,Suribio,4,16.0,Alta,Casco de vaca (Bauhinia picta) | Guamo machete (Inga densiflora),Morales y Varón (2013); AMVA y UNAL (2014)
21565,Guayabal,1,0.749,AsocioMovilidad,Antejardin,Grama,334.31,0.0334,Calliandra haematocephala,Carbonero flor roja,4,8.5,Media,Ninguna,Morales y Varón (2013); AMVA y UNAL (2014)
24306,Guayabal,1,0.749,AsocioMovilidad,Antejardin,Grama,299.74,0.03,Calliandra haematocephala,Carbonero flor roja,4,8.5,Media,Ninguna,Morales y Varón (2013); AMVA y UNAL (2014)
22172,Guayabal,1,0.749,AsocioMovilidad,Separador,Grama,1261.24,0.1261,Zygia longifolia,Suribio,4,16.0,Alta,Casco de vaca (Bauhinia picta) | Carbonero flor roja (Calliandra haematocephala),Morales y Varón (2013); AMVA y UNAL (2014)
23198,Guayabal,1,0.749,AsocioUrbanistico,RetiroQuebradas,Grama,1275.05,0.1275,Zygia longifolia,Suribio,4,16.0,Alta,Casco de vaca (Bauhinia picta) | Guamo machete (Inga densiflora),Morales y Varón (2013); AMVA y UNAL (2014)
23200,Guayabal,1,0.749,AsocioUrbanistico,RetiroQuebradas,Grama,1153.44,0.1153,Zygia longifolia,Suribio,4,16.0,Alta,Casco de vaca (Bauhinia picta) | Guamo machete (Inga densiflora),Morales y Varón (2013); AMVA y UNAL (2014)
24495,Guayabal,1,0.749,AsocioUrbanistico,RetiroQuebradas,Grama,1162.57,0.1163,Zygia longifolia,Suribio,4,16.0,Alta,Casco de vaca (Bauhinia picta) | Guamo machete (Inga densiflora),Morales y Varón (2013); AMVA y UNAL (2014)
6636,Guayabal,1,0.749,AsocioEP,ZVRecreacional,Grama,1136.81,0.1137,Zygia longifolia,Suribio,4,16.0,Alta,Casco de vaca (Bauhinia picta) | Guamo machete (Inga densiflora),Morales y Varón (2013); AMVA y UNAL (2014)
1104,Guayabal,1,0.749,AsocioMovilidad,FranjaAmoblamiento,Grama,800.35,0.08,Zygia longifolia,Suribio,3,16.0,Alta,Casco de vaca (Bauhinia picta) | Carbonero flor roja (Calliandra haematocephala),Morales y Varón (2013); AMVA y UNAL (2014)
2702,Guayabal,1,0.749,AsocioUrbanistico,RetiroQuebradas,Grama,921.4,0.0921,Zygia longifolia,Suribio,3,16.0,Alta,Casco de vaca (Bauhinia picta) | Guamo machete (Inga densiflora),Morales y Varón (2013); AMVA y UNAL (2014)
6687,Guayabal,1,0.749,AsocioEP,ZVRecreacional,Grama,876.61,0.0877,Zygia longifolia,Suribio,3,16.0,Alta,Casco de vaca (Bauhinia picta) | Guamo machete (Inga densiflora),Morales y Varón (2013); AMVA y UNAL (2014)
6856,Guayabal,1,0.749,AsocioMovilidad,Antejardin,Grama,232.29,0.0232,Calliandra haematocephala,Carbonero flor roja,3,8.5,Media,Ninguna,Morales y Varón (2013); AMVA y UNAL (2014)
7720,Guayabal,1,0.749,AsocioMovilidad,OrejaPuente,Grama,921.6,0.0922,Zygia longifolia,Suribio,3,16.0,Alta,Casco de vaca (Bauhinia picta),Morales y Varón (2013); AMVA y UNAL (2014)
7721,Guayabal,1,0.749,AsocioMovilidad,Separador,Grama,951.52,0.0952,Zygia longifolia,Suribio,3,16.0,Alta,Casco de vaca (Bauhinia picta) | Carbonero flor roja (Calliandra haematocephala),Morales y Varón (2013); AMVA y UNAL (2014)
12830,Guayabal,1,0.749,AsocioEP,ParqueCiv,Tierra,783.64,0.0784,Zygia longifolia,Suribio,3,16.0,Alta,Casco de vaca (Bauhinia picta) | Carbonero flor roja (Calliandra haematocephala),Morales y Varón (2013); AMVA y UNAL (2014)
14717,Guayabal,1,0.749,AsocioEP,ZVRecreacional,Grama,809.44,0.0809,Zygia longifolia,Suribio,3,16.0,Alta,Casco de vaca (Bauhinia picta) | Guamo machete (Inga densiflora),Morales y Varón (2013); AMVA y UNAL (2014)
17177,Guayabal,1,0.749,AsocioMovilidad,OrejaPuente,Grama,1002.15,0.1002,Zygia longifolia,Suribio,3,16.0,Alta,Casco de vaca (Bauhinia picta),Morales y Varón (2013); AMVA y UNAL (2014)
13391,Guayabal,1,0.749,AsocioUrbanistico,RetiroQuebradas,Grama,804.43,0.0804,Zygia longifolia,Suribio,3,16.0,Alta,Casco de vaca (Bauhinia picta) | Guamo machete (Inga densiflora),Morales y Varón (2013); AMVA y UNAL (2014)
13851,Guayabal,1,0.749,AsocioMovilidad,FranjaAmoblamiento,Grama,846.48,0.0846,Zygia longifolia,Suribio,3,16.0,Alta,Casco de vaca (Bauhinia picta) | Carbonero flor roja (Calliandra haematocephala),Morales y Varón (2013); AMVA y UNAL (2014)
14734,Guayabal,1,0.749,AsocioEP,ZVRecreacional,Grama,896.51,0.0897,Zygia longifolia,Suribio,3,16.0,Alta,Casco de vaca (Bauhinia picta) | Guamo machete (Inga densiflora),Morales y Varón (2013); AMVA y UNAL (2014)
15635,Guayabal,1,0.749,AsocioMovilidad,Antejardin,Grama,278.28,0.0278,Calliandra haematocephala,Carbonero flor roja,3,8.5,Media,Ninguna,Morales y Varón (2013); AMVA y UNAL (2014)
15846,Guayabal,1,0.749,AsocioMovilidad,Antejardin,Grama,263.16,0.0263,Calliandra haematocephala,Carbonero flor roja,3,8.5,Media,Ninguna,Morales y Varón (2013); AMVA y UNAL (2014)
16281,Guayabal,1,0.749,AsocioEP,ParqueRec,Grama,907.36,0.0907,Zygia longifolia,Suribio,3,16.0,Alta,Casco de vaca (Bauhinia picta) | Guamo machete (Inga densiflora),Morales y Varón (2013); AMVA y UNAL (2014)
17142,Guayabal,1,0.749,AsocioMovilidad,OrejaPuente,Grama,789.14,0.0789,Zygia longifolia,Suribio,3,16.0,Alta,Casco de vaca (Bauhinia picta),Morales y Varón (2013); AMVA y UNAL (2014)
22941,Guayabal,1,0.749,AsocioMovilidad,Separador,Grama,969.54,0.097,Zygia longifolia,Suribio,3,16.0,Alta,Casco de vaca (Bauhinia picta) | Carbonero flor roja (Calliandra haematocephala),Morales y Varón (2013); AMVA y UNAL (2014)
17503,Guayabal,1,0.749,AsocioMovilidad,Separador,Grama,881.47,0.0881,Zygia longifolia,Suribio,3,16.0,Alta,Casco de vaca (Bauhinia picta) | Carbonero flor roja (Calliandra haematocephala),Morales y Varón (2013); AMVA y UNAL (2014)
21218,Guayabal,1,0.749,AsocioEP,ZVRecreacional,Grama,803.79,0.0804,Zygia longifolia,Suribio,3,16.0,Alta,Casco de vaca (Bauhinia picta) | Guamo machete (Inga densiflora),Morales y Varón (2013); AMVA y UNAL (2014)
18752,Guayabal,1,0.749,AsocioEP,ParqueRec,Grama,804.64,0.0805,Zygia longifolia,Suribio,3,16.0,Alta,Casco de vaca (Bauhinia picta) | Guamo machete (Inga densiflora),Morales y Varón (2013); AMVA y UNAL (2014)
20696,Guayabal,1,0.749,AsocioMovilidad,Antejardin,Grama,285.3,0.0285,Calliandra haematocephala,Carbonero flor roja,3,8.5,Media,Ninguna,Morales y Varón (2013); AMVA y UNAL (2014)
20697,Guayabal,1,0.749,AsocioMovilidad,Antejardin,Grama,266.81,0.0267,Calliandra haematocephala,Carbonero flor roja,3,8.5,Media,Ninguna,Morales y Varón (2013); AMVA y UNAL (2014)
21171,Guayabal,1,0.749,AsocioMovilidad,Antejardin,Grama,233.12,0.0233,Calliandra haematocephala,Carbonero flor roja,3,8.5,Media,Ninguna,Morales y Varón (2013); AMVA y UNAL (2014)
21527,Guayabal,1,0.749,AsocioMovilidad,Antejardin,Grama,268.23,0.0268,Calliandra haematocephala,Carbonero flor roja,3,8.5,Media,Ninguna,Morales y Varón (2013); AMVA y UNAL (2014)
24754,Guayabal,1,0.749,AsocioUrbanistico,RetiroQuebradas,Grama,993.1,0.0993,Zygia longifolia,Suribio,3,16.0,Alta,Casco de vaca (Bauhinia picta) | Guamo machete (Inga densiflora),Morales y Varón (2013); AMVA y UNAL (2014)
24501,Guayabal,1,0.749,AsocioMovilidad,Antejardin,Grama,268.12,0.0268,Calliandra haematocephala,Carbonero flor roja,3,8.5,Media,Ninguna,Morales y Varón (2013); AMVA y UNAL (2014)
24511,Guayabal,1,0.749,AsocioMovilidad,Antejardin,Grama,227.18,0.0227,Calliandra haematocephala,Carbonero flor roja,3,8.5,Media,Ninguna,Morales y Varón (2013); AMVA y UNAL (2014)
24764,Guayabal,1,0.749,AsocioMovilidad,Separador,Grama,1018.71,0.1019,Zygia longifolia,Suribio,3,16.0,Alta,Casco de vaca (Bauhinia picta) | Carbonero flor roja (Calliandra haematocephala),Morales y Varón (2013); AMVA y UNAL (2014)
24782,Guayabal,1,0.749,AsocioMovilidad,FranjaAmoblamiento,Grama,789.19,0.0789,Zygia longifolia,Suribio,3,16.0,Alta,Casco de vaca (Bauhinia picta) | Carbonero flor roja (Calliandra haematocephala),Morales y Varón (2013); AMVA y UNAL (2014)
24788,Guayabal,1,0.749,AsocioMovilidad,Antejardin,Grama,274.77,0.0275,Calliandra haematocephala,Carbonero flor roja,3,8.5,Media,Ninguna,Morales y Varón (2013); AMVA y UNAL (2014)
2672,Guayabal,1,0.749,AsocioMovilidad,FranjaAmoblamiento,Grama,606.88,0.0607,Zygia longifolia,Suribio,2,16.0,Alta,Casco de vaca (Bauhinia picta) | Carbonero flor roja (Calliandra haematocephala),Morales y Varón (2013); AMVA y UNAL (2014)
1105,Guayabal,1,0.749,AsocioMovilidad,FranjaAmoblamiento,Grama,575.47,0.0575,Zygia longifolia,Suribio,2,16.0,Alta,Casco de vaca (Bauhinia picta) | Carbonero flor roja (Calliandra haematocephala),Morales y Varón (2013); AMVA y UNAL (2014)
6790,Guayabal,1,0.749,AsocioMovilidad,Antejardin,Grama,166.04,0.0166,Calliandra haematocephala,Carbonero flor roja,2,8.5,Media,Ninguna,Morales y Varón (2013); AMVA y UNAL (2014)
6842,Guayabal,1,0.749,AsocioMovilidad,Antejardin,Grama,215.49,0.0215,Calliandra haematocephala,Carbonero flor roja,2,8.5,Media,Ninguna,Morales y Varón (2013); AMVA y UNAL (2014)
5533,Guayabal,1,0.749,AsocioEP,ParqueRec,Grama,741.33,0.0741,Zygia longifolia,Suribio,2,16.0,Alta,Casco de vaca (Bauhinia picta) | Guamo machete (Inga densiflora),Morales y Varón (2013); AMVA y UNAL (2014)
6648,Guayabal,1,0.749,AsocioMovilidad,Antejardin,Tierra,164.98,0.0165,Calliandra haematocephala,Carbonero flor roja,2,8.5,Media,Ninguna,Morales y Varón (2013); AMVA y UNAL (2014)
6690,Guayabal,1,0.749,AsocioMovilidad,FranjaAmoblamiento,Grama,587.21,0.0587,Zygia longifolia,Suribio,2,16.0,Alta,Casco de vaca (Bauhinia picta) | Carbonero flor roja (Calliandra haematocephala),Morales y Varón (2013); AMVA y UNAL (2014)
6754,Guayabal,1,0.749,AsocioMovilidad,Antejardin,Grama,151.05,0.0151,Calliandra haematocephala,Carbonero flor roja,2,8.5,Media,Ninguna,Morales y Varón (2013); AMVA y UNAL (2014)
6819,Guayabal,1,0.749,AsocioMovilidad,Separador,Grama,637.48,0.0637,Zygia longifolia,Suribio,2,16.0,Alta,Casco de vaca (Bauhinia picta) | Carbonero flor roja (Calliandra haematocephala),Morales y Varón (2013); AMVA y UNAL (2014)
7582,Guayabal,1,0.749,AsocioUrbanistico,RetiroQuebradas,Grama,755.93,0.0756,Zygia longifolia,Suribio,2,16.0,Alta,Casco de vaca (Bauhinia picta) | Guamo machete (Inga densiflora),Morales y Varón (2013); AMVA y UNAL (2014)
9265,Guayabal,1,0.749,AsocioMovilidad,Antejardin,Grama,205.74,0.0206,Calliandra haematocephala,Carbonero flor roja,2,8.5,Media,Ninguna,Morales y Varón (2013); AMVA y UNAL (2014)
14969,Guayabal,1,0.749,AsocioMovilidad,Antejardin,Grama,192.93,0.0193,Calliandra haematocephala,Carbonero flor roja,2,8.5,Media,Ninguna,Morales y Varón (2013); AMVA y UNAL (2014)
13968,Guayabal,1,0.749,AsocioMovilidad,Antejardin,Grama,169.05,0.0169,Calliandra haematocephala,Carbonero flor roja,2,8.5,Media,Ninguna,Morales y Varón (2013); AMVA y UNAL (2014)
14139,Guayabal,1,0.749,AsocioMovilidad,FranjaAmoblamiento,Grama,759.13,0.0759,Zygia longifolia,Suribio,2,16.0,Alta,Casco de vaca (Bauhinia picta) | Carbonero flor roja (Calliandra haematocephala),Morales y Varón (2013); AMVA y UNAL (2014)
14733,Guayabal,1,0.749,AsocioEP,ZVRecreacional,Grama,578.98,0.0579,Zygia longifolia,Suribio,2,16.0,Alta,Casco de vaca (Bauhinia picta) | Guamo machete (Inga densiflora),Morales y Varón (2013); AMVA y UNAL (2014)
14852,Guayabal,1,0.749,AsocioUrbanistico,RetiroQuebradas,Tierra,517.94,0.0518,Zygia longifolia,Suribio,2,16.0,Alta,Casco de vaca (Bauhinia picta) | Guamo machete (Inga densiflora),Morales y Varón (2013); AMVA y UNAL (2014)
15025,Guayabal,1,0.749,AsocioMovilidad,Separador,Grama,587.43,0.0587,Zygia longifolia,Suribio,2,16.0,Alta,Casco de vaca (Bauhinia picta) | Carbonero flor roja (Calliandra haematocephala),Morales y Varón (2013); AMVA y UNAL (2014)
20493,Guayabal,1,0.749,AsocioMovilidad,OrejaPuente,Grama,525.99,0.0526,Zygia longifolia,Suribio,2,16.0,Alta,Casco de vaca (Bauhinia picta),Morales y Varón (2013); AMVA y UNAL (2014)
18550,Guayabal,1,0.749,AsocioUrbanistico,RetiroQuebradas,Grama,721.09,0.0721,Zygia longifolia,Suribio,2,16.0,Alta,Casco de vaca (Bauhinia picta) | Guamo machete (Inga densiflora),Morales y Varón (2013); AMVA y UNAL (2014)
18551,Guayabal,1,0.749,AsocioUrbanistico,RetiroQuebradas,Grama,641.48,0.0641,Zygia longifolia,Suribio,2,16.0,Alta,Casco de vaca (Bauhinia picta) | Guamo machete (Inga densiflora),Morales y Varón (2013); AMVA y UNAL (2014)
18552,Guayabal,1,0.749,AsocioEP,ParqueRec,Grama,749.34,0.0749,Zygia longifolia,Suribio,2,16.0,Alta,Casco de vaca (Bauhinia picta) | Guamo machete (Inga densiflora),Morales y Varón (2013); AMVA y UNAL (2014)
16276,Guayabal,1,0.749,AsocioMovilidad,Separador,Tierra,717.23,0.0717,Zygia longifolia,Suribio,2,16.0,Alta,Casco de vaca (Bauhinia picta) | Carbonero flor roja (Calliandra haematocephala),Morales y Varón (2013); AMVA y UNAL (2014)
18620,Guayabal,1,0.749,AsocioMovilidad,Antejardin,Grama,209.41,0.0209,Calliandra haematocephala,Carbonero flor roja,2,8.5,Media,Ninguna,Morales y Varón (2013); AMVA y UNAL (2014)
19077,Guayabal,1,0.749,AsocioMovilidad,Antejardin,Grama,173.24,0.0173,Calliandra haematocephala,Carbonero flor roja,2,8.5,Media,Ninguna,Morales y Varón (2013); AMVA y UNAL (2014)
17147,Guayabal,1,0.749,AsocioMovilidad,OrejaPuente,Grama,714.03,0.0714,Zygia longifolia,Suribio,2,16.0,Alta,Casco de vaca (Bauhinia picta),Morales y Varón (2013); AMVA y UNAL (2014)
17151,Guayabal,1,0.749,AsocioMovilidad,Separador,Grama,595.93,0.0596,Zygia longifolia,Suribio,2,16.0,Alta,Casco de vaca (Bauhinia picta) | Carbonero flor roja (Calliandra haematocephala),Morales y Varón (2013); AMVA y UNAL (2014)
17407,Guayabal,1,0.749,AsocioMovilidad,Antejardin,Grama,159.37,0.0159,Calliandra haematocephala,Carbonero flor roja,2,8.5,Media,Ninguna,Morales y Varón (2013); AMVA y UNAL (2014)
17975,Guayabal,1,0.749,AsocioEP,ParqueRec,Grama,609.85,0.061,Zygia longifolia,Suribio,2,16.0,Alta,Casco de vaca (Bauhinia picta) | Guamo machete (Inga densiflora),Morales y Varón (2013); AMVA y UNAL (2014)
19330,Guayabal,1,0.749,AsocioEP,ParqueRec,Grama,682.66,0.0683,Zygia longifolia,Suribio,2,16.0,Alta,Casco de vaca (Bauhinia picta) | Guamo machete (Inga densiflora),Morales y Varón (2013); AMVA y UNAL (2014)
18864,Guayabal,1,0.749,AsocioMovilidad,FranjaAmoblamiento,Grama,512.74,0.0513,Zygia longifolia,Suribio,2,16.0,Alta,Casco de vaca (Bauhinia picta) | Carbonero flor roja (Calliandra haematocephala),Morales y Varón (2013); AMVA y UNAL (2014)
19236,Guayabal,1,0.749,AsocioMovilidad,Separador,Grama,514.08,0.0514,Zygia longifolia,Suribio,2,16.0,Alta,Casco de vaca (Bauhinia picta) | Carbonero flor roja (Calliandra haematocephala),Morales y Varón (2013); AMVA y UNAL (2014)
21221,Guayabal,1,0.749,AsocioEP,ZVRecreacional,Grama,701.5,0.0702,Zygia longifolia,Suribio,2,16.0,Alta,Casco de vaca (Bauhinia picta) | Guamo machete (Inga densiflora),Morales y Varón (2013); AMVA y UNAL (2014)
18749,Guayabal,1,0.749,AsocioEP,ParqueRec,Grama,729.84,0.073,Zygia longifolia,Suribio,2,16.0,Alta,Casco de vaca (Bauhinia picta) | Guamo machete (Inga densiflora),Morales y Varón (2013); AMVA y UNAL (2014)
18754,Guayabal,1,0.749,AsocioUrbanistico,RetiroQuebradas,Grama,767.52,0.0768,Zygia longifolia,Suribio,2,16.0,Alta,Casco de vaca (Bauhinia picta) | Guamo machete (Inga densiflora),Morales y Varón (2013); AMVA y UNAL (2014)
18887,Guayabal,1,0.749,AsocioMovilidad,Antejardin,Tierra,173.0,0.0173,Calliandra haematocephala,Carbonero flor roja,2,8.5,Media,Ninguna,Morales y Varón (2013); AMVA y UNAL (2014)
19207,Guayabal,1,0.749,AsocioUrbanistico,RetiroQuebradas,Grama,593.44,0.0593,Zygia longifolia,Suribio,2,16.0,Alta,Casco de vaca (Bauhinia picta) | Guamo machete (Inga densiflora),Morales y Varón (2013); AMVA y UNAL (2014)
19237,Guayabal,1,0.749,AsocioMovilidad,Separador,Grama,750.25,0.075,Zygia longifolia,Suribio,2,16.0,Alta,Casco de vaca (Bauhinia picta) | Carbonero flor roja (Calliandra haematocephala),Morales y Varón (2013); AMVA y UNAL (2014)
23016,Guayabal,1,0.749,AsocioEP,ZVRecreacional,Grama,664.93,0.0665,Zygia longifolia,Suribio,2,16.0,Alta,Casco de vaca (Bauhinia picta) | Guamo machete (Inga densiflora),Morales y Varón (2013); AMVA y UNAL (2014)
19793,Guayabal,1,0.749,AsocioMovilidad,FranjaAmoblamiento,Grama,524.62,0.0525,Zygia longifolia,Suribio,2,16.0,Alta,Casco de vaca (Bauhinia picta) | Carbonero flor roja (Calliandra haematocephala),Morales y Varón (2013); AMVA y UNAL (2014)
19796,Guayabal,1,0.749,AsocioMovilidad,FranjaAmoblamiento,Grama,608.19,0.0608,Zygia longifolia,Suribio,2,16.0,Alta,Casco de vaca (Bauhinia picta) | Carbonero flor roja (Calliandra haematocephala),Morales y Varón (2013); AMVA y UNAL (2014)
20698,Guayabal,1,0.749,AsocioMovilidad,Antejardin,Grama,209.35,0.0209,Calliandra haematocephala,Carbonero flor roja,2,8.5,Media,Ninguna,Morales y Varón (2013); AMVA y UNAL (2014)
20700,Guayabal,1,0.749,AsocioMovilidad,FranjaAmoblamiento,Grama,644.93,0.0645,Zygia longifolia,Suribio,2,16.0,Alta,Casco de vaca (Bauhinia picta) | Carbonero flor roja (Calliandra haematocephala),Morales y Varón (2013); AMVA y UNAL (2014)
20701,Guayabal,1,0.749,AsocioMovilidad,Antejardin,Grama,180.95,0.0181,Calliandra haematocephala,Carbonero flor roja,2,8.5,Media,Ninguna,Morales y Varón (2013); AMVA y UNAL (2014)
20715,Guayabal,1,0.749,AsocioMovilidad,Separador,Grama,522.16,0.0522,Zygia longifolia,Suribio,2,16.0,Alta,Casco de vaca (Bauhinia picta) | Carbonero flor roja (Calliandra haematocephala),Morales y Varón (2013); AMVA y UNAL (2014)
23279,Guayabal,1,0.749,AsocioMovilidad,Antejardin,Grama,199.37,0.0199,Calliandra haematocephala,Carbonero flor roja,2,8.5,Media,Ninguna,Morales y Varón (2013); AMVA y UNAL (2014)
24515,Guayabal,1,0.749,AsocioEP,ZVRecreacional,Grama,670.25,0.067,Zygia longifolia,Suribio,2,16.0,Alta,Casco de vaca (Bauhinia picta) | Guamo machete (Inga densiflora),Morales y Varón (2013); AMVA y UNAL (2014)
21173,Guayabal,1,0.749,AsocioMovilidad,Antejardin,Grama,212.53,0.0213,Calliandra haematocephala,Carbonero flor roja,2,8.5,Media,Ninguna,Morales y Varón (2013); AMVA y UNAL (2014)
21533,Guayabal,1,0.749,AsocioEP,EcoparqueQuebrada,Grama,711.35,0.0711,Zygia longifolia,Suribio,2,16.0,Alta,Casco de vaca (Bauhinia picta) | Guamo machete (Inga densiflora),Morales y Varón (2013); AMVA y UNAL (2014)
24860,Guayabal,1,0.749,AsocioMovilidad,Antejardin,Grama,204.75,0.0205,Calliandra haematocephala,Carbonero flor roja,2,8.5,Media,Ninguna,Morales y Varón (2013); AMVA y UNAL (2014)
22179,Guayabal,1,0.749,AsocioEP,ParqueRec,Grama,535.37,0.0535,Zygia longifolia,Suribio,2,16.0,Alta,Casco de vaca (Bauhinia picta) | Guamo machete (Inga densiflora),Morales y Varón (2013); AMVA y UNAL (2014)
22282,Guayabal,1,0.749,AsocioMovilidad,Antejardin,Grama,156.19,0.0156,Calliandra haematocephala,Carbonero flor roja,2,8.5,Media,Ninguna,Morales y Varón (2013); AMVA y UNAL (2014)
24252,Guayabal,1,0.749,AsocioEP,ZVRecreacional,Grama,612.67,0.0613,Zygia longifolia,Suribio,2,16.0,Alta,Casco de vaca (Bauhinia picta) | Guamo machete (Inga densiflora),Morales y Varón (2013); AMVA y UNAL (2014)
24253,Guayabal,1,0.749,AsocioEP,ZVRecreacional,Grama,676.36,0.0676,Zygia longifolia,Suribio,2,16.0,Alta,Casco de vaca (Bauhinia picta) | Guamo machete (Inga densiflora),Morales y Varón (2013); AMVA y UNAL (2014)
24414,Guayabal,1,0.749,AsocioMovilidad,Antejardin,Grama,195.04,0.0195,Calliandra haematocephala,Carbonero flor roja,2,8.5,Media,Ninguna,Morales y Varón (2013); AMVA y UNAL (2014)
24328,Guayabal,1,0.749,AsocioMovilidad,Separador,Grama,553.99,0.0554,Zygia longifolia,Suribio,2,16.0,Alta,Casco de vaca (Bauhinia picta) | Carbonero flor roja (Calliandra haematocephala),Morales y Varón (2013); AMVA y UNAL (2014)
24357,Guayabal,1,0.749,AsocioMovilidad,Antejardin,Grama,164.3,0.0164,Calliandra haematocephala,Carbonero flor roja,2,8.5,Media,Ninguna,Morales y Varón (2013); AMVA y UNAL (2014)
14759,Guayabal,1,0.749,AsocioEP,ZVRecreacional,Grama,670.32,0.067,Zygia longifolia,Suribio,2,16.0,Alta,Casco de vaca (Bauhinia picta) | Guamo machete (Inga densiflora),Morales y Varón (2013); AMVA y UNAL (2014)
2658,Guayabal,1,0.749,AsocioMovilidad,FranjaAmoblamiento,Grama,427.03,0.0427,Zygia longifolia,Suribio,1,16.0,Alta,Casco de vaca (Bauhinia picta) | Carbonero flor roja (Calliandra haematocephala),Morales y Varón (2013); AMVA y UNAL (2014)
2659,Guayabal,1,0.749,AsocioMovilidad,FranjaAmoblamiento,Grama,365.86,0.0366,Zygia longifolia,Suribio,1,16.0,Alta,Casco de vaca (Bauhinia picta) | Carbonero flor roja (Calliandra haematocephala),Morales y Varón (2013); AMVA y UNAL (2014)
2701,Guayabal,1,0.749,AsocioMovilidad,Separador,Grama,334.7,0.0335,Zygia longifolia,Suribio,1,16.0,Alta,Casco de vaca (Bauhinia picta) | Carbonero flor roja (Calliandra haematocephala),Morales y Varón (2013); AMVA y UNAL (2014)
6797,Guayabal,1,0.749,AsocioEP,ZVRecreacional,Grama,267.72,0.0268,Zygia longifolia,Suribio,1,16.0,Alta,Casco de vaca (Bauhinia picta) | Guamo machete (Inga densiflora),Morales y Varón (2013); AMVA y UNAL (2014)
49032,Guayabal,1,0.749,AsocioEP,ParqueRec,Grama,312.9,0.0313,Zygia longifolia,Suribio,1,16.0,Alta,Casco de vaca (Bauhinia picta) | Guamo machete (Inga densiflora),Morales y Varón (2013); AMVA y UNAL (2014)
5124,Guayabal,1,0.749,AsocioMovilidad,Separador,Grama,320.09,0.032,Zygia longifolia,Suribio,1,16.0,Alta,Casco de vaca (Bauhinia picta) | Carbonero flor roja (Calliandra haematocephala),Morales y Varón (2013); AMVA y UNAL (2014)
5530,Guayabal,1,0.749,AsocioEP,ParqueRec,Grama,260.75,0.0261,Zygia longifolia,Suribio,1,16.0,Alta,Casco de vaca (Bauhinia picta) | Guamo machete (Inga densiflora),Morales y Varón (2013); AMVA y UNAL (2014)
5531,Guayabal,1,0.749,AsocioEP,ParqueRec,Grama,395.87,0.0396,Zygia longifolia,Suribio,1,16.0,Alta,Casco de vaca (Bauhinia picta) | Guamo machete (Inga densiflora),Morales y Varón (2013); AMVA y UNAL (2014)
6874,Guayabal,1,0.749,AsocioMovilidad,Antejardin,Grama,82.56,0.0083,Calliandra haematocephala,Carbonero flor roja,1,8.5,Media,Ninguna,Morales y Varón (2013); AMVA y UNAL (2014)
6404,Guayabal,1,0.749,AsocioMovilidad,Antejardin,Grama,90.76,0.0091,Calliandra haematocephala,Carbonero flor roja,1,8.5,Media,Ninguna,Morales y Varón (2013); AMVA y UNAL (2014)
6696,Guayabal,1,0.749,AsocioMovilidad,FranjaAmoblamiento,Grama,471.77,0.0472,Zygia longifolia,Suribio,1,16.0,Alta,Casco de vaca (Bauhinia picta) | Carbonero flor roja (Calliandra haematocephala),Morales y Varón (2013); AMVA y UNAL (2014)
6700,Guayabal,1,0.749,AsocioEP,ZVRecreacional,Grama,437.11,0.0437,Zygia longifolia,Suribio,1,16.0,Alta,Casco de vaca (Bauhinia picta) | Guamo machete (Inga densiflora),Morales y Varón (2013); AMVA y UNAL (2014)
6691,Guayabal,1,0.749,AsocioMovilidad,FranjaAmoblamiento,Grama,433.76,0.0434,Zygia longifolia,Suribio,1,16.0,Alta,Casco de vaca (Bauhinia picta) | Carbonero flor roja (Calliandra haematocephala),Morales y Varón (2013); AMVA y UNAL (2014)
6702,Guayabal,1,0.749,AsocioEP,ZVRecreacional,Grama,464.42,0.0464,Zygia longifolia,Suribio,1,16.0,Alta,Casco de vaca (Bauhinia picta) | Guamo machete (Inga densiflora),Morales y Varón (2013); AMVA y UNAL (2014)
6755,Guayabal,1,0.749,AsocioEP,ParqueRec,Grama,407.44,0.0407,Zygia longifolia,Suribio,1,16.0,Alta,Casco de vaca (Bauhinia picta) | Guamo machete (Inga densiflora),Morales y Varón (2013); AMVA y UNAL (2014)
6847,Guayabal,1,0.749,AsocioMovilidad,Antejardin,Grama,113.91,0.0114,Calliandra haematocephala,Carbonero flor roja,1,8.5,Media,Ninguna,Morales y Varón (2013); AMVA y UNAL (2014)
7310,Guayabal,1,0.749,AsocioMovilidad,FranjaAmoblamiento,Grama,306.47,0.0306,Zygia longifolia,Suribio,1,16.0,Alta,Casco de vaca (Bauhinia picta) | Carbonero flor roja (Calliandra haematocephala),Morales y Varón (2013); AMVA y UNAL (2014)
7313,Guayabal,1,0.749,AsocioMovilidad,FranjaAmoblamiento,Grama,403.06,0.0403,Zygia longifolia,Suribio,1,16.0,Alta,Casco de vaca (Bauhinia picta) | Carbonero flor roja (Calliandra haematocephala),Morales y Varón (2013); AMVA y UNAL (2014)
7724,Guayabal,1,0.749,AsocioMovilidad,OrejaPuente,Grama,507.87,0.0508,Zygia longifolia,Suribio,1,16.0,Alta,Casco de vaca (Bauhinia picta),Morales y Varón (2013); AMVA y UNAL (2014)
8740,Guayabal,1,0.749,AsocioEP,ZVRecreacional,Grama,274.45,0.0274,Zygia longifolia,Suribio,1,16.0,Alta,Casco de vaca (Bauhinia picta) | Guamo machete (Inga densiflora),Morales y Varón (2013); AMVA y UNAL (2014)
14843,Guayabal,1,0.749,AsocioMovilidad,Separador,Grama,268.18,0.0268,Zygia longifolia,Suribio,1,16.0,Alta,Casco de vaca (Bauhinia picta) | Carbonero flor roja (Calliandra haematocephala),Morales y Varón (2013); AMVA y UNAL (2014)
9227,Guayabal,1,0.749,AsocioMovilidad,Separador,Grama,266.99,0.0267,Zygia longifolia,Suribio,1,16.0,Alta,Casco de vaca (Bauhinia picta) | Carbonero flor roja (Calliandra haematocephala),Morales y Varón (2013); AMVA y UNAL (2014)
9291,Guayabal,1,0.749,AsocioMovilidad,Antejardin,Grama,73.87,0.0074,Calliandra haematocephala,Carbonero flor roja,1,8.5,Media,Ninguna,Morales y Varón (2013); AMVA y UNAL (2014)
12587,Guayabal,1,0.749,AsocioMovilidad,Antejardin,Grama,89.67,0.009,Calliandra haematocephala,Carbonero flor roja,1,8.5,Media,Ninguna,Morales y Varón (2013); AMVA y UNAL (2014)
14086,Guayabal,1,0.749,AsocioEP,ZVRecreacional,Grama,270.66,0.0271,Zygia longifolia,Suribio,1,16.0,Alta,Casco de vaca (Bauhinia picta) | Guamo machete (Inga densiflora),Morales y Varón (2013); AMVA y UNAL (2014)
15872,Guayabal,1,0.749,AsocioMovilidad,Separador,Grama,297.56,0.0298,Zygia longifolia,Suribio,1,16.0,Alta,Casco de vaca (Bauhinia picta) | Carbonero flor roja (Calliandra haematocephala),Morales y Varón (2013); AMVA y UNAL (2014)
15879,Guayabal,1,0.749,AsocioEP,ParqueRec,Grama,423.39,0.0423,Zygia longifolia,Suribio,1,16.0,Alta,Casco de vaca (Bauhinia picta) | Guamo machete (Inga densiflora),Morales y Varón (2013); AMVA y UNAL (2014)
14062,Guayabal,1,0.749,AsocioMovilidad,Antejardin,Grama,89.01,0.0089,Calliandra haematocephala,Carbonero flor roja,1,8.5,Media,Ninguna,Morales y Varón (2013); AMVA y UNAL (2014)
17176,Guayabal,1,0.749,AsocioMovilidad,OrejaPuente,Grama,499.62,0.05,Zygia longifolia,Suribio,1,16.0,Alta,Casco de vaca (Bauhinia picta),Morales y Varón (2013); AMVA y UNAL (2014)
13296,Guayabal,1,0.749,AsocioMovilidad,FranjaAmoblamiento,Grama,400.22,0.04,Zygia longifolia,Suribio,1,16.0,Alta,Casco de vaca (Bauhinia picta) | Carbonero flor roja (Calliandra haematocephala),Morales y Varón (2013); AMVA y UNAL (2014)
14806,Guayabal,1,0.749,AsocioMovilidad,Antejardin,Grama,118.58,0.0119,Calliandra haematocephala,Carbonero flor roja,1,8.5,Media,Ninguna,Morales y Varón (2013); AMVA y UNAL (2014)
14808,Guayabal,1,0.749,AsocioMovilidad,Antejardin,Grama,80.96,0.0081,Calliandra haematocephala,Carbonero flor roja,1,8.5,Media,Ninguna,Morales y Varón (2013); AMVA y UNAL (2014)
14809,Guayabal,1,0.749,AsocioMovilidad,Antejardin,Grama,85.98,0.0086,Calliandra haematocephala,Carbonero flor roja,1,8.5,Media,Ninguna,Morales y Varón (2013); AMVA y UNAL (2014)
14800,Guayabal,1,0.749,AsocioMovilidad,FajasTaludes,Grama,278.5,0.0279,Inga densiflora,Guamo machete,1,15.0,Alta,Ninguna,Catálogo UNAL; GBIF; POWO (Kew)
14720,Guayabal,1,0.749,AsocioEP,ZVRecreacional,Grama,271.71,0.0272,Zygia longifolia,Suribio,1,16.0,Alta,Casco de vaca (Bauhinia picta) | Guamo machete (Inga densiflora),Morales y Varón (2013); AMVA y UNAL (2014)
14722,Guayabal,1,0.749,AsocioEP,ZVRecreacional,Grama,482.88,0.0483,Zygia longifolia,Suribio,1,16.0,Alta,Casco de vaca (Bauhinia picta) | Guamo machete (Inga densiflora),Morales y Varón (2013); AMVA y UNAL (2014)
14736,Guayabal,1,0.749,AsocioEP,ZVRecreacional,Grama,264.54,0.0265,Zygia longifolia,Suribio,1,16.0,Alta,Casco de vaca (Bauhinia picta) | Guamo machete (Inga densiflora),Morales y Varón (2013); AMVA y UNAL (2014)
14844,Guayabal,1,0.749,AsocioMovilidad,FranjaAmoblamiento,Grama,346.2,0.0346,Zygia longifolia,Suribio,1,16.0,Alta,Casco de vaca (Bauhinia picta) | Carbonero flor roja (Calliandra haematocephala),Morales y Varón (2013); AMVA y UNAL (2014)
14851,Guayabal,1,0.749,AsocioUrbanistico,RetiroQuebradas,Tierra,463.78,0.0464,Zygia longifolia,Suribio,1,16.0,Alta,Casco de vaca (Bauhinia picta) | Guamo machete (Inga densiflora),Morales y Varón (2013); AMVA y UNAL (2014)
14854,Guayabal,1,0.749,AsocioEP,ZVRecreacional,Grama,392.02,0.0392,Zygia longifolia,Suribio,1,16.0,Alta,Casco de vaca (Bauhinia picta) | Guamo machete (Inga densiflora),Morales y Varón (2013); AMVA y UNAL (2014)
14855,Guayabal,1,0.749,AsocioEP,ZVRecreacional,Grama,275.46,0.0275,Zygia longifolia,Suribio,1,16.0,Alta,Casco de vaca (Bauhinia picta) | Guamo machete (Inga densiflora),Morales y Varón (2013); AMVA y UNAL (2014)
18214,Guayabal,1,0.749,AsocioMovilidad,Antejardin,Grama,91.77,0.0092,Calliandra haematocephala,Carbonero flor roja,1,8.5,Media,Ninguna,Morales y Varón (2013); AMVA y UNAL (2014)
15632,Guayabal,1,0.749,AsocioMovilidad,Antejardin,Grama,83.05,0.0083,Calliandra haematocephala,Carbonero flor roja,1,8.5,Media,Ninguna,Morales y Varón (2013); AMVA y UNAL (2014)
15477,Guayabal,1,0.749,AsocioMovilidad,Antejardin,Grama,98.09,0.0098,Calliandra haematocephala,Carbonero flor roja,1,8.5,Media,Ninguna,Morales y Varón (2013); AMVA y UNAL (2014)
15822,Guayabal,1,0.749,AsocioMovilidad,Antejardin,Grama,101.4,0.0101,Calliandra haematocephala,Carbonero flor roja,1,8.5,Media,Ninguna,Morales y Varón (2013); AMVA y UNAL (2014)
15828,Guayabal,1,0.749,AsocioMovilidad,Separador,Grama,447.83,0.0448,Zygia longifolia,Suribio,1,16.0,Alta,Casco de vaca (Bauhinia picta) | Carbonero flor roja (Calliandra haematocephala),Morales y Varón (2013); AMVA y UNAL (2014)
15829,Guayabal,1,0.749,AsocioMovilidad,Separador,Grama,402.09,0.0402,Zygia longifolia,Suribio,1,16.0,Alta,Casco de vaca (Bauhinia picta) | Carbonero flor roja (Calliandra haematocephala),Morales y Varón (2013); AMVA y UNAL (2014)
17161,Guayabal,1,0.749,AsocioMovilidad,Separador,Grama,329.57,0.033,Zygia longifolia,Suribio,1,16.0,Alta,Casco de vaca (Bauhinia picta) | Carbonero flor roja (Calliandra haematocephala),Morales y Varón (2013); AMVA y UNAL (2014)
20492,Guayabal,1,0.749,AsocioMovilidad,OrejaPuente,Grama,317.37,0.0317,Zygia longifolia,Suribio,1,16.0,Alta,Casco de vaca (Bauhinia picta),Morales y Varón (2013); AMVA y UNAL (2014)
20495,Guayabal,1,0.749,AsocioMovilidad,OrejaPuente,Grama,490.0,0.049,Zygia longifolia,Suribio,1,16.0,Alta,Casco de vaca (Bauhinia picta),Morales y Varón (2013); AMVA y UNAL (2014)
18555,Guayabal,1,0.749,AsocioEP,ParqueRec,Grama,358.61,0.0359,Zygia longifolia,Suribio,1,16.0,Alta,Casco de vaca (Bauhinia picta) | Guamo machete (Inga densiflora),Morales y Varón (2013); AMVA y UNAL (2014)
15923,Guayabal,1,0.749,AsocioMovilidad,Antejardin,Grama,125.56,0.0126,Calliandra haematocephala,Carbonero flor roja,1,8.5,Media,Ninguna,Morales y Varón (2013); AMVA y UNAL (2014)
16328,Guayabal,1,0.749,AsocioMovilidad,Antejardin,Grama,121.55,0.0122,Calliandra haematocephala,Carbonero flor roja,1,8.5,Media,Ninguna,Morales y Varón (2013); AMVA y UNAL (2014)
17187,Guayabal,1,0.749,AsocioMovilidad,Antejardin,Tierra,117.68,0.0118,Calliandra haematocephala,Carbonero flor roja,1,8.5,Media,Ninguna,Morales y Varón (2013); AMVA y UNAL (2014)
19454,Guayabal,1,0.749,AsocioMovilidad,FranjaAmoblamiento,Grama,360.2,0.036,Zygia longifolia,Suribio,1,16.0,Alta,Casco de vaca (Bauhinia picta) | Carbonero flor roja (Calliandra haematocephala),Morales y Varón (2013); AMVA y UNAL (2014)
17143,Guayabal,1,0.749,AsocioMovilidad,OrejaPuente,Grama,415.86,0.0416,Zygia longifolia,Suribio,1,16.0,Alta,Casco de vaca (Bauhinia picta),Morales y Varón (2013); AMVA y UNAL (2014)
24741,Guayabal,1,0.749,AsocioMovilidad,Separador,Grama,269.2,0.0269,Zygia longifolia,Suribio,1,16.0,Alta,Casco de vaca (Bauhinia picta) | Carbonero flor roja (Calliandra haematocephala),Morales y Varón (2013); AMVA y UNAL (2014)
24743,Guayabal,1,0.749,AsocioMovilidad,Separador,Grama,439.5,0.044,Zygia longifolia,Suribio,1,16.0,Alta,Casco de vaca (Bauhinia picta) | Carbonero flor roja (Calliandra haematocephala),Morales y Varón (2013); AMVA y UNAL (2014)
17504,Guayabal,1,0.749,AsocioMovilidad,Separador,Grama,469.87,0.047,Zygia longifolia,Suribio,1,16.0,Alta,Casco de vaca (Bauhinia picta) | Carbonero flor roja (Calliandra haematocephala),Morales y Varón (2013); AMVA y UNAL (2014)
18591,Guayabal,1,0.749,AsocioMovilidad,Separador,Grama,287.65,0.0288,Zygia longifolia,Suribio,1,16.0,Alta,Casco de vaca (Bauhinia picta) | Carbonero flor roja (Calliandra haematocephala),Morales y Varón (2013); AMVA y UNAL (2014)
21225,Guayabal,1,0.749,AsocioMovilidad,FranjaAmoblamiento,Grama,268.87,0.0269,Zygia longifolia,Suribio,1,16.0,Alta,Casco de vaca (Bauhinia picta) | Carbonero flor roja (Calliandra haematocephala),Morales y Varón (2013); AMVA y UNAL (2014)
18667,Guayabal,1,0.749,AsocioMovilidad,FranjaAmoblamiento,Grama,278.73,0.0279,Zygia longifolia,Suribio,1,16.0,Alta,Casco de vaca (Bauhinia picta) | Carbonero flor roja (Calliandra haematocephala),Morales y Varón (2013); AMVA y UNAL (2014)
19685,Guayabal,1,0.749,AsocioMovilidad,Antejardin,Grama,130.4,0.013,Calliandra haematocephala,Carbonero flor roja,1,8.5,Media,Ninguna,Morales y Varón (2013); AMVA y UNAL (2014)
18481,Guayabal,1,0.749,AsocioMovilidad,FranjaAmoblamiento,Grama,310.06,0.031,Zygia longifolia,Suribio,1,16.0,Alta,Casco de vaca (Bauhinia picta) | Carbonero flor roja (Calliandra haematocephala),Morales y Varón (2013); AMVA y UNAL (2014)
18656,Guayabal,1,0.749,AsocioMovilidad,Antejardin,Grama,113.62,0.0114,Calliandra haematocephala,Carbonero flor roja,1,8.5,Media,Ninguna,Morales y Varón (2013); AMVA y UNAL (2014)
21386,Guayabal,1,0.749,AsocioMovilidad,FranjaAmoblamiento,Grama,338.06,0.0338,Zygia longifolia,Suribio,1,16.0,Alta,Casco de vaca (Bauhinia picta) | Carbonero flor roja (Calliandra haematocephala),Morales y Varón (2013); AMVA y UNAL (2014)
18872,Guayabal,1,0.749,AsocioEP,ParqueRec,Grama,432.25,0.0432,Zygia longifolia,Suribio,1,16.0,Alta,Casco de vaca (Bauhinia picta) | Guamo machete (Inga densiflora),Morales y Varón (2013); AMVA y UNAL (2014)
19226,Guayabal,1,0.749,AsocioMovilidad,Antejardin,Grama,80.57,0.0081,Calliandra haematocephala,Carbonero flor roja,1,8.5,Media,Ninguna,Morales y Varón (2013); AMVA y UNAL (2014)
19229,Guayabal,1,0.749,AsocioMovilidad,FranjaAmoblamiento,Grama,283.05,0.0283,Zygia longifolia,Suribio,1,16.0,Alta,Casco de vaca (Bauhinia picta) | Carbonero flor roja (Calliandra haematocephala),Morales y Varón (2013); AMVA y UNAL (2014)
18760,Guayabal,1,0.749,AsocioMovilidad,Antejardin,Grama,110.35,0.011,Calliandra haematocephala,Carbonero flor roja,1,8.5,Media,Ninguna,Morales y Varón (2013); AMVA y UNAL (2014)
18812,Guayabal,1,0.749,AsocioUrbanistico,RetiroQuebradas,Grama,271.42,0.0271,Zygia longifolia,Suribio,1,16.0,Alta,Casco de vaca (Bauhinia picta) | Guamo machete (Inga densiflora),Morales y Varón (2013); AMVA y UNAL (2014)
18844,Guayabal,1,0.749,AsocioMovilidad,Antejardin,Grama,100.54,0.0101,Calliandra haematocephala,Carbonero flor roja,1,8.5,Media,Ninguna,Morales y Varón (2013); AMVA y UNAL (2014)
18874,Guayabal,1,0.749,AsocioEP,ParqueRec,Grama,385.8,0.0386,Zygia longifolia,Suribio,1,16.0,Alta,Casco de vaca (Bauhinia picta) | Guamo machete (Inga densiflora),Morales y Varón (2013); AMVA y UNAL (2014)
19075,Guayabal,1,0.749,AsocioMovilidad,Antejardin,Grama,143.69,0.0144,Calliandra haematocephala,Carbonero flor roja,1,8.5,Media,Ninguna,Morales y Varón (2013); AMVA y UNAL (2014)
19201,Guayabal,1,0.749,AsocioMovilidad,FranjaAmoblamiento,Grama,492.56,0.0493,Zygia longifolia,Suribio,1,16.0,Alta,Casco de vaca (Bauhinia picta) | Carbonero flor roja (Calliandra haematocephala),Morales y Varón (2013); AMVA y UNAL (2014)
19321,Guayabal,1,0.749,AsocioMovilidad,FranjaAmoblamiento,Grama,309.19,0.0309,Zygia longifolia,Suribio,1,16.0,Alta,Casco de vaca (Bauhinia picta) | Carbonero flor roja (Calliandra haematocephala),Morales y Varón (2013); AMVA y UNAL (2014)
21088,Guayabal,1,0.749,AsocioMovilidad,Antejardin,Grama,104.94,0.0105,Calliandra haematocephala,Carbonero flor roja,1,8.5,Media,Ninguna,Morales y Varón (2013); AMVA y UNAL (2014)
23014,Guayabal,1,0.749,AsocioEP,ZVRecreacional,Grama,329.15,0.0329,Zygia longifolia,Suribio,1,16.0,Alta,Casco de vaca (Bauhinia picta) | Guamo machete (Inga densiflora),Morales y Varón (2013); AMVA y UNAL (2014)
23017,Guayabal,1,0.749,AsocioEP,ZVRecreacional,Grama,295.25,0.0295,Zygia longifolia,Suribio,1,16.0,Alta,Casco de vaca (Bauhinia picta) | Guamo machete (Inga densiflora),Morales y Varón (2013); AMVA y UNAL (2014)
24696,Guayabal,1,0.749,AsocioMovilidad,FranjaAmoblamiento,Grama,452.85,0.0453,Zygia longifolia,Suribio,1,16.0,Alta,Casco de vaca (Bauhinia picta) | Carbonero flor roja (Calliandra haematocephala),Morales y Varón (2013); AMVA y UNAL (2014)
24228,Guayabal,1,0.749,AsocioMovilidad,Separador,Grama,342.17,0.0342,Zygia longifolia,Suribio,1,16.0,Alta,Casco de vaca (Bauhinia picta) | Carbonero flor roja (Calliandra haematocephala),Morales y Varón (2013); AMVA y UNAL (2014)
20708,Guayabal,1,0.749,AsocioMovilidad,FranjaAmoblamiento,Grama,363.6,0.0364,Zygia longifolia,Suribio,1,16.0,Alta,Casco de vaca (Bauhinia picta) | Carbonero flor roja (Calliandra haematocephala),Morales y Varón (2013); AMVA y UNAL (2014)
20710,Guayabal,1,0.749,AsocioMovilidad,Antejardin,Grama,77.37,0.0077,Calliandra haematocephala,Carbonero flor roja,1,8.5,Media,Ninguna,Morales y Varón (2013); AMVA y UNAL (2014)
20624,Guayabal,1,0.749,AsocioMovilidad,Antejardin,Grama,97.15,0.0097,Calliandra haematocephala,Carbonero flor roja,1,8.5,Media,Ninguna,Morales y Varón (2013); AMVA y UNAL (2014)
20754,Guayabal,1,0.749,AsocioMovilidad,Separador,Grama,332.54,0.0333,Zygia longifolia,Suribio,1,16.0,Alta,Casco de vaca (Bauhinia picta) | Carbonero flor roja (Calliandra haematocephala),Morales y Varón (2013); AMVA y UNAL (2014)
20755,Guayabal,1,0.749,AsocioMovilidad,Antejardin,Grama,75.37,0.0075,Calliandra haematocephala,Carbonero flor roja,1,8.5,Media,Ninguna,Morales y Varón (2013); AMVA y UNAL (2014)
20774,Guayabal,1,0.749,AsocioMovilidad,Antejardin,Grama,132.23,0.0132,Calliandra haematocephala,Carbonero flor roja,1,8.5,Media,Ninguna,Morales y Varón (2013); AMVA y UNAL (2014)
20781,Guayabal,1,0.749,AsocioMovilidad,Separador,Grama,379.65,0.038,Zygia longifolia,Suribio,1,16.0,Alta,Casco de vaca (Bauhinia picta) | Carbonero flor roja (Calliandra haematocephala),Morales y Varón (2013); AMVA y UNAL (2014)
23281,Guayabal,1,0.749,AsocioMovilidad,Antejardin,Grama,118.25,0.0118,Calliandra haematocephala,Carbonero flor roja,1,8.5,Media,Ninguna,Morales y Varón (2013); AMVA y UNAL (2014)
21373,Guayabal,1,0.749,AsocioMovilidad,Separador,Grama,426.57,0.0427,Zygia longifolia,Suribio,1,16.0,Alta,Casco de vaca (Bauhinia picta) | Carbonero flor roja (Calliandra haematocephala),Morales y Varón (2013); AMVA y UNAL (2014)
21005,Guayabal,1,0.749,AsocioMovilidad,Separador,Grama,474.19,0.0474,Zygia longifolia,Suribio,1,16.0,Alta,Casco de vaca (Bauhinia picta) | Carbonero flor roja (Calliandra haematocephala),Morales y Varón (2013); AMVA y UNAL (2014)
21009,Guayabal,1,0.749,AsocioMovilidad,Separador,Grama,402.46,0.0402,Zygia longifolia,Suribio,1,16.0,Alta,Casco de vaca (Bauhinia picta) | Carbonero flor roja (Calliandra haematocephala),Morales y Varón (2013); AMVA y UNAL (2014)
21246,Guayabal,1,0.749,AsocioMovilidad,Antejardin,Grama,87.48,0.0087,Calliandra haematocephala,Carbonero flor roja,1,8.5,Media,Ninguna,Morales y Varón (2013); AMVA y UNAL (2014)
21400,Guayabal,1,0.749,AsocioMovilidad,Separador,Grama,293.88,0.0294,Zygia longifolia,Suribio,1,16.0,Alta,Casco de vaca (Bauhinia picta) | Carbonero flor roja (Calliandra haematocephala),Morales y Varón (2013); AMVA y UNAL (2014)
21401,Guayabal,1,0.749,AsocioMovilidad,Separador,Grama,397.09,0.0397,Zygia longifolia,Suribio,1,16.0,Alta,Casco de vaca (Bauhinia picta) | Carbonero flor roja (Calliandra haematocephala),Morales y Varón (2013); AMVA y UNAL (2014)
21524,Guayabal,1,0.749,AsocioEP,ZVRecreacional,Grama,486.23,0.0486,Zygia longifolia,Suribio,1,16.0,Alta,Casco de vaca (Bauhinia picta) | Guamo machete (Inga densiflora),Morales y Varón (2013); AMVA y UNAL (2014)
21561,Guayabal,1,0.749,AsocioMovilidad,Antejardin,Grama,76.67,0.0077,Calliandra haematocephala,Carbonero flor roja,1,8.5,Media,Ninguna,Morales y Varón (2013); AMVA y UNAL (2014)
21564,Guayabal,1,0.749,AsocioMovilidad,FranjaAmoblamiento,Grama,340.79,0.0341,Zygia longifolia,Suribio,1,16.0,Alta,Casco de vaca (Bauhinia picta) | Carbonero flor roja (Calliandra haematocephala),Morales y Varón (2013); AMVA y UNAL (2014)
22208,Guayabal,1,0.749,AsocioMovilidad,Antejardin,Tierra,79.7,0.008,Calliandra haematocephala,Carbonero flor roja,1,8.5,Media,Ninguna,Morales y Varón (2013); AMVA y UNAL (2014)
24858,Guayabal,1,0.749,AsocioMovilidad,Separador,Grama,286.93,0.0287,Zygia longifolia,Suribio,1,16.0,Alta,Casco de vaca (Bauhinia picta) | Carbonero flor roja (Calliandra haematocephala),Morales y Varón (2013); AMVA y UNAL (2014)
22180,Guayabal,1,0.749,AsocioEP,ParqueRec,Grama,491.34,0.0491,Zygia longifolia,Suribio,1,16.0,Alta,Casco de vaca (Bauhinia picta) | Guamo machete (Inga densiflora),Morales y Varón (2013); AMVA y UNAL (2014)
22196,Guayabal,1,0.749,AsocioMovilidad,OrejaPuente,Grama,300.52,0.0301,Zygia longifolia,Suribio,1,16.0,Alta,Casco de vaca (Bauhinia picta),Morales y Varón (2013); AMVA y UNAL (2014)
22277,Guayabal,1,0.749,AsocioMovilidad,Separador,Grama,370.66,0.0371,Zygia longifolia,Suribio,1,16.0,Alta,Casco de vaca (Bauhinia picta) | Carbonero flor roja (Calliandra haematocephala),Morales y Varón (2013); AMVA y UNAL (2014)
22286,Guayabal,1,0.749,AsocioMovilidad,Antejardin,Tierra,83.01,0.0083,Calliandra haematocephala,Carbonero flor roja,1,8.5,Media,Ninguna,Morales y Varón (2013); AMVA y UNAL (2014)
23065,Guayabal,1,0.749,AsocioEP,ParqueRec,Grama,445.63,0.0446,Zygia longifolia,Suribio,1,16.0,Alta,Casco de vaca (Bauhinia picta) | Guamo machete (Inga densiflora),Morales y Varón (2013); AMVA y UNAL (2014)
22404,Guayabal,1,0.749,AsocioMovilidad,Antejardin,Grama,114.54,0.0115,Calliandra haematocephala,Carbonero flor roja,1,8.5,Media,Ninguna,Morales y Varón (2013); AMVA y UNAL (2014)
23054,Guayabal,1,0.749,AsocioEP,ZVRecreacional,Grama,279.06,0.0279,Zygia longifolia,Suribio,1,16.0,Alta,Casco de vaca (Bauhinia picta) | Guamo machete (Inga densiflora),Morales y Varón (2013); AMVA y UNAL (2014)
23056,Guayabal,1,0.749,AsocioEP,ZVRecreacional,Grama,304.65,0.0305,Zygia longifolia,Suribio,1,16.0,Alta,Casco de vaca (Bauhinia picta) | Guamo machete (Inga densiflora),Morales y Varón (2013); AMVA y UNAL (2014)
23057,Guayabal,1,0.749,AsocioEP,ZVRecreacional,Grama,467.88,0.0468,Zygia longifolia,Suribio,1,16.0,Alta,Casco de vaca (Bauhinia picta) | Guamo machete (Inga densiflora),Morales y Varón (2013); AMVA y UNAL (2014)
24471,Guayabal,1,0.749,AsocioMovilidad,Antejardin,Grama,93.32,0.0093,Calliandra haematocephala,Carbonero flor roja,1,8.5,Media,Ninguna,Morales y Varón (2013); AMVA y UNAL (2014)
23135,Guayabal,1,0.749,AsocioMovilidad,Antejardin,Grama,119.97,0.012,Calliandra haematocephala,Carbonero flor roja,1,8.5,Media,Ninguna,Morales y Varón (2013); AMVA y UNAL (2014)
24465,Guayabal,1,0.749,AsocioMovilidad,Antejardin,Grama,80.11,0.008,Calliandra haematocephala,Carbonero flor roja,1,8.5,Media,Ninguna,Morales y Varón (2013); AMVA y UNAL (2014)
24489,Guayabal,1,0.749,AsocioMovilidad,Antejardin,Grama,74.05,0.0074,Calliandra haematocephala,Carbonero flor roja,1,8.5,Media,Ninguna,Morales y Varón (2013); AMVA y UNAL (2014)
24818,Guayabal,1,0.749,AsocioMovilidad,Antejardin,Grama,111.87,0.0112,Calliandra haematocephala,Carbonero flor roja,1,8.5,Media,Ninguna,Morales y Varón (2013); AMVA y UNAL (2014)
24819,Guayabal,1,0.749,AsocioMovilidad,Antejardin,Grama,78.18,0.0078,Calliandra haematocephala,Carbonero flor roja,1,8.5,Media,Ninguna,Morales y Varón (2013); AMVA y UNAL (2014)
24827,Guayabal,1,0.749,AsocioEP,ZVRecreacional,Grama,508.4,0.0508,Zygia longifolia,Suribio,1,16.0,Alta,Casco de vaca (Bauhinia picta) | Guamo machete (Inga densiflora),Morales y Varón (2013); AMVA y UNAL (2014)
24319,Guayabal,1,0.749,AsocioMovilidad,Antejardin,Grama,106.72,0.0107,Calliandra haematocephala,Carbonero flor roja,1,8.5,Media,Ninguna,Morales y Varón (2013); AMVA y UNAL (2014)
24245,Guayabal,1,0.749,AsocioMovilidad,Separador,Grama,284.66,0.0285,Zygia longifolia,Suribio,1,16.0,Alta,Casco de vaca (Bauhinia picta) | Carbonero flor roja (Calliandra haematocephala),Morales y Varón (2013); AMVA y UNAL (2014)
24341,Guayabal,1,0.749,AsocioMovilidad,Antejardin,Grama,113.15,0.0113,Calliandra haematocephala,Carbonero flor roja,1,8.5,Media,Ninguna,Morales y Varón (2013); AMVA y UNAL (2014)
24350,Guayabal,1,0.749,AsocioMovilidad,Antejardin,Tierra,111.55,0.0112,Calliandra haematocephala,Carbonero flor roja,1,8.5,Media,Ninguna,Morales y Varón (2013); AMVA y UNAL (2014)
24351,Guayabal,1,0.749,AsocioMovilidad,Antejardin,Tierra,133.08,0.0133,Calliandra haematocephala,Carbonero flor roja,1,8.5,Media,Ninguna,Morales y Varón (2013); AMVA y UNAL (2014)
24499,Guayabal,1,0.749,AsocioUrbanistico,RetiroQuebradas,Grama,460.87,0.0461,Zygia longifolia,Suribio,1,16.0,Alta,Casco de vaca (Bauhinia picta) | Guamo machete (Inga densiflora),Morales y Varón (2013); AMVA y UNAL (2014)
24548,Guayabal,1,0.749,AsocioMovilidad,Antejardin,Grama,78.32,0.0078,Calliandra haematocephala,Carbonero flor roja,1,8.5,Media,Ninguna,Morales y Varón (2013); AMVA y UNAL (2014)
24559,Guayabal,1,0.749,AsocioMovilidad,Antejardin,Grama,80.74,0.0081,Calliandra haematocephala,Carbonero flor roja,1,8.5,Media,Ninguna,Morales y Varón (2013); AMVA y UNAL (2014)
24767,Guayabal,1,0.749,AsocioEP,ZVRecreacional,Grama,258.76,0.0259,Zygia longifolia,Suribio,1,16.0,Alta,Casco de vaca (Bauhinia picta) | Guamo machete (Inga densiflora),Morales y Varón (2013); AMVA y UNAL (2014)
24719,Guayabal,1,0.749,AsocioMovilidad,FranjaAmoblamiento,Grama,330.68,0.0331,Zygia longifolia,Suribio,1,16.0,Alta,Casco de vaca (Bauhinia picta) | Carbonero flor roja (Calliandra haematocephala),Morales y Varón (2013); AMVA y UNAL (2014)
24736,Guayabal,1,0.749,AsocioMovilidad,FranjaAmoblamiento,Grama,446.26,0.0446,Zygia longifolia,Suribio,1,16.0,Alta,Casco de vaca (Bauhinia picta) | Carbonero flor roja (Calliandra haematocephala),Morales y Varón (2013); AMVA y UNAL (2014)
24781,Guayabal,1,0.749,AsocioEP,ParqueRec,Grama,446.15,0.0446,Zygia longifolia,Suribio,1,16.0,Alta,Casco de vaca (Bauhinia picta) | Guamo machete (Inga densiflora),Morales y Varón (2013); AMVA y UNAL (2014)
24828,Guayabal,1,0.749,AsocioEP,ParqueRec,Grama,329.07,0.0329,Zygia longifolia,Suribio,1,16.0,Alta,Casco de vaca (Bauhinia picta) | Guamo machete (Inga densiflora),Morales y Varón (2013); AMVA y UNAL (2014)
17374,Guayabal,1,0.749,AsocioEP,ParqueRec,Grama,426.45,0.0426,Zygia longifolia,Suribio,1,16.0,Alta,Casco de vaca (Bauhinia picta) | Guamo machete (Inga densiflora),Morales y Varón (2013); AMVA y UNAL (2014)
14856,Guayabal,1,0.749,AsocioMovilidad,FranjaAmoblamiento,Grama,484.65,0.0485,Zygia longifolia,Suribio,1,16.0,Alta,Casco de vaca (Bauhinia picta) | Carbonero flor roja (Calliandra haematocephala),Morales y Varón (2013); AMVA y UNAL (2014)
18371,Guayabal,1,0.749,AsocioMovilidad,Antejardin,Grama,109.03,0.0109,Calliandra haematocephala,Carbonero flor roja,1,8.5,Media,Ninguna,Morales y Varón (2013); AMVA y UNAL (2014)
2612,Belén,2,0.6955,AsocioEP,EcoparqueCerro,Grama,184939.36,18.4939,Inga densiflora,Guamo machete,821,15.0,Alta,Ninguna,Catálogo UNAL; GBIF; POWO (Kew)
1106,Belén,2,0.6955,AsocioEP,EcoparqueCerro,Grama,67729.05,6.7729,Inga densiflora,Guamo machete,301,15.0,Alta,Ninguna,Catálogo UNAL; GBIF; POWO (Kew)
6189,Belén,2,0.6955,AsocioEP,ZVRecreacional,Grama,8098.41,0.8098,Zygia longifolia,Suribio,31,16.0,Alta,Casco de vaca (Bauhinia picta) | Guamo machete (Inga densiflora),Morales y Varón (2013); AMVA y UNAL (2014)
5047,Belén,2,0.6955,AsocioEP,ZVRecreacional,Grama,7837.4,0.7837,Zygia longifolia,Suribio,30,16.0,Alta,Casco de vaca (Bauhinia picta) | Guamo machete (Inga densiflora),Morales y Varón (2013); AMVA y UNAL (2014)
7713,Belén,2,0.6955,AsocioMovilidad,OrejaPuente,Grama,6602.01,0.6602,Zygia longifolia,Suribio,25,16.0,Alta,Casco de vaca (Bauhinia picta),Morales y Varón (2013); AMVA y UNAL (2014)
7709,Belén,2,0.6955,AsocioMovilidad,OrejaPuente,Grama,4556.41,0.4556,Zygia longifolia,Suribio,17,16.0,Alta,Casco de vaca (Bauhinia picta),Morales y Varón (2013); AMVA y UNAL (2014)
6403,Belén,2,0.6955,AsocioEP,ZVRecreacional,Grama,3939.83,0.394,Zygia longifolia,Suribio,15,16.0,Alta,Casco de vaca (Bauhinia picta) | Guamo machete (Inga densiflora),Morales y Varón (2013); AMVA y UNAL (2014)
7711,Belén,2,0.6955,AsocioMovilidad,OrejaPuente,Grama,3468.51,0.3469,Zygia longifolia,Suribio,13,16.0,Alta,Casco de vaca (Bauhinia picta),Morales y Varón (2013); AMVA y UNAL (2014)
6344,Belén,2,0.6955,AsocioMovilidad,Antejardin,Grama,803.8,0.0804,Calliandra haematocephala,Carbonero flor roja,11,8.5,Media,Ninguna,Morales y Varón (2013); AMVA y UNAL (2014)
6574,Belén,2,0.6955,AsocioEP,ZVRecreacional,Grama,2459.27,0.2459,Zygia longifolia,Suribio,9,16.0,Alta,Casco de vaca (Bauhinia picta) | Guamo machete (Inga densiflora),Morales y Varón (2013); AMVA y UNAL (2014)
2676,Belén,2,0.6955,AsocioUrbanistico,RetiroQuebradas,Grama,1986.54,0.1987,Zygia longifolia,Suribio,7,16.0,Alta,Casco de vaca (Bauhinia picta) | Guamo machete (Inga densiflora),Morales y Varón (2013); AMVA y UNAL (2014)
5792,Belén,2,0.6955,AsocioEP,ZVRecreacional,Grama,1547.26,0.1547,Zygia longifolia,Suribio,6,16.0,Alta,Casco de vaca (Bauhinia picta) | Guamo machete (Inga densiflora),Morales y Varón (2013); AMVA y UNAL (2014)
7692,Belén,2,0.6955,AsocioUrbanistico,RetiroQuebradas,Grama,1755.77,0.1756,Zygia longifolia,Suribio,6,16.0,Alta,Casco de vaca (Bauhinia picta) | Guamo machete (Inga densiflora),Morales y Varón (2013); AMVA y UNAL (2014)
6794,Belén,2,0.6955,AsocioUrbanistico,RetiroQuebradas,Grama,1524.5,0.1525,Zygia longifolia,Suribio,5,16.0,Alta,Casco de vaca (Bauhinia picta) | Guamo machete (Inga densiflora),Morales y Varón (2013); AMVA y UNAL (2014)
4628,Belén,2,0.6955,AsocioMovilidad,Antejardin,Grama,395.6,0.0396,Calliandra haematocephala,Carbonero flor roja,5,8.5,Media,Ninguna,Morales y Varón (2013); AMVA y UNAL (2014)
10797,Belén,2,0.6955,AsocioEP,ZVRecreacional,Grama,1294.45,0.1294,Zygia longifolia,Suribio,5,16.0,Alta,Casco de vaca (Bauhinia picta) | Guamo machete (Inga densiflora),Morales y Varón (2013); AMVA y UNAL (2014)
2645,Belén,2,0.6955,AsocioMovilidad,Antejardin,Grama,303.34,0.0303,Calliandra haematocephala,Carbonero flor roja,4,8.5,Media,Ninguna,Morales y Varón (2013); AMVA y UNAL (2014)
2692,Belén,2,0.6955,AsocioMovilidad,FajasTaludes,Grama,1000.54,0.1001,Inga densiflora,Guamo machete,4,15.0,Alta,Ninguna,Catálogo UNAL; GBIF; POWO (Kew)
5725,Belén,2,0.6955,AsocioEP,ZVRecreacional,Grama,1248.11,0.1248,Zygia longifolia,Suribio,4,16.0,Alta,Casco de vaca (Bauhinia picta) | Guamo machete (Inga densiflora),Morales y Varón (2013); AMVA y UNAL (2014)
7689,Belén,2,0.6955,AsocioUrbanistico,RetiroQuebradas,Grama,1097.31,0.1097,Zygia longifolia,Suribio,4,16.0,Alta,Casco de vaca (Bauhinia picta) | Guamo machete (Inga densiflora),Morales y Varón (2013); AMVA y UNAL (2014)
10767,Belén,2,0.6955,AsocioMovilidad,Antejardin,Grama,331.68,0.0332,Calliandra haematocephala,Carbonero flor roja,4,8.5,Media,Ninguna,Morales y Varón (2013); AMVA y UNAL (2014)
4625,Belén,2,0.6955,AsocioEP,ZVRecreacional,Grama,1123.33,0.1123,Zygia longifolia,Suribio,4,16.0,Alta,Casco de vaca (Bauhinia picta) | Guamo machete (Inga densiflora),Morales y Varón (2013); AMVA y UNAL (2014)
2214,Belén,2,0.6955,AsocioMovilidad,Separador,Grama,852.51,0.0853,Zygia longifolia,Suribio,3,16.0,Alta,Casco de vaca (Bauhinia picta) | Carbonero flor roja (Calliandra haematocephala),Morales y Varón (2013); AMVA y UNAL (2014)
2354,Belén,2,0.6955,AsocioMovilidad,OrejaPuente,Grama,941.8,0.0942,Zygia longifolia,Suribio,3,16.0,Alta,Casco de vaca (Bauhinia picta),Morales y Varón (2013); AMVA y UNAL (2014)
2693,Belén,2,0.6955,AsocioMovilidad,Separador,Grama,966.33,0.0966,Zygia longifolia,Suribio,3,16.0,Alta,Casco de vaca (Bauhinia picta) | Carbonero flor roja (Calliandra haematocephala),Morales y Varón (2013); AMVA y UNAL (2014)
4641,Belén,2,0.6955,AsocioEP,ParqueRec,Grama,817.17,0.0817,Zygia longifolia,Suribio,3,16.0,Alta,Casco de vaca (Bauhinia picta) | Guamo machete (Inga densiflora),Morales y Varón (2013); AMVA y UNAL (2014)
5466,Belén,2,0.6955,AsocioEP,ZVRecreacional,Grama,1005.51,0.1006,Zygia longifolia,Suribio,3,16.0,Alta,Casco de vaca (Bauhinia picta) | Guamo machete (Inga densiflora),Morales y Varón (2013); AMVA y UNAL (2014)
5718,Belén,2,0.6955,AsocioEP,ZVRecreacional,Grama,998.83,0.0999,Zygia longifolia,Suribio,3,16.0,Alta,Casco de vaca (Bauhinia picta) | Guamo machete (Inga densiflora),Morales y Varón (2013); AMVA y UNAL (2014)
7690,Belén,2,0.6955,AsocioUrbanistico,RetiroQuebradas,Grama,813.75,0.0814,Zygia longifolia,Suribio,3,16.0,Alta,Casco de vaca (Bauhinia picta) | Guamo machete (Inga densiflora),Morales y Varón (2013); AMVA y UNAL (2014)
7708,Belén,2,0.6955,AsocioMovilidad,Separador,Grama,890.16,0.089,Zygia longifolia,Suribio,3,16.0,Alta,Casco de vaca (Bauhinia picta) | Carbonero flor roja (Calliandra haematocephala),Morales y Varón (2013); AMVA y UNAL (2014)
10801,Belén,2,0.6955,AsocioEP,ZVRecreacional,Grama,838.55,0.0839,Zygia longifolia,Suribio,3,16.0,Alta,Casco de vaca (Bauhinia picta) | Guamo machete (Inga densiflora),Morales y Varón (2013); AMVA y UNAL (2014)
10322,Belén,2,0.6955,AsocioMovilidad,Antejardin,Grama,268.9,0.0269,Calliandra haematocephala,Carbonero flor roja,3,8.5,Media,Ninguna,Morales y Varón (2013); AMVA y UNAL (2014)
2055,Belén,2,0.6955,AsocioMovilidad,Separador,Tierra,612.92,0.0613,Zygia longifolia,Suribio,2,16.0,Alta,Casco de vaca (Bauhinia picta) | Carbonero flor roja (Calliandra haematocephala),Morales y Varón (2013); AMVA y UNAL (2014)
2291,Belén,2,0.6955,AsocioMovilidad,FajasTaludes,Tierra,510.44,0.051,Inga densiflora,Guamo machete,2,15.0,Alta,Ninguna,Catálogo UNAL; GBIF; POWO (Kew)
2573,Belén,2,0.6955,AsocioMovilidad,Antejardin,Grama,147.52,0.0148,Calliandra haematocephala,Carbonero flor roja,2,8.5,Media,Ninguna,Morales y Varón (2013); AMVA y UNAL (2014)
6589,Belén,2,0.6955,AsocioEP,ParqueRec,Grama,672.75,0.0673,Zygia longifolia,Suribio,2,16.0,Alta,Casco de vaca (Bauhinia picta) | Guamo machete (Inga densiflora),Morales y Varón (2013); AMVA y UNAL (2014)
4201,Belén,2,0.6955,AsocioEP,ZVRecreacional,Grama,763.68,0.0764,Zygia longifolia,Suribio,2,16.0,Alta,Casco de vaca (Bauhinia picta) | Guamo machete (Inga densiflora),Morales y Varón (2013); AMVA y UNAL (2014)
6627,Belén,2,0.6955,AsocioEP,ZVRecreacional,Grama,745.48,0.0745,Zygia longifolia,Suribio,2,16.0,Alta,Casco de vaca (Bauhinia picta) | Guamo machete (Inga densiflora),Morales y Varón (2013); AMVA y UNAL (2014)
6551,Belén,2,0.6955,AsocioMovilidad,Antejardin,Grama,185.73,0.0186,Calliandra haematocephala,Carbonero flor roja,2,8.5,Media,Ninguna,Morales y Varón (2013); AMVA y UNAL (2014)
10573,Belén,2,0.6955,AsocioEP,ParqueCiv,Tierra,526.35,0.0526,Zygia longifolia,Suribio,2,16.0,Alta,Casco de vaca (Bauhinia picta) | Carbonero flor roja (Calliandra haematocephala),Morales y Varón (2013); AMVA y UNAL (2014)
7284,Belén,2,0.6955,AsocioEP,ZVRecreacional,Grama,655.23,0.0655,Zygia longifolia,Suribio,2,16.0,Alta,Casco de vaca (Bauhinia picta) | Guamo machete (Inga densiflora),Morales y Varón (2013); AMVA y UNAL (2014)
7707,Belén,2,0.6955,AsocioMovilidad,OrejaPuente,Grama,560.81,0.0561,Zygia longifolia,Suribio,2,16.0,Alta,Casco de vaca (Bauhinia picta),Morales y Varón (2013); AMVA y UNAL (2014)
10469,Belén,2,0.6955,AsocioMovilidad,Antejardin,Grama,155.33,0.0155,Calliandra haematocephala,Carbonero flor roja,2,8.5,Media,Ninguna,Morales y Varón (2013); AMVA y UNAL (2014)
10318,Belén,2,0.6955,AsocioMovilidad,Antejardin,Grama,174.05,0.0174,Calliandra haematocephala,Carbonero flor roja,2,8.5,Media,Ninguna,Morales y Varón (2013); AMVA y UNAL (2014)
10453,Belén,2,0.6955,AsocioMovilidad,Antejardin,Grama,187.0,0.0187,Calliandra haematocephala,Carbonero flor roja,2,8.5,Media,Ninguna,Morales y Varón (2013); AMVA y UNAL (2014)
11181,Belén,2,0.6955,AsocioEP,ZVRecreacional,Grama,727.03,0.0727,Zygia longifolia,Suribio,2,16.0,Alta,Casco de vaca (Bauhinia picta) | Guamo machete (Inga densiflora),Morales y Varón (2013); AMVA y UNAL (2014)
2278,Belén,2,0.6955,AsocioEP,EcoparqueCerro,Grama,271.54,0.0272,Inga densiflora,Guamo machete,1,15.0,Alta,Ninguna,Catálogo UNAL; GBIF; POWO (Kew)
2159,Belén,2,0.6955,AsocioEP,EcoparqueCerro,Grama,445.52,0.0446,Inga densiflora,Guamo machete,1,15.0,Alta,Ninguna,Catálogo UNAL; GBIF; POWO (Kew)
2160,Belén,2,0.6955,AsocioEP,EcoparqueCerro,Grama,283.15,0.0283,Inga densiflora,Guamo machete,1,15.0,Alta,Ninguna,Catálogo UNAL; GBIF; POWO (Kew)
2196,Belén,2,0.6955,AsocioMovilidad,Antejardin,Grama,100.83,0.0101,Calliandra haematocephala,Carbonero flor roja,1,8.5,Media,Ninguna,Morales y Varón (2013); AMVA y UNAL (2014)
2241,Belén,2,0.6955,AsocioMovilidad,Antejardin,Tierra,91.62,0.0092,Calliandra haematocephala,Carbonero flor roja,1,8.5,Media,Ninguna,Morales y Varón (2013); AMVA y UNAL (2014)
2245,Belén,2,0.6955,AsocioEP,EcoparqueCerro,Grama,246.74,0.0247,Inga densiflora,Guamo machete,1,15.0,Alta,Ninguna,Catálogo UNAL; GBIF; POWO (Kew)
2287,Belén,2,0.6955,AsocioMovilidad,FranjaAmoblamiento,Grama,391.83,0.0392,Zygia longifolia,Suribio,1,16.0,Alta,Casco de vaca (Bauhinia picta) | Carbonero flor roja (Calliandra haematocephala),Morales y Varón (2013); AMVA y UNAL (2014)
2292,Belén,2,0.6955,AsocioMovilidad,Antejardin,Grama,120.02,0.012,Calliandra haematocephala,Carbonero flor roja,1,8.5,Media,Ninguna,Morales y Varón (2013); AMVA y UNAL (2014)
2355,Belén,2,0.6955,AsocioMovilidad,OrejaPuente,Grama,333.4,0.0333,Zygia longifolia,Suribio,1,16.0,Alta,Casco de vaca (Bauhinia picta),Morales y Varón (2013); AMVA y UNAL (2014)
2356,Belén,2,0.6955,AsocioMovilidad,OrejaPuente,Grama,305.78,0.0306,Zygia longifolia,Suribio,1,16.0,Alta,Casco de vaca (Bauhinia picta),Morales y Varón (2013); AMVA y UNAL (2014)
2359,Belén,2,0.6955,AsocioMovilidad,OrejaPuente,Grama,334.42,0.0334,Zygia longifolia,Suribio,1,16.0,Alta,Casco de vaca (Bauhinia picta),Morales y Varón (2013); AMVA y UNAL (2014)
2531,Belén,2,0.6955,AsocioEP,EcoparqueCerro,Grama,434.05,0.0434,Inga densiflora,Guamo machete,1,15.0,Alta,Ninguna,Catálogo UNAL; GBIF; POWO (Kew)
2532,Belén,2,0.6955,AsocioEP,EcoparqueCerro,Grama,338.16,0.0338,Inga densiflora,Guamo machete,1,15.0,Alta,Ninguna,Catálogo UNAL; GBIF; POWO (Kew)
2560,Belén,2,0.6955,AsocioMovilidad,Antejardin,Tierra,73.12,0.0073,Calliandra haematocephala,Carbonero flor roja,1,8.5,Media,Ninguna,Morales y Varón (2013); AMVA y UNAL (2014)
2609,Belén,2,0.6955,AsocioMovilidad,FajasTaludes,Grama,253.29,0.0253,Inga densiflora,Guamo machete,1,15.0,Alta,Ninguna,Catálogo UNAL; GBIF; POWO (Kew)
2634,Belén,2,0.6955,AsocioMovilidad,Antejardin,Grama,122.14,0.0122,Calliandra haematocephala,Carbonero flor roja,1,8.5,Media,Ninguna,Morales y Varón (2013); AMVA y UNAL (2014)
2635,Belén,2,0.6955,AsocioMovilidad,Antejardin,Grama,98.67,0.0099,Calliandra haematocephala,Carbonero flor roja,1,8.5,Media,Ninguna,Morales y Varón (2013); AMVA y UNAL (2014)
4216,Belén,2,0.6955,AsocioEP,EcoparqueQuebrada,Grama,338.36,0.0338,Zygia longifolia,Suribio,1,16.0,Alta,Casco de vaca (Bauhinia picta) | Guamo machete (Inga densiflora),Morales y Varón (2013); AMVA y UNAL (2014)
4217,Belén,2,0.6955,AsocioEP,EcoparqueQuebrada,Grama,274.68,0.0275,Zygia longifolia,Suribio,1,16.0,Alta,Casco de vaca (Bauhinia picta) | Guamo machete (Inga densiflora),Morales y Varón (2013); AMVA y UNAL (2014)
5790,Belén,2,0.6955,AsocioEP,ZVRecreacional,Grama,298.53,0.0299,Zygia longifolia,Suribio,1,16.0,Alta,Casco de vaca (Bauhinia picta) | Guamo machete (Inga densiflora),Morales y Varón (2013); AMVA y UNAL (2014)
5791,Belén,2,0.6955,AsocioEP,ZVRecreacional,Grama,289.64,0.029,Zygia longifolia,Suribio,1,16.0,Alta,Casco de vaca (Bauhinia picta) | Guamo machete (Inga densiflora),Morales y Varón (2013); AMVA y UNAL (2014)
5793,Belén,2,0.6955,AsocioEP,ZVRecreacional,Grama,261.62,0.0262,Zygia longifolia,Suribio,1,16.0,Alta,Casco de vaca (Bauhinia picta) | Guamo machete (Inga densiflora),Morales y Varón (2013); AMVA y UNAL (2014)
6588,Belén,2,0.6955,AsocioEP,ZVRecreacional,Grama,502.86,0.0503,Zygia longifolia,Suribio,1,16.0,Alta,Casco de vaca (Bauhinia picta) | Guamo machete (Inga densiflora),Morales y Varón (2013); AMVA y UNAL (2014)
4654,Belén,2,0.6955,AsocioEP,EcoparqueQuebrada,Grama,430.8,0.0431,Zygia longifolia,Suribio,1,16.0,Alta,Casco de vaca (Bauhinia picta) | Guamo machete (Inga densiflora),Morales y Varón (2013); AMVA y UNAL (2014)
4655,Belén,2,0.6955,AsocioEP,EcoparqueQuebrada,Grama,422.56,0.0423,Zygia longifolia,Suribio,1,16.0,Alta,Casco de vaca (Bauhinia picta) | Guamo machete (Inga densiflora),Morales y Varón (2013); AMVA y UNAL (2014)
4623,Belén,2,0.6955,AsocioEP,ZVRecreacional,Grama,260.76,0.0261,Zygia longifolia,Suribio,1,16.0,Alta,Casco de vaca (Bauhinia picta) | Guamo machete (Inga densiflora),Morales y Varón (2013); AMVA y UNAL (2014)
4627,Belén,2,0.6955,AsocioEP,ZVRecreacional,Grama,302.49,0.0302,Zygia longifolia,Suribio,1,16.0,Alta,Casco de vaca (Bauhinia picta) | Guamo machete (Inga densiflora),Morales y Varón (2013); AMVA y UNAL (2014)
4640,Belén,2,0.6955,AsocioEP,ParqueRec,Grama,428.98,0.0429,Zygia longifolia,Suribio,1,16.0,Alta,Casco de vaca (Bauhinia picta) | Guamo machete (Inga densiflora),Morales y Varón (2013); AMVA y UNAL (2014)
4643,Belén,2,0.6955,AsocioEP,ParqueRec,Grama,427.9,0.0428,Zygia longifolia,Suribio,1,16.0,Alta,Casco de vaca (Bauhinia picta) | Guamo machete (Inga densiflora),Morales y Varón (2013); AMVA y UNAL (2014)
4645,Belén,2,0.6955,AsocioEP,ParqueRec,Grama,300.7,0.0301,Zygia longifolia,Suribio,1,16.0,Alta,Casco de vaca (Bauhinia picta) | Guamo machete (Inga densiflora),Morales y Varón (2013); AMVA y UNAL (2014)
4646,Belén,2,0.6955,AsocioEP,ParqueRec,Grama,260.7,0.0261,Zygia longifolia,Suribio,1,16.0,Alta,Casco de vaca (Bauhinia picta) | Guamo machete (Inga densiflora),Morales y Varón (2013); AMVA y UNAL (2014)
4649,Belén,2,0.6955,AsocioEP,ParqueRec,Grama,280.29,0.028,Zygia longifolia,Suribio,1,16.0,Alta,Casco de vaca (Bauhinia picta) | Guamo machete (Inga densiflora),Morales y Varón (2013); AMVA y UNAL (2014)
4652,Belén,2,0.6955,AsocioEP,ParqueRec,Grama,375.35,0.0375,Zygia longifolia,Suribio,1,16.0,Alta,Casco de vaca (Bauhinia picta) | Guamo machete (Inga densiflora),Morales y Varón (2013); AMVA y UNAL (2014)
4998,Belén,2,0.6955,AsocioEP,ZVRecreacional,Grama,337.58,0.0338,Zygia longifolia,Suribio,1,16.0,Alta,Casco de vaca (Bauhinia picta) | Guamo machete (Inga densiflora),Morales y Varón (2013); AMVA y UNAL (2014)
7179,Belén,2,0.6955,AsocioMovilidad,Antejardin,Grama,83.37,0.0083,Calliandra haematocephala,Carbonero flor roja,1,8.5,Media,Ninguna,Morales y Varón (2013); AMVA y UNAL (2014)
6538,Belén,2,0.6955,AsocioMovilidad,FranjaAmoblamiento,Grama,455.28,0.0455,Zygia longifolia,Suribio,1,16.0,Alta,Casco de vaca (Bauhinia picta) | Carbonero flor roja (Calliandra haematocephala),Morales y Varón (2013); AMVA y UNAL (2014)
10574,Belén,2,0.6955,AsocioEP,ParqueCiv,Grama,385.45,0.0385,Zygia longifolia,Suribio,1,16.0,Alta,Casco de vaca (Bauhinia picta) | Carbonero flor roja (Calliandra haematocephala),Morales y Varón (2013); AMVA y UNAL (2014)
5973,Belén,2,0.6955,AsocioEP,ZVRecreacional,Grama,476.43,0.0476,Zygia longifolia,Suribio,1,16.0,Alta,Casco de vaca (Bauhinia picta) | Guamo machete (Inga densiflora),Morales y Varón (2013); AMVA y UNAL (2014)
5989,Belén,2,0.6955,AsocioMovilidad,FranjaAmoblamiento,Grama,327.5,0.0327,Zygia longifolia,Suribio,1,16.0,Alta,Casco de vaca (Bauhinia picta) | Carbonero flor roja (Calliandra haematocephala),Morales y Varón (2013); AMVA y UNAL (2014)
6188,Belén,2,0.6955,AsocioEP,ZVRecreacional,Grama,364.59,0.0365,Zygia longifolia,Suribio,1,16.0,Alta,Casco de vaca (Bauhinia picta) | Guamo machete (Inga densiflora),Morales y Varón (2013); AMVA y UNAL (2014)
6343,Belén,2,0.6955,AsocioMovilidad,FranjaAmoblamiento,Grama,262.37,0.0262,Zygia longifolia,Suribio,1,16.0,Alta,Casco de vaca (Bauhinia picta) | Carbonero flor roja (Calliandra haematocephala),Morales y Varón (2013); AMVA y UNAL (2014)
6371,Belén,2,0.6955,AsocioMovilidad,FranjaAmoblamiento,Grama,341.06,0.0341,Zygia longifolia,Suribio,1,16.0,Alta,Casco de vaca (Bauhinia picta) | Carbonero flor roja (Calliandra haematocephala),Morales y Varón (2013); AMVA y UNAL (2014)
6577,Belén,2,0.6955,AsocioEP,ZVRecreacional,Grama,292.85,0.0293,Zygia longifolia,Suribio,1,16.0,Alta,Casco de vaca (Bauhinia picta) | Guamo machete (Inga densiflora),Morales y Varón (2013); AMVA y UNAL (2014)
6982,Belén,2,0.6955,AsocioMovilidad,Antejardin,Grama,80.4,0.008,Calliandra haematocephala,Carbonero flor roja,1,8.5,Media,Ninguna,Morales y Varón (2013); AMVA y UNAL (2014)
7023,Belén,2,0.6955,AsocioMovilidad,Antejardin,Grama,130.36,0.013,Calliandra haematocephala,Carbonero flor roja,1,8.5,Media,Ninguna,Morales y Varón (2013); AMVA y UNAL (2014)
7030,Belén,2,0.6955,AsocioMovilidad,Antejardin,Grama,109.6,0.011,Calliandra haematocephala,Carbonero flor roja,1,8.5,Media,Ninguna,Morales y Varón (2013); AMVA y UNAL (2014)
7350,Belén,2,0.6955,AsocioMovilidad,Antejardin,Grama,126.38,0.0126,Calliandra haematocephala,Carbonero flor roja,1,8.5,Media,Ninguna,Morales y Varón (2013); AMVA y UNAL (2014)
7201,Belén,2,0.6955,AsocioEP,ZVRecreacional,Grama,299.55,0.03,Zygia longifolia,Suribio,1,16.0,Alta,Casco de vaca (Bauhinia picta) | Guamo machete (Inga densiflora),Morales y Varón (2013); AMVA y UNAL (2014)
7710,Belén,2,0.6955,AsocioUrbanistico,RetiroQuebradas,Grama,448.31,0.0448,Zygia longifolia,Suribio,1,16.0,Alta,Casco de vaca (Bauhinia picta) | Guamo machete (Inga densiflora),Morales y Varón (2013); AMVA y UNAL (2014)
8244,Belén,2,0.6955,AsocioMovilidad,FranjaAmoblamiento,Grama,258.01,0.0258,Zygia longifolia,Suribio,1,16.0,Alta,Casco de vaca (Bauhinia picta) | Carbonero flor roja (Calliandra haematocephala),Morales y Varón (2013); AMVA y UNAL (2014)
10338,Belén,2,0.6955,AsocioMovilidad,Antejardin,Grama,100.44,0.01,Calliandra haematocephala,Carbonero flor roja,1,8.5,Media,Ninguna,Morales y Varón (2013); AMVA y UNAL (2014)
9732,Belén,2,0.6955,AsocioEP,ZVRecreacional,Grama,322.78,0.0323,Zygia longifolia,Suribio,1,16.0,Alta,Casco de vaca (Bauhinia picta) | Guamo machete (Inga densiflora),Morales y Varón (2013); AMVA y UNAL (2014)
10611,Belén,2,0.6955,AsocioEP,ZVRecreacional,Grama,349.64,0.035,Zygia longifolia,Suribio,1,16.0,Alta,Casco de vaca (Bauhinia picta) | Guamo machete (Inga densiflora),Morales y Varón (2013); AMVA y UNAL (2014)
10451,Belén,2,0.6955,AsocioMovilidad,FranjaAmoblamiento,Grama,418.45,0.0418,Zygia longifolia,Suribio,1,16.0,Alta,Casco de vaca (Bauhinia picta) | Carbonero flor roja (Calliandra haematocephala),Morales y Varón (2013); AMVA y UNAL (2014)
10490,Belén,2,0.6955,AsocioMovilidad,Antejardin,Grama,85.34,0.0085,Calliandra haematocephala,Carbonero flor roja,1,8.5,Media,Ninguna,Morales y Varón (2013); AMVA y UNAL (2014)
10508,Belén,2,0.6955,AsocioEP,ZVRecreacional,Grama,316.96,0.0317,Zygia longifolia,Suribio,1,16.0,Alta,Casco de vaca (Bauhinia picta) | Guamo machete (Inga densiflora),Morales y Varón (2013); AMVA y UNAL (2014)
10689,Belén,2,0.6955,AsocioEP,ParqueRec,Grama,305.46,0.0305,Zygia longifolia,Suribio,1,16.0,Alta,Casco de vaca (Bauhinia picta) | Guamo machete (Inga densiflora),Morales y Varón (2013); AMVA y UNAL (2014)
10777,Belén,2,0.6955,AsocioMovilidad,Antejardin,Grama,78.89,0.0079,Calliandra haematocephala,Carbonero flor roja,1,8.5,Media,Ninguna,Morales y Varón (2013); AMVA y UNAL (2014)
11419,Belén,2,0.6955,AsocioEP,ParqueRec,Grama,300.36,0.03,Zygia longifolia,Suribio,1,16.0,Alta,Casco de vaca (Bauhinia picta) | Guamo machete (Inga densiflora),Morales y Varón (2013); AMVA y UNAL (2014)
35497,Castilla,3,0.6593,AsocioMovilidad,Antejardin,Grama,2789.16,0.2789,Calliandra haematocephala,Carbonero flor roja,38,8.5,Media,Ninguna,Morales y Varón (2013); AMVA y UNAL (2014)
25388,Castilla,3,0.6593,AsocioEP,ZVRecreacional,Grama,9042.42,0.9042,Zygia longifolia,Suribio,35,16.0,Alta,Casco de vaca (Bauhinia picta) | Guamo machete (Inga densiflora),Morales y Varón (2013); AMVA y UNAL (2014)
27604,Castilla,3,0.6593,AsocioMovilidad,Antejardin,Grama,2571.73,0.2572,Calliandra haematocephala,Carbonero flor roja,35,8.5,Media,Ninguna,Morales y Varón (2013); AMVA y UNAL (2014)
27558,Castilla,3,0.6593,AsocioUrbanistico,RetiroQuebradas,Grama,7932.89,0.7933,Zygia longifolia,Suribio,30,16.0,Alta,Casco de vaca (Bauhinia picta) | Guamo machete (Inga densiflora),Morales y Varón (2013); AMVA y UNAL (2014)
32543,Castilla,3,0.6593,AsocioUrbanistico,RetiroQuebradas,Grama,7694.91,0.7695,Zygia longifolia,Suribio,30,16.0,Alta,Casco de vaca (Bauhinia picta) | Guamo machete (Inga densiflora),Morales y Varón (2013); AMVA y UNAL (2014)
27609,Castilla,3,0.6593,AsocioMovilidad,Separador,Grama,6649.32,0.6649,Zygia longifolia,Suribio,25,16.0,Alta,Casco de vaca (Bauhinia picta) | Carbonero flor roja (Calliandra haematocephala),Morales y Varón (2013); AMVA y UNAL (2014)
26084,Castilla,3,0.6593,AsocioMovilidad,Separador,Grama,5785.66,0.5786,Zygia longifolia,Suribio,22,16.0,Alta,Casco de vaca (Bauhinia picta) | Carbonero flor roja (Calliandra haematocephala),Morales y Varón (2013); AMVA y UNAL (2014)
27759,Castilla,3,0.6593,AsocioMovilidad,Antejardin,Grama,1401.05,0.1401,Calliandra haematocephala,Carbonero flor roja,19,8.5,Media,Ninguna,Morales y Varón (2013); AMVA y UNAL (2014)
35599,Castilla,3,0.6593,AsocioMovilidad,OrejaPuente,Grama,4725.7,0.4726,Zygia longifolia,Suribio,18,16.0,Alta,Casco de vaca (Bauhinia picta),Morales y Varón (2013); AMVA y UNAL (2014)
25378,Castilla,3,0.6593,AsocioMovilidad,Separador,Grama,4462.14,0.4462,Zygia longifolia,Suribio,17,16.0,Alta,Casco de vaca (Bauhinia picta) | Carbonero flor roja (Calliandra haematocephala),Morales y Varón (2013); AMVA y UNAL (2014)
27534,Castilla,3,0.6593,AsocioUrbanistico,RetiroQuebradas,Grama,4553.95,0.4554,Zygia longifolia,Suribio,17,16.0,Alta,Casco de vaca (Bauhinia picta) | Guamo machete (Inga densiflora),Morales y Varón (2013); AMVA y UNAL (2014)
35598,Castilla,3,0.6593,AsocioMovilidad,OrejaPuente,Grama,4246.49,0.4246,Zygia longifolia,Suribio,16,16.0,Alta,Casco de vaca (Bauhinia picta),Morales y Varón (2013); AMVA y UNAL (2014)
27596,Castilla,3,0.6593,AsocioEP,ZVRecreacional,Grama,3868.88,0.3869,Zygia longifolia,Suribio,15,16.0,Alta,Casco de vaca (Bauhinia picta) | Guamo machete (Inga densiflora),Morales y Varón (2013); AMVA y UNAL (2014)
27839,Castilla,3,0.6593,AsocioMovilidad,Glorieta,Grama,3253.6,0.3254,Zygia longifolia,Suribio,12,16.0,Alta,Casco de vaca (Bauhinia picta) | Carbonero flor roja (Calliandra haematocephala),Morales y Varón (2013); AMVA y UNAL (2014)
35564,Castilla,3,0.6593,AsocioMovilidad,FranjaAmoblamiento,Grama,3250.77,0.3251,Zygia longifolia,Suribio,12,16.0,Alta,Casco de vaca (Bauhinia picta) | Carbonero flor roja (Calliandra haematocephala),Morales y Varón (2013); AMVA y UNAL (2014)
27598,Castilla,3,0.6593,AsocioEP,ZVRecreacional,Grama,3189.0,0.3189,Zygia longifolia,Suribio,12,16.0,Alta,Casco de vaca (Bauhinia picta) | Guamo machete (Inga densiflora),Morales y Varón (2013); AMVA y UNAL (2014)
35486,Castilla,3,0.6593,AsocioMovilidad,OrejaPuente,Grama,2930.04,0.293,Zygia longifolia,Suribio,11,16.0,Alta,Casco de vaca (Bauhinia picta),Morales y Varón (2013); AMVA y UNAL (2014)
26279,Castilla,3,0.6593,AsocioMovilidad,Antejardin,Grama,754.54,0.0755,Calliandra haematocephala,Carbonero flor roja,10,8.5,Media,Ninguna,Morales y Varón (2013); AMVA y UNAL (2014)
26077,Castilla,3,0.6593,AsocioEP,ZVRecreacional,Grama,2529.02,0.2529,Zygia longifolia,Suribio,9,16.0,Alta,Casco de vaca (Bauhinia picta) | Guamo machete (Inga densiflora),Morales y Varón (2013); AMVA y UNAL (2014)
33577,Castilla,3,0.6593,AsocioMovilidad,Separador,Grama,2518.19,0.2518,Zygia longifolia,Suribio,9,16.0,Alta,Casco de vaca (Bauhinia picta) | Carbonero flor roja (Calliandra haematocephala),Morales y Varón (2013); AMVA y UNAL (2014)
35496,Castilla,3,0.6593,AsocioMovilidad,Antejardin,Grama,695.65,0.0696,Calliandra haematocephala,Carbonero flor roja,9,8.5,Media,Ninguna,Morales y Varón (2013); AMVA y UNAL (2014)
25270,Castilla,3,0.6593,AsocioEP,ZVRecreacional,Grama,2061.81,0.2062,Zygia longifolia,Suribio,8,16.0,Alta,Casco de vaca (Bauhinia picta) | Guamo machete (Inga densiflora),Morales y Varón (2013); AMVA y UNAL (2014)
32432,Castilla,3,0.6593,AsocioMovilidad,Separador,Grama,2184.66,0.2185,Zygia longifolia,Suribio,8,16.0,Alta,Casco de vaca (Bauhinia picta) | Carbonero flor roja (Calliandra haematocephala),Morales y Varón (2013); AMVA y UNAL (2014)
35611,Castilla,3,0.6593,AsocioMovilidad,Antejardin,Grama,614.72,0.0615,Calliandra haematocephala,Carbonero flor roja,8,8.5,Media,Ninguna,Morales y Varón (2013); AMVA y UNAL (2014)
27610,Castilla,3,0.6593,AsocioMovilidad,Antejardin,Grama,564.28,0.0564,Calliandra haematocephala,Carbonero flor roja,7,8.5,Media,Ninguna,Morales y Varón (2013); AMVA y UNAL (2014)
27637,Castilla,3,0.6593,AsocioEP,ZVRecreacional,Grama,1902.33,0.1902,Zygia longifolia,Suribio,7,16.0,Alta,Casco de vaca (Bauhinia picta) | Guamo machete (Inga densiflora),Morales y Varón (2013); AMVA y UNAL (2014)
30767,Castilla,3,0.6593,AsocioMovilidad,Antejardin,Grama,554.41,0.0554,Calliandra haematocephala,Carbonero flor roja,7,8.5,Media,Ninguna,Morales y Varón (2013); AMVA y UNAL (2014)
27623,Castilla,3,0.6593,AsocioEP,ZVRecreacional,Grama,1782.61,0.1783,Zygia longifolia,Suribio,6,16.0,Alta,Casco de vaca (Bauhinia picta) | Guamo machete (Inga densiflora),Morales y Varón (2013); AMVA y UNAL (2014)
27013,Castilla,3,0.6593,AsocioMovilidad,Glorieta,Grama,1557.27,0.1557,Zygia longifolia,Suribio,6,16.0,Alta,Casco de vaca (Bauhinia picta) | Carbonero flor roja (Calliandra haematocephala),Morales y Varón (2013); AMVA y UNAL (2014)
35495,Castilla,3,0.6593,AsocioMovilidad,Antejardin,Grama,479.85,0.048,Calliandra haematocephala,Carbonero flor roja,6,8.5,Media,Ninguna,Morales y Varón (2013); AMVA y UNAL (2014)
26004,Castilla,3,0.6593,AsocioMovilidad,FranjaAmoblamiento,Grama,1314.92,0.1315,Zygia longifolia,Suribio,5,16.0,Alta,Casco de vaca (Bauhinia picta) | Carbonero flor roja (Calliandra haematocephala),Morales y Varón (2013); AMVA y UNAL (2014)
27601,Castilla,3,0.6593,AsocioUrbanistico,RetiroQuebradas,Grama,1498.5,0.1499,Zygia longifolia,Suribio,5,16.0,Alta,Casco de vaca (Bauhinia picta) | Guamo machete (Inga densiflora),Morales y Varón (2013); AMVA y UNAL (2014)
28948,Castilla,3,0.6593,AsocioMovilidad,FranjaAmoblamiento,Grama,1522.19,0.1522,Zygia longifolia,Suribio,5,16.0,Alta,Casco de vaca (Bauhinia picta) | Carbonero flor roja (Calliandra haematocephala),Morales y Varón (2013); AMVA y UNAL (2014)
35308,Castilla,3,0.6593,AsocioMovilidad,Antejardin,Grama,428.37,0.0428,Calliandra haematocephala,Carbonero flor roja,5,8.5,Media,Ninguna,Morales y Varón (2013); AMVA y UNAL (2014)
35886,Castilla,3,0.6593,AsocioMovilidad,Antejardin,Grama,386.52,0.0387,Calliandra haematocephala,Carbonero flor roja,5,8.5,Media,Ninguna,Morales y Varón (2013); AMVA y UNAL (2014)
25269,Castilla,3,0.6593,AsocioMovilidad,Antejardin,Grama,342.0,0.0342,Calliandra haematocephala,Carbonero flor roja,4,8.5,Media,Ninguna,Morales y Varón (2013); AMVA y UNAL (2014)
25443,Castilla,3,0.6593,AsocioUrbanistico,RetiroQuebradas,Grama,1132.01,0.1132,Zygia longifolia,Suribio,4,16.0,Alta,Casco de vaca (Bauhinia picta) | Guamo machete (Inga densiflora),Morales y Varón (2013); AMVA y UNAL (2014)
27630,Castilla,3,0.6593,AsocioMovilidad,OrejaPuente,Tierra,840.9,0.0841,Zygia longifolia,Suribio,3,16.0,Alta,Casco de vaca (Bauhinia picta),Morales y Varón (2013); AMVA y UNAL (2014)
27760,Castilla,3,0.6593,AsocioMovilidad,Antejardin,Grama,240.18,0.024,Calliandra haematocephala,Carbonero flor roja,3,8.5,Media,Ninguna,Morales y Varón (2013); AMVA y UNAL (2014)
28918,Castilla,3,0.6593,AsocioMovilidad,Antejardin,Grama,286.39,0.0286,Calliandra haematocephala,Carbonero flor roja,3,8.5,Media,Ninguna,Morales y Varón (2013); AMVA y UNAL (2014)
27635,Castilla,3,0.6593,AsocioMovilidad,Separador,Grama,834.52,0.0835,Zygia longifolia,Suribio,3,16.0,Alta,Casco de vaca (Bauhinia picta) | Carbonero flor roja (Calliandra haematocephala),Morales y Varón (2013); AMVA y UNAL (2014)
27804,Castilla,3,0.6593,AsocioMovilidad,Antejardin,Grama,236.56,0.0237,Calliandra haematocephala,Carbonero flor roja,3,8.5,Media,Ninguna,Morales y Varón (2013); AMVA y UNAL (2014)
29007,Castilla,3,0.6593,AsocioMovilidad,Antejardin,Grama,284.34,0.0284,Calliandra haematocephala,Carbonero flor roja,3,8.5,Media,Ninguna,Morales y Varón (2013); AMVA y UNAL (2014)
28985,Castilla,3,0.6593,AsocioMovilidad,Separador,Grama,841.26,0.0841,Zygia longifolia,Suribio,3,16.0,Alta,Casco de vaca (Bauhinia picta) | Carbonero flor roja (Calliandra haematocephala),Morales y Varón (2013); AMVA y UNAL (2014)
28796,Castilla,3,0.6593,AsocioEP,ZVRecreacional,Grama,832.33,0.0832,Zygia longifolia,Suribio,3,16.0,Alta,Casco de vaca (Bauhinia picta) | Guamo machete (Inga densiflora),Morales y Varón (2013); AMVA y UNAL (2014)
28920,Castilla,3,0.6593,AsocioMovilidad,Separador,Grama,994.77,0.0995,Zygia longifolia,Suribio,3,16.0,Alta,Casco de vaca (Bauhinia picta) | Carbonero flor roja (Calliandra haematocephala),Morales y Varón (2013); AMVA y UNAL (2014)
30769,Castilla,3,0.6593,AsocioMovilidad,Antejardin,Grama,217.84,0.0218,Calliandra haematocephala,Carbonero flor roja,3,8.5,Media,Ninguna,Morales y Varón (2013); AMVA y UNAL (2014)
29228,Castilla,3,0.6593,AsocioUrbanistico,RetiroQuebradas,Grama,833.73,0.0834,Zygia longifolia,Suribio,3,16.0,Alta,Casco de vaca (Bauhinia picta) | Guamo machete (Inga densiflora),Morales y Varón (2013); AMVA y UNAL (2014)
30784,Castilla,3,0.6593,AsocioMovilidad,Antejardin,Grama,263.99,0.0264,Calliandra haematocephala,Carbonero flor roja,3,8.5,Media,Ninguna,Morales y Varón (2013); AMVA y UNAL (2014)
35490,Castilla,3,0.6593,AsocioMovilidad,Antejardin,Grama,238.18,0.0238,Calliandra haematocephala,Carbonero flor roja,3,8.5,Media,Ninguna,Morales y Varón (2013); AMVA y UNAL (2014)
35511,Castilla,3,0.6593,AsocioMovilidad,Separador,Grama,927.07,0.0927,Zygia longifolia,Suribio,3,16.0,Alta,Casco de vaca (Bauhinia picta) | Carbonero flor roja (Calliandra haematocephala),Morales y Varón (2013); AMVA y UNAL (2014)
35605,Castilla,3,0.6593,AsocioMovilidad,FranjaAmoblamiento,Grama,958.92,0.0959,Zygia longifolia,Suribio,3,16.0,Alta,Casco de vaca (Bauhinia picta) | Carbonero flor roja (Calliandra haematocephala),Morales y Varón (2013); AMVA y UNAL (2014)
27533,Castilla,3,0.6593,AsocioMovilidad,Antejardin,Grama,254.74,0.0255,Calliandra haematocephala,Carbonero flor roja,3,8.5,Media,Ninguna,Morales y Varón (2013); AMVA y UNAL (2014)
27632,Castilla,3,0.6593,AsocioMovilidad,Separador,Grama,732.68,0.0733,Zygia longifolia,Suribio,2,16.0,Alta,Casco de vaca (Bauhinia picta) | Carbonero flor roja (Calliandra haematocephala),Morales y Varón (2013); AMVA y UNAL (2014)
25375,Castilla,3,0.6593,AsocioMovilidad,Separador,Grama,531.56,0.0532,Zygia longifolia,Suribio,2,16.0,Alta,Casco de vaca (Bauhinia picta) | Carbonero flor roja (Calliandra haematocephala),Morales y Varón (2013); AMVA y UNAL (2014)
27624,Castilla,3,0.6593,AsocioEP,ZVRecreacional,Grama,523.72,0.0524,Zygia longifolia,Suribio,2,16.0,Alta,Casco de vaca (Bauhinia picta) | Guamo machete (Inga densiflora),Morales y Varón (2013); AMVA y UNAL (2014)
26075,Castilla,3,0.6593,AsocioEP,ZVRecreacional,Grama,605.84,0.0606,Zygia longifolia,Suribio,2,16.0,Alta,Casco de vaca (Bauhinia picta) | Guamo machete (Inga densiflora),Morales y Varón (2013); AMVA y UNAL (2014)
27018,Castilla,3,0.6593,AsocioMovilidad,Separador,Grama,661.17,0.0661,Zygia longifolia,Suribio,2,16.0,Alta,Casco de vaca (Bauhinia picta) | Carbonero flor roja (Calliandra haematocephala),Morales y Varón (2013); AMVA y UNAL (2014)
27840,Castilla,3,0.6593,AsocioMovilidad,Separador,Grama,701.49,0.0701,Zygia longifolia,Suribio,2,16.0,Alta,Casco de vaca (Bauhinia picta) | Carbonero flor roja (Calliandra haematocephala),Morales y Varón (2013); AMVA y UNAL (2014)
27597,Castilla,3,0.6593,AsocioEP,ZVRecreacional,Grama,760.69,0.0761,Zygia longifolia,Suribio,2,16.0,Alta,Casco de vaca (Bauhinia picta) | Guamo machete (Inga densiflora),Morales y Varón (2013); AMVA y UNAL (2014)
27708,Castilla,3,0.6593,AsocioMovilidad,Antejardin,Grama,160.07,0.016,Calliandra haematocephala,Carbonero flor roja,2,8.5,Media,Ninguna,Morales y Varón (2013); AMVA y UNAL (2014)
32199,Castilla,3,0.6593,AsocioUrbanistico,RetiroQuebradas,Tierra,629.67,0.063,Zygia longifolia,Suribio,2,16.0,Alta,Casco de vaca (Bauhinia picta) | Guamo machete (Inga densiflora),Morales y Varón (2013); AMVA y UNAL (2014)
33580,Castilla,3,0.6593,AsocioMovilidad,FranjaAmoblamiento,Grama,578.78,0.0579,Zygia longifolia,Suribio,2,16.0,Alta,Casco de vaca (Bauhinia picta) | Carbonero flor roja (Calliandra haematocephala),Morales y Varón (2013); AMVA y UNAL (2014)
35528,Castilla,3,0.6593,AsocioMovilidad,Antejardin,Grama,165.13,0.0165,Calliandra haematocephala,Carbonero flor roja,2,8.5,Media,Ninguna,Morales y Varón (2013); AMVA y UNAL (2014)
27796,Castilla,3,0.6593,AsocioMovilidad,FranjaAmoblamiento,Grama,590.42,0.059,Zygia longifolia,Suribio,2,16.0,Alta,Casco de vaca (Bauhinia picta) | Carbonero flor roja (Calliandra haematocephala),Morales y Varón (2013); AMVA y UNAL (2014)
25979,Castilla,3,0.6593,AsocioMovilidad,Antejardin,Grama,111.15,0.0111,Calliandra haematocephala,Carbonero flor roja,1,8.5,Media,Ninguna,Morales y Varón (2013); AMVA y UNAL (2014)
26081,Castilla,3,0.6593,AsocioEP,ZVRecreacional,Grama,315.86,0.0316,Zygia longifolia,Suribio,1,16.0,Alta,Casco de vaca (Bauhinia picta) | Guamo machete (Inga densiflora),Morales y Varón (2013); AMVA y UNAL (2014)
27758,Castilla,3,0.6593,AsocioMovilidad,Separador,Grama,301.69,0.0302,Zygia longifolia,Suribio,1,16.0,Alta,Casco de vaca (Bauhinia picta) | Carbonero flor roja (Calliandra haematocephala),Morales y Varón (2013); AMVA y UNAL (2014)
25376,Castilla,3,0.6593,AsocioMovilidad,FranjaAmoblamiento,Grama,434.51,0.0435,Zygia longifolia,Suribio,1,16.0,Alta,Casco de vaca (Bauhinia picta) | Carbonero flor roja (Calliandra haematocephala),Morales y Varón (2013); AMVA y UNAL (2014)
25379,Castilla,3,0.6593,AsocioMovilidad,FranjaAmoblamiento,Grama,380.85,0.0381,Zygia longifolia,Suribio,1,16.0,Alta,Casco de vaca (Bauhinia picta) | Carbonero flor roja (Calliandra haematocephala),Morales y Varón (2013); AMVA y UNAL (2014)
26099,Castilla,3,0.6593,AsocioMovilidad,Antejardin,Grama,128.85,0.0129,Calliandra haematocephala,Carbonero flor roja,1,8.5,Media,Ninguna,Morales y Varón (2013); AMVA y UNAL (2014)
26280,Castilla,3,0.6593,AsocioMovilidad,Antejardin,Grama,128.89,0.0129,Calliandra haematocephala,Carbonero flor roja,1,8.5,Media,Ninguna,Morales y Varón (2013); AMVA y UNAL (2014)
26514,Castilla,3,0.6593,AsocioMovilidad,Antejardin,Grama,91.12,0.0091,Calliandra haematocephala,Carbonero flor roja,1,8.5,Media,Ninguna,Morales y Varón (2013); AMVA y UNAL (2014)
27636,Castilla,3,0.6593,AsocioMovilidad,Separador,Grama,405.34,0.0405,Zygia longifolia,Suribio,1,16.0,Alta,Casco de vaca (Bauhinia picta) | Carbonero flor roja (Calliandra haematocephala),Morales y Varón (2013); AMVA y UNAL (2014)
27524,Castilla,3,0.6593,AsocioMovilidad,Separador,Grama,290.66,0.0291,Zygia longifolia,Suribio,1,16.0,Alta,Casco de vaca (Bauhinia picta) | Carbonero flor roja (Calliandra haematocephala),Morales y Varón (2013); AMVA y UNAL (2014)
27531,Castilla,3,0.6593,AsocioMovilidad,Antejardin,Grama,114.68,0.0115,Calliandra haematocephala,Carbonero flor roja,1,8.5,Media,Ninguna,Morales y Varón (2013); AMVA y UNAL (2014)
27541,Castilla,3,0.6593,AsocioMovilidad,FranjaAmoblamiento,Grama,360.7,0.0361,Zygia longifolia,Suribio,1,16.0,Alta,Casco de vaca (Bauhinia picta) | Carbonero flor roja (Calliandra haematocephala),Morales y Varón (2013); AMVA y UNAL (2014)
27602,Castilla,3,0.6593,AsocioEP,ZVRecreacional,Grama,484.14,0.0484,Zygia longifolia,Suribio,1,16.0,Alta,Casco de vaca (Bauhinia picta) | Guamo machete (Inga densiflora),Morales y Varón (2013); AMVA y UNAL (2014)
28859,Castilla,3,0.6593,AsocioMovilidad,Antejardin,Grama,81.13,0.0081,Calliandra haematocephala,Carbonero flor roja,1,8.5,Media,Ninguna,Morales y Varón (2013); AMVA y UNAL (2014)
28860,Castilla,3,0.6593,AsocioMovilidad,Antejardin,Grama,84.63,0.0085,Calliandra haematocephala,Carbonero flor roja,1,8.5,Media,Ninguna,Morales y Varón (2013); AMVA y UNAL (2014)
27709,Castilla,3,0.6593,AsocioMovilidad,Antejardin,Grama,76.77,0.0077,Calliandra haematocephala,Carbonero flor roja,1,8.5,Media,Ninguna,Morales y Varón (2013); AMVA y UNAL (2014)
27787,Castilla,3,0.6593,AsocioMovilidad,Antejardin,Grama,121.26,0.0121,Calliandra haematocephala,Carbonero flor roja,1,8.5,Media,Ninguna,Morales y Varón (2013); AMVA y UNAL (2014)
28972,Castilla,3,0.6593,AsocioMovilidad,Separador,Grama,360.69,0.0361,Zygia longifolia,Suribio,1,16.0,Alta,Casco de vaca (Bauhinia picta) | Carbonero flor roja (Calliandra haematocephala),Morales y Varón (2013); AMVA y UNAL (2014)
29003,Castilla,3,0.6593,AsocioMovilidad,Antejardin,Grama,140.57,0.0141,Calliandra haematocephala,Carbonero flor roja,1,8.5,Media,Ninguna,Morales y Varón (2013); AMVA y UNAL (2014)
28982,Castilla,3,0.6593,AsocioMovilidad,Separador,Grama,298.63,0.0299,Zygia longifolia,Suribio,1,16.0,Alta,Casco de vaca (Bauhinia picta) | Carbonero flor roja (Calliandra haematocephala),Morales y Varón (2013); AMVA y UNAL (2014)
28885,Castilla,3,0.6593,AsocioMovilidad,Antejardin,Grama,116.67,0.0117,Calliandra haematocephala,Carbonero flor roja,1,8.5,Media,Ninguna,Morales y Varón (2013); AMVA y UNAL (2014)
28929,Castilla,3,0.6593,AsocioMovilidad,Antejardin,Grama,144.06,0.0144,Calliandra haematocephala,Carbonero flor roja,1,8.5,Media,Ninguna,Morales y Varón (2013); AMVA y UNAL (2014)
28933,Castilla,3,0.6593,AsocioMovilidad,Antejardin,Grama,108.81,0.0109,Calliandra haematocephala,Carbonero flor roja,1,8.5,Media,Ninguna,Morales y Varón (2013); AMVA y UNAL (2014)
28938,Castilla,3,0.6593,AsocioMovilidad,Separador,Grama,295.44,0.0295,Zygia longifolia,Suribio,1,16.0,Alta,Casco de vaca (Bauhinia picta) | Carbonero flor roja (Calliandra haematocephala),Morales y Varón (2013); AMVA y UNAL (2014)
28947,Castilla,3,0.6593,AsocioMovilidad,FranjaAmoblamiento,Grama,411.14,0.0411,Zygia longifolia,Suribio,1,16.0,Alta,Casco de vaca (Bauhinia picta) | Carbonero flor roja (Calliandra haematocephala),Morales y Varón (2013); AMVA y UNAL (2014)
28964,Castilla,3,0.6593,AsocioMovilidad,Separador,Grama,354.07,0.0354,Zygia longifolia,Suribio,1,16.0,Alta,Casco de vaca (Bauhinia picta) | Carbonero flor roja (Calliandra haematocephala),Morales y Varón (2013); AMVA y UNAL (2014)
28997,Castilla,3,0.6593,AsocioMovilidad,Separador,Grama,402.19,0.0402,Zygia longifolia,Suribio,1,16.0,Alta,Casco de vaca (Bauhinia picta) | Carbonero flor roja (Calliandra haematocephala),Morales y Varón (2013); AMVA y UNAL (2014)
28979,Castilla,3,0.6593,AsocioMovilidad,Separador,Grama,432.08,0.0432,Zygia longifolia,Suribio,1,16.0,Alta,Casco de vaca (Bauhinia picta) | Carbonero flor roja (Calliandra haematocephala),Morales y Varón (2013); AMVA y UNAL (2014)
32505,Castilla,3,0.6593,AsocioMovilidad,Separador,Grama,324.11,0.0324,Zygia longifolia,Suribio,1,16.0,Alta,Casco de vaca (Bauhinia picta) | Carbonero flor roja (Calliandra haematocephala),Morales y Varón (2013); AMVA y UNAL (2014)
32193,Castilla,3,0.6593,AsocioMovilidad,Antejardin,Grama,82.75,0.0083,Calliandra haematocephala,Carbonero flor roja,1,8.5,Media,Ninguna,Morales y Varón (2013); AMVA y UNAL (2014)
32194,Castilla,3,0.6593,AsocioMovilidad,Antejardin,Tierra,115.35,0.0115,Calliandra haematocephala,Carbonero flor roja,1,8.5,Media,Ninguna,Morales y Varón (2013); AMVA y UNAL (2014)
32198,Castilla,3,0.6593,AsocioMovilidad,Antejardin,Tierra,110.25,0.011,Calliandra haematocephala,Carbonero flor roja,1,8.5,Media,Ninguna,Morales y Varón (2013); AMVA y UNAL (2014)
35487,Castilla,3,0.6593,AsocioMovilidad,Antejardin,Grama,88.78,0.0089,Calliandra haematocephala,Carbonero flor roja,1,8.5,Media,Ninguna,Morales y Varón (2013); AMVA y UNAL (2014)
33581,Castilla,3,0.6593,AsocioMovilidad,FranjaAmoblamiento,Grama,297.15,0.0297,Zygia longifolia,Suribio,1,16.0,Alta,Casco de vaca (Bauhinia picta) | Carbonero flor roja (Calliandra haematocephala),Morales y Varón (2013); AMVA y UNAL (2014)
34747,Castilla,3,0.6593,AsocioMovilidad,Separador,Grama,269.94,0.027,Zygia longifolia,Suribio,1,16.0,Alta,Casco de vaca (Bauhinia picta) | Carbonero flor roja (Calliandra haematocephala),Morales y Varón (2013); AMVA y UNAL (2014)
35540,Castilla,3,0.6593,AsocioMovilidad,Antejardin,Grama,73.6,0.0074,Calliandra haematocephala,Carbonero flor roja,1,8.5,Media,Ninguna,Morales y Varón (2013); AMVA y UNAL (2014)
35580,Castilla,3,0.6593,AsocioMovilidad,FranjaAmoblamiento,Grama,310.56,0.0311,Zygia longifolia,Suribio,1,16.0,Alta,Casco de vaca (Bauhinia picta) | Carbonero flor roja (Calliandra haematocephala),Morales y Varón (2013); AMVA y UNAL (2014)
35449,Castilla,3,0.6593,AsocioMovilidad,Antejardin,Grama,79.66,0.008,Calliandra haematocephala,Carbonero flor roja,1,8.5,Media,Ninguna,Morales y Varón (2013); AMVA y UNAL (2014)
35451,Castilla,3,0.6593,AsocioMovilidad,Antejardin,Grama,95.3,0.0095,Calliandra haematocephala,Carbonero flor roja,1,8.5,Media,Ninguna,Morales y Varón (2013); AMVA y UNAL (2014)
35494,Castilla,3,0.6593,AsocioMovilidad,FranjaAmoblamiento,Grama,438.73,0.0439,Zygia longifolia,Suribio,1,16.0,Alta,Casco de vaca (Bauhinia picta) | Carbonero flor roja (Calliandra haematocephala),Morales y Varón (2013); AMVA y UNAL (2014)
35521,Castilla,3,0.6593,AsocioMovilidad,FranjaAmoblamiento,Grama,388.29,0.0388,Zygia longifolia,Suribio,1,16.0,Alta,Casco de vaca (Bauhinia picta) | Carbonero flor roja (Calliandra haematocephala),Morales y Varón (2013); AMVA y UNAL (2014)
27631,Castilla,3,0.6593,AsocioMovilidad,OrejaPuente,Grama,281.8,0.0282,Zygia longifolia,Suribio,1,16.0,Alta,Casco de vaca (Bauhinia picta),Morales y Varón (2013); AMVA y UNAL (2014)
33296,La Candelaria,4,0.6509,AsocioMovilidad,OrejaPuente,Grama,14176.96,1.4177,Zygia longifolia,Suribio,55,16.0,Alta,Casco de vaca (Bauhinia picta),Morales y Varón (2013); AMVA y UNAL (2014)
1222,La Candelaria,4,0.6509,AsocioMovilidad,FajasTaludes,Grama,5983.11,0.5983,Inga densiflora,Guamo machete,26,15.0,Alta,Ninguna,Catálogo UNAL; GBIF; POWO (Kew)
19976,La Candelaria,4,0.6509,AsocioUrbanistico,RetiroQuebradas,Tierra,6775.68,0.6776,Zygia longifolia,Suribio,26,16.0,Alta,Casco de vaca (Bauhinia picta) | Guamo machete (Inga densiflora),Morales y Varón (2013); AMVA y UNAL (2014)
2073,La Candelaria,4,0.6509,AsocioMovilidad,Glorieta,Grama,5156.81,0.5157,Zygia longifolia,Suribio,20,16.0,Alta,Casco de vaca (Bauhinia picta) | Carbonero flor roja (Calliandra haematocephala),Morales y Varón (2013); AMVA y UNAL (2014)
33295,La Candelaria,4,0.6509,AsocioMovilidad,OrejaPuente,Grama,4957.9,0.4958,Zygia longifolia,Suribio,19,16.0,Alta,Casco de vaca (Bauhinia picta),Morales y Varón (2013); AMVA y UNAL (2014)
3654,La Candelaria,4,0.6509,AsocioEP,ParqueRec,Grama,4853.01,0.4853,Zygia longifolia,Suribio,18,16.0,Alta,Casco de vaca (Bauhinia picta) | Guamo machete (Inga densiflora),Morales y Varón (2013); AMVA y UNAL (2014)
36105,La Candelaria,4,0.6509,AsocioMovilidad,OrejaPuente,Grama,4418.52,0.4419,Zygia longifolia,Suribio,17,16.0,Alta,Casco de vaca (Bauhinia picta),Morales y Varón (2013); AMVA y UNAL (2014)
4439,La Candelaria,4,0.6509,AsocioMovilidad,OrejaPuente,Grama,4578.94,0.4579,Zygia longifolia,Suribio,17,16.0,Alta,Casco de vaca (Bauhinia picta),Morales y Varón (2013); AMVA y UNAL (2014)
4441,La Candelaria,4,0.6509,AsocioMovilidad,OrejaPuente,Grama,4155.46,0.4155,Zygia longifolia,Suribio,16,16.0,Alta,Casco de vaca (Bauhinia picta),Morales y Varón (2013); AMVA y UNAL (2014)
4438,La Candelaria,4,0.6509,AsocioMovilidad,OrejaPuente,Grama,3600.0,0.36,Zygia longifolia,Suribio,14,16.0,Alta,Casco de vaca (Bauhinia picta),Morales y Varón (2013); AMVA y UNAL (2014)
2745,La Candelaria,4,0.6509,AsocioEP,ZVRecreacional,Grama,3308.29,0.3308,Zygia longifolia,Suribio,12,16.0,Alta,Casco de vaca (Bauhinia picta) | Guamo machete (Inga densiflora),Morales y Varón (2013); AMVA y UNAL (2014)
4442,La Candelaria,4,0.6509,AsocioMovilidad,OrejaPuente,Grama,3119.82,0.312,Zygia longifolia,Suribio,12,16.0,Alta,Casco de vaca (Bauhinia picta),Morales y Varón (2013); AMVA y UNAL (2014)
7683,La Candelaria,4,0.6509,AsocioMovilidad,Separador,Grama,3129.66,0.313,Zygia longifolia,Suribio,12,16.0,Alta,Casco de vaca (Bauhinia picta) | Carbonero flor roja (Calliandra haematocephala),Morales y Varón (2013); AMVA y UNAL (2014)
32526,La Candelaria,4,0.6509,AsocioMovilidad,FranjaAmoblamiento,Grama,2971.23,0.2971,Zygia longifolia,Suribio,11,16.0,Alta,Casco de vaca (Bauhinia picta) | Carbonero flor roja (Calliandra haematocephala),Morales y Varón (2013); AMVA y UNAL (2014)
32531,La Candelaria,4,0.6509,AsocioMovilidad,Separador,Grama,2828.46,0.2828,Zygia longifolia,Suribio,11,16.0,Alta,Casco de vaca (Bauhinia picta) | Carbonero flor roja (Calliandra haematocephala),Morales y Varón (2013); AMVA y UNAL (2014)
36270,La Candelaria,4,0.6509,AsocioMovilidad,OrejaPuente,Grama,2977.19,0.2977,Zygia longifolia,Suribio,11,16.0,Alta,Casco de vaca (Bauhinia picta),Morales y Varón (2013); AMVA y UNAL (2014)
26541,La Candelaria,4,0.6509,AsocioMovilidad,Separador,Grama,2784.44,0.2784,Zygia longifolia,Suribio,10,16.0,Alta,Casco de vaca (Bauhinia picta) | Carbonero flor roja (Calliandra haematocephala),Morales y Varón (2013); AMVA y UNAL (2014)
36107,La Candelaria,4,0.6509,AsocioMovilidad,FranjaAmoblamiento,Grama,2776.11,0.2776,Zygia longifolia,Suribio,10,16.0,Alta,Casco de vaca (Bauhinia picta) | Carbonero flor roja (Calliandra haematocephala),Morales y Varón (2013); AMVA y UNAL (2014)
3891,La Candelaria,4,0.6509,AsocioMovilidad,Antejardin,Grama,771.05,0.0771,Calliandra haematocephala,Carbonero flor roja,10,8.5,Media,Ninguna,Morales y Varón (2013); AMVA y UNAL (2014)
3951,La Candelaria,4,0.6509,AsocioMovilidad,Antejardin,Tierra,733.32,0.0733,Calliandra haematocephala,Carbonero flor roja,10,8.5,Media,Ninguna,Morales y Varón (2013); AMVA y UNAL (2014)
7702,La Candelaria,4,0.6509,AsocioMovilidad,Antejardin,Grama,753.07,0.0753,Calliandra haematocephala,Carbonero flor roja,10,8.5,Media,Ninguna,Morales y Varón (2013); AMVA y UNAL (2014)
34807,La Candelaria,4,0.6509,AsocioMovilidad,OrejaPuente,Grama,2341.09,0.2341,Zygia longifolia,Suribio,9,16.0,Alta,Casco de vaca (Bauhinia picta),Morales y Varón (2013); AMVA y UNAL (2014)
36276,La Candelaria,4,0.6509,AsocioMovilidad,OrejaPuente,Grama,2478.53,0.2479,Zygia longifolia,Suribio,9,16.0,Alta,Casco de vaca (Bauhinia picta),Morales y Varón (2013); AMVA y UNAL (2014)
48685,La Candelaria,4,0.6509,AsocioMovilidad,Separador,Grama,2495.67,0.2496,Zygia longifolia,Suribio,9,16.0,Alta,Casco de vaca (Bauhinia picta) | Carbonero flor roja (Calliandra haematocephala),Morales y Varón (2013); AMVA y UNAL (2014)
3902,La Candelaria,4,0.6509,AsocioEP,ParqueCiv,Grama,2486.55,0.2487,Zygia longifolia,Suribio,9,16.0,Alta,Casco de vaca (Bauhinia picta) | Carbonero flor roja (Calliandra haematocephala),Morales y Varón (2013); AMVA y UNAL (2014)
4174,La Candelaria,4,0.6509,AsocioUrbanistico,RetiroQuebradas,Grama,2319.97,0.232,Zygia longifolia,Suribio,9,16.0,Alta,Casco de vaca (Bauhinia picta) | Guamo machete (Inga densiflora),Morales y Varón (2013); AMVA y UNAL (2014)
36278,La Candelaria,4,0.6509,AsocioMovilidad,OrejaPuente,Grama,2269.98,0.227,Zygia longifolia,Suribio,8,16.0,Alta,Casco de vaca (Bauhinia picta),Morales y Varón (2013); AMVA y UNAL (2014)
1337,La Candelaria,4,0.6509,AsocioMovilidad,Separador,Grama,2109.92,0.211,Zygia longifolia,Suribio,8,16.0,Alta,Casco de vaca (Bauhinia picta) | Carbonero flor roja (Calliandra haematocephala),Morales y Varón (2013); AMVA y UNAL (2014)
7645,La Candelaria,4,0.6509,AsocioMovilidad,OrejaPuente,Grama,2059.62,0.206,Zygia longifolia,Suribio,8,16.0,Alta,Casco de vaca (Bauhinia picta),Morales y Varón (2013); AMVA y UNAL (2014)
7703,La Candelaria,4,0.6509,AsocioMovilidad,OrejaPuente,Grama,2191.33,0.2191,Zygia longifolia,Suribio,8,16.0,Alta,Casco de vaca (Bauhinia picta),Morales y Varón (2013); AMVA y UNAL (2014)
3047,La Candelaria,4,0.6509,AsocioMovilidad,OrejaPuente,Grama,2026.25,0.2026,Zygia longifolia,Suribio,7,16.0,Alta,Casco de vaca (Bauhinia picta),Morales y Varón (2013); AMVA y UNAL (2014)
7698,La Candelaria,4,0.6509,AsocioUrbanistico,RetiroQuebradas,Grama,1797.78,0.1798,Zygia longifolia,Suribio,7,16.0,Alta,Casco de vaca (Bauhinia picta) | Guamo machete (Inga densiflora),Morales y Varón (2013); AMVA y UNAL (2014)
36115,La Candelaria,4,0.6509,AsocioEP,ParqueRec,Grama,1715.72,0.1716,Zygia longifolia,Suribio,6,16.0,Alta,Casco de vaca (Bauhinia picta) | Guamo machete (Inga densiflora),Morales y Varón (2013); AMVA y UNAL (2014)
36575,La Candelaria,4,0.6509,AsocioMovilidad,Antejardin,Grama,492.88,0.0493,Calliandra haematocephala,Carbonero flor roja,6,8.5,Media,Ninguna,Morales y Varón (2013); AMVA y UNAL (2014)
3234,La Candelaria,4,0.6509,AsocioMovilidad,OrejaPuente,Grama,1757.26,0.1757,Zygia longifolia,Suribio,6,16.0,Alta,Casco de vaca (Bauhinia picta),Morales y Varón (2013); AMVA y UNAL (2014)
4173,La Candelaria,4,0.6509,AsocioMovilidad,Separador,Grama,1550.37,0.155,Zygia longifolia,Suribio,6,16.0,Alta,Casco de vaca (Bauhinia picta) | Carbonero flor roja (Calliandra haematocephala),Morales y Varón (2013); AMVA y UNAL (2014)
4440,La Candelaria,4,0.6509,AsocioMovilidad,Separador,Grama,1653.76,0.1654,Zygia longifolia,Suribio,6,16.0,Alta,Casco de vaca (Bauhinia picta) | Carbonero flor roja (Calliandra haematocephala),Morales y Varón (2013); AMVA y UNAL (2014)
26536,La Candelaria,4,0.6509,AsocioMovilidad,OrejaPuente,Grama,1481.6,0.1482,Zygia longifolia,Suribio,5,16.0,Alta,Casco de vaca (Bauhinia picta),Morales y Varón (2013); AMVA y UNAL (2014)
33299,La Candelaria,4,0.6509,AsocioMovilidad,Glorieta,Grama,1407.49,0.1407,Zygia longifolia,Suribio,5,16.0,Alta,Casco de vaca (Bauhinia picta) | Carbonero flor roja (Calliandra haematocephala),Morales y Varón (2013); AMVA y UNAL (2014)
36108,La Candelaria,4,0.6509,AsocioMovilidad,Separador,Grama,1431.6,0.1432,Zygia longifolia,Suribio,5,16.0,Alta,Casco de vaca (Bauhinia picta) | Carbonero flor roja (Calliandra haematocephala),Morales y Varón (2013); AMVA y UNAL (2014)
36269,La Candelaria,4,0.6509,AsocioMovilidad,Antejardin,Grama,401.92,0.0402,Calliandra haematocephala,Carbonero flor roja,5,8.5,Media,Ninguna,Morales y Varón (2013); AMVA y UNAL (2014)
36321,La Candelaria,4,0.6509,AsocioMovilidad,Glorieta,Grama,1319.04,0.1319,Zygia longifolia,Suribio,5,16.0,Alta,Casco de vaca (Bauhinia picta) | Carbonero flor roja (Calliandra haematocephala),Morales y Varón (2013); AMVA y UNAL (2014)
15407,La Candelaria,4,0.6509,AsocioMovilidad,OrejaPuente,Grama,1397.9,0.1398,Zygia longifolia,Suribio,5,16.0,Alta,Casco de vaca (Bauhinia picta),Morales y Varón (2013); AMVA y UNAL (2014)
48273,La Candelaria,4,0.6509,AsocioMovilidad,FranjaAmoblamiento,Grama,1242.51,0.1243,Zygia longifolia,Suribio,4,16.0,Alta,Casco de vaca (Bauhinia picta) | Carbonero flor roja (Calliandra haematocephala),Morales y Varón (2013); AMVA y UNAL (2014)
1391,La Candelaria,4,0.6509,AsocioUrbanistico,RetiroQuebradas,Tierra,1096.47,0.1096,Zygia longifolia,Suribio,4,16.0,Alta,Casco de vaca (Bauhinia picta) | Guamo machete (Inga densiflora),Morales y Varón (2013); AMVA y UNAL (2014)
7767,La Candelaria,4,0.6509,AsocioEP,ZVRecreacional,Grama,1103.82,0.1104,Zygia longifolia,Suribio,4,16.0,Alta,Casco de vaca (Bauhinia picta) | Guamo machete (Inga densiflora),Morales y Varón (2013); AMVA y UNAL (2014)
8115,La Candelaria,4,0.6509,AsocioMovilidad,Separador,Grama,1139.39,0.1139,Zygia longifolia,Suribio,4,16.0,Alta,Casco de vaca (Bauhinia picta) | Carbonero flor roja (Calliandra haematocephala),Morales y Varón (2013); AMVA y UNAL (2014)
7677,La Candelaria,4,0.6509,AsocioMovilidad,Separador,Grama,1033.52,0.1034,Zygia longifolia,Suribio,4,16.0,Alta,Casco de vaca (Bauhinia picta) | Carbonero flor roja (Calliandra haematocephala),Morales y Varón (2013); AMVA y UNAL (2014)
7885,La Candelaria,4,0.6509,AsocioEP,ParqueCiv,Grama,1211.2,0.1211,Zygia longifolia,Suribio,4,16.0,Alta,Casco de vaca (Bauhinia picta) | Carbonero flor roja (Calliandra haematocephala),Morales y Varón (2013); AMVA y UNAL (2014)
7631,La Candelaria,4,0.6509,AsocioMovilidad,OrejaPuente,Grama,1082.31,0.1082,Zygia longifolia,Suribio,4,16.0,Alta,Casco de vaca (Bauhinia picta),Morales y Varón (2013); AMVA y UNAL (2014)
7654,La Candelaria,4,0.6509,AsocioMovilidad,Separador,Grama,1160.47,0.116,Zygia longifolia,Suribio,4,16.0,Alta,Casco de vaca (Bauhinia picta) | Carbonero flor roja (Calliandra haematocephala),Morales y Varón (2013); AMVA y UNAL (2014)
15408,La Candelaria,4,0.6509,AsocioMovilidad,OrejaPuente,Grama,1144.61,0.1145,Zygia longifolia,Suribio,4,16.0,Alta,Casco de vaca (Bauhinia picta),Morales y Varón (2013); AMVA y UNAL (2014)
3916,La Candelaria,4,0.6509,AsocioMovilidad,Separador,Tierra,783.91,0.0784,Zygia longifolia,Suribio,3,16.0,Alta,Casco de vaca (Bauhinia picta) | Carbonero flor roja (Calliandra haematocephala),Morales y Varón (2013); AMVA y UNAL (2014)
32614,La Candelaria,4,0.6509,AsocioMovilidad,FranjaAmoblamiento,Grama,911.62,0.0912,Zygia longifolia,Suribio,3,16.0,Alta,Casco de vaca (Bauhinia picta) | Carbonero flor roja (Calliandra haematocephala),Morales y Varón (2013); AMVA y UNAL (2014)
36271,La Candelaria,4,0.6509,AsocioMovilidad,Separador,Grama,829.75,0.083,Zygia longifolia,Suribio,3,16.0,Alta,Casco de vaca (Bauhinia picta) | Carbonero flor roja (Calliandra haematocephala),Morales y Varón (2013); AMVA y UNAL (2014)
36192,La Candelaria,4,0.6509,AsocioMovilidad,Antejardin,Grama,278.6,0.0279,Calliandra haematocephala,Carbonero flor roja,3,8.5,Media,Ninguna,Morales y Varón (2013); AMVA y UNAL (2014)
36576,La Candelaria,4,0.6509,AsocioMovilidad,Antejardin,Grama,231.49,0.0231,Calliandra haematocephala,Carbonero flor roja,3,8.5,Media,Ninguna,Morales y Varón (2013); AMVA y UNAL (2014)
47934,La Candelaria,4,0.6509,AsocioEP,ParqueCiv,Grama,923.13,0.0923,Zygia longifolia,Suribio,3,16.0,Alta,Casco de vaca (Bauhinia picta) | Carbonero flor roja (Calliandra haematocephala),Morales y Varón (2013); AMVA y UNAL (2014)
48697,La Candelaria,4,0.6509,AsocioMovilidad,Separador,Grama,844.53,0.0845,Zygia longifolia,Suribio,3,16.0,Alta,Casco de vaca (Bauhinia picta) | Carbonero flor roja (Calliandra haematocephala),Morales y Varón (2013); AMVA y UNAL (2014)
217,La Candelaria,4,0.6509,AsocioMovilidad,FranjaAmoblamiento,Grama,903.98,0.0904,Zygia longifolia,Suribio,3,16.0,Alta,Casco de vaca (Bauhinia picta) | Carbonero flor roja (Calliandra haematocephala),Morales y Varón (2013); AMVA y UNAL (2014)
2078,La Candelaria,4,0.6509,AsocioMovilidad,Glorieta,Tierra,904.69,0.0905,Zygia longifolia,Suribio,3,16.0,Alta,Casco de vaca (Bauhinia picta) | Carbonero flor roja (Calliandra haematocephala),Morales y Varón (2013); AMVA y UNAL (2014)
3911,La Candelaria,4,0.6509,AsocioMovilidad,Glorieta,Grama,904.28,0.0904,Zygia longifolia,Suribio,3,16.0,Alta,Casco de vaca (Bauhinia picta) | Carbonero flor roja (Calliandra haematocephala),Morales y Varón (2013); AMVA y UNAL (2014)
369,La Candelaria,4,0.6509,AsocioMovilidad,Separador,Grama,894.56,0.0895,Zygia longifolia,Suribio,3,16.0,Alta,Casco de vaca (Bauhinia picta) | Carbonero flor roja (Calliandra haematocephala),Morales y Varón (2013); AMVA y UNAL (2014)
1345,La Candelaria,4,0.6509,AsocioMovilidad,FranjaAmoblamiento,Grama,940.71,0.0941,Zygia longifolia,Suribio,3,16.0,Alta,Casco de vaca (Bauhinia picta) | Carbonero flor roja (Calliandra haematocephala),Morales y Varón (2013); AMVA y UNAL (2014)
7421,La Candelaria,4,0.6509,AsocioEP,ParqueRec,Grama,1002.32,0.1002,Zygia longifolia,Suribio,3,16.0,Alta,Casco de vaca (Bauhinia picta) | Guamo machete (Inga densiflora),Morales y Varón (2013); AMVA y UNAL (2014)
3909,La Candelaria,4,0.6509,AsocioMovilidad,Glorieta,Grama,903.11,0.0903,Zygia longifolia,Suribio,3,16.0,Alta,Casco de vaca (Bauhinia picta) | Carbonero flor roja (Calliandra haematocephala),Morales y Varón (2013); AMVA y UNAL (2014)
8087,La Candelaria,4,0.6509,AsocioMovilidad,OrejaPuente,Grama,948.95,0.0949,Zygia longifolia,Suribio,3,16.0,Alta,Casco de vaca (Bauhinia picta),Morales y Varón (2013); AMVA y UNAL (2014)
4481,La Candelaria,4,0.6509,AsocioMovilidad,Separador,Grama,789.08,0.0789,Zygia longifolia,Suribio,3,16.0,Alta,Casco de vaca (Bauhinia picta) | Carbonero flor roja (Calliandra haematocephala),Morales y Varón (2013); AMVA y UNAL (2014)
7687,La Candelaria,4,0.6509,AsocioUrbanistico,RetiroQuebradas,Grama,821.83,0.0822,Zygia longifolia,Suribio,3,16.0,Alta,Casco de vaca (Bauhinia picta) | Guamo machete (Inga densiflora),Morales y Varón (2013); AMVA y UNAL (2014)
15347,La Candelaria,4,0.6509,AsocioMovilidad,FajasTaludes,Grama,696.62,0.0697,Inga densiflora,Guamo machete,3,15.0,Alta,Ninguna,Catálogo UNAL; GBIF; POWO (Kew)
29599,La Candelaria,4,0.6509,AsocioMovilidad,Separador,Grama,662.81,0.0663,Zygia longifolia,Suribio,2,16.0,Alta,Casco de vaca (Bauhinia picta) | Carbonero flor roja (Calliandra haematocephala),Morales y Varón (2013); AMVA y UNAL (2014)
31700,La Candelaria,4,0.6509,AsocioMovilidad,Antejardin,Tierra,199.94,0.02,Calliandra haematocephala,Carbonero flor roja,2,8.5,Media,Ninguna,Morales y Varón (2013); AMVA y UNAL (2014)
32998,La Candelaria,4,0.6509,AsocioMovilidad,Glorieta,Grama,513.54,0.0514,Zygia longifolia,Suribio,2,16.0,Alta,Casco de vaca (Bauhinia picta) | Carbonero flor roja (Calliandra haematocephala),Morales y Varón (2013); AMVA y UNAL (2014)
36275,La Candelaria,4,0.6509,AsocioMovilidad,Separador,Grama,677.45,0.0677,Zygia longifolia,Suribio,2,16.0,Alta,Casco de vaca (Bauhinia picta) | Carbonero flor roja (Calliandra haematocephala),Morales y Varón (2013); AMVA y UNAL (2014)
36182,La Candelaria,4,0.6509,AsocioMovilidad,Antejardin,Grama,148.19,0.0148,Calliandra haematocephala,Carbonero flor roja,2,8.5,Media,Ninguna,Morales y Varón (2013); AMVA y UNAL (2014)
46515,La Candelaria,4,0.6509,AsocioMovilidad,Antejardin,Tierra,162.68,0.0163,Calliandra haematocephala,Carbonero flor roja,2,8.5,Media,Ninguna,Morales y Varón (2013); AMVA y UNAL (2014)
42241,La Candelaria,4,0.6509,AsocioMovilidad,Separador,Grama,698.97,0.0699,Zygia longifolia,Suribio,2,16.0,Alta,Casco de vaca (Bauhinia picta) | Carbonero flor roja (Calliandra haematocephala),Morales y Varón (2013); AMVA y UNAL (2014)
44848,La Candelaria,4,0.6509,AsocioEP,ZVRecreacional,Grama,683.69,0.0684,Zygia longifolia,Suribio,2,16.0,Alta,Casco de vaca (Bauhinia picta) | Guamo machete (Inga densiflora),Morales y Varón (2013); AMVA y UNAL (2014)
46721,La Candelaria,4,0.6509,AsocioMovilidad,Antejardin,Grama,212.58,0.0213,Calliandra haematocephala,Carbonero flor roja,2,8.5,Media,Ninguna,Morales y Varón (2013); AMVA y UNAL (2014)
47678,La Candelaria,4,0.6509,AsocioMovilidad,Separador,Grama,555.76,0.0556,Zygia longifolia,Suribio,2,16.0,Alta,Casco de vaca (Bauhinia picta) | Carbonero flor roja (Calliandra haematocephala),Morales y Varón (2013); AMVA y UNAL (2014)
48328,La Candelaria,4,0.6509,AsocioMovilidad,OrejaPuente,Grama,516.03,0.0516,Zygia longifolia,Suribio,2,16.0,Alta,Casco de vaca (Bauhinia picta),Morales y Varón (2013); AMVA y UNAL (2014)
48347,La Candelaria,4,0.6509,AsocioMovilidad,Antejardin,Grama,164.07,0.0164,Calliandra haematocephala,Carbonero flor roja,2,8.5,Media,Ninguna,Morales y Varón (2013); AMVA y UNAL (2014)
48348,La Candelaria,4,0.6509,AsocioEP,ParqueCiv,Grama,715.35,0.0715,Zygia longifolia,Suribio,2,16.0,Alta,Casco de vaca (Bauhinia picta) | Carbonero flor roja (Calliandra haematocephala),Morales y Varón (2013); AMVA y UNAL (2014)
3912,La Candelaria,4,0.6509,AsocioMovilidad,Glorieta,Grama,555.49,0.0555,Zygia longifolia,Suribio,2,16.0,Alta,Casco de vaca (Bauhinia picta) | Carbonero flor roja (Calliandra haematocephala),Morales y Varón (2013); AMVA y UNAL (2014)
3915,La Candelaria,4,0.6509,AsocioMovilidad,Separador,Grama,605.65,0.0606,Zygia longifolia,Suribio,2,16.0,Alta,Casco de vaca (Bauhinia picta) | Carbonero flor roja (Calliandra haematocephala),Morales y Varón (2013); AMVA y UNAL (2014)
3233,La Candelaria,4,0.6509,AsocioMovilidad,OrejaPuente,Grama,683.33,0.0683,Zygia longifolia,Suribio,2,16.0,Alta,Casco de vaca (Bauhinia picta),Morales y Varón (2013); AMVA y UNAL (2014)
3105,La Candelaria,4,0.6509,AsocioMovilidad,OrejaPuente,Grama,577.32,0.0577,Zygia longifolia,Suribio,2,16.0,Alta,Casco de vaca (Bauhinia picta),Morales y Varón (2013); AMVA y UNAL (2014)
1393,La Candelaria,4,0.6509,AsocioUrbanistico,RetiroQuebradas,Grama,585.15,0.0585,Zygia longifolia,Suribio,2,16.0,Alta,Casco de vaca (Bauhinia picta) | Guamo machete (Inga densiflora),Morales y Varón (2013); AMVA y UNAL (2014)
1033,La Candelaria,4,0.6509,AsocioMovilidad,Antejardin,Grama,180.77,0.0181,Calliandra haematocephala,Carbonero flor roja,2,8.5,Media,Ninguna,Morales y Varón (2013); AMVA y UNAL (2014)
1392,La Candelaria,4,0.6509,AsocioUrbanistico,RetiroQuebradas,Grama,517.68,0.0518,Zygia longifolia,Suribio,2,16.0,Alta,Casco de vaca (Bauhinia picta) | Guamo machete (Inga densiflora),Morales y Varón (2013); AMVA y UNAL (2014)
3051,La Candelaria,4,0.6509,AsocioMovilidad,Antejardin,Grama,172.39,0.0172,Calliandra haematocephala,Carbonero flor roja,2,8.5,Media,Ninguna,Morales y Varón (2013); AMVA y UNAL (2014)
3558,La Candelaria,4,0.6509,AsocioEP,ZVRecreacional,Grama,534.99,0.0535,Zygia longifolia,Suribio,2,16.0,Alta,Casco de vaca (Bauhinia picta) | Guamo machete (Inga densiflora),Morales y Varón (2013); AMVA y UNAL (2014)
3910,La Candelaria,4,0.6509,AsocioMovilidad,Glorieta,Grama,538.51,0.0539,Zygia longifolia,Suribio,2,16.0,Alta,Casco de vaca (Bauhinia picta) | Carbonero flor roja (Calliandra haematocephala),Morales y Varón (2013); AMVA y UNAL (2014)
4498,La Candelaria,4,0.6509,AsocioMovilidad,Separador,Grama,639.64,0.064,Zygia longifolia,Suribio,2,16.0,Alta,Casco de vaca (Bauhinia picta) | Carbonero flor roja (Calliandra haematocephala),Morales y Varón (2013); AMVA y UNAL (2014)
5337,La Candelaria,4,0.6509,AsocioMovilidad,Separador,Grama,598.55,0.0599,Zygia longifolia,Suribio,2,16.0,Alta,Casco de vaca (Bauhinia picta) | Carbonero flor roja (Calliandra haematocephala),Morales y Varón (2013); AMVA y UNAL (2014)
8116,La Candelaria,4,0.6509,AsocioMovilidad,Separador,Grama,666.51,0.0667,Zygia longifolia,Suribio,2,16.0,Alta,Casco de vaca (Bauhinia picta) | Carbonero flor roja (Calliandra haematocephala),Morales y Varón (2013); AMVA y UNAL (2014)
7699,La Candelaria,4,0.6509,AsocioMovilidad,FranjaAmoblamiento,Grama,691.78,0.0692,Zygia longifolia,Suribio,2,16.0,Alta,Casco de vaca (Bauhinia picta) | Carbonero flor roja (Calliandra haematocephala),Morales y Varón (2013); AMVA y UNAL (2014)
15410,La Candelaria,4,0.6509,AsocioMovilidad,OrejaPuente,Grama,610.87,0.0611,Zygia longifolia,Suribio,2,16.0,Alta,Casco de vaca (Bauhinia picta),Morales y Varón (2013); AMVA y UNAL (2014)
15399,La Candelaria,4,0.6509,AsocioMovilidad,FranjaAmoblamiento,Grama,557.04,0.0557,Zygia longifolia,Suribio,2,16.0,Alta,Casco de vaca (Bauhinia picta) | Carbonero flor roja (Calliandra haematocephala),Morales y Varón (2013); AMVA y UNAL (2014)
19937,La Candelaria,4,0.6509,AsocioMovilidad,Antejardin,Grama,163.15,0.0163,Calliandra haematocephala,Carbonero flor roja,2,8.5,Media,Ninguna,Morales y Varón (2013); AMVA y UNAL (2014)
7392,La Candelaria,4,0.6509,AsocioEP,ParqueRec,Grama,728.8,0.0729,Zygia longifolia,Suribio,2,16.0,Alta,Casco de vaca (Bauhinia picta) | Guamo machete (Inga densiflora),Morales y Varón (2013); AMVA y UNAL (2014)
2308,La Candelaria,4,0.6509,AsocioMovilidad,OrejaPuente,Grama,506.1,0.0506,Zygia longifolia,Suribio,1,16.0,Alta,Casco de vaca (Bauhinia picta),Morales y Varón (2013); AMVA y UNAL (2014)
31066,La Candelaria,4,0.6509,AsocioMovilidad,Antejardin,Grama,80.05,0.008,Calliandra haematocephala,Carbonero flor roja,1,8.5,Media,Ninguna,Morales y Varón (2013); AMVA y UNAL (2014)
30521,La Candelaria,4,0.6509,AsocioEP,ZVRecreacional,Grama,392.87,0.0393,Zygia longifolia,Suribio,1,16.0,Alta,Casco de vaca (Bauhinia picta) | Guamo machete (Inga densiflora),Morales y Varón (2013); AMVA y UNAL (2014)
30912,La Candelaria,4,0.6509,AsocioMovilidad,Antejardin,Tierra,105.97,0.0106,Calliandra haematocephala,Carbonero flor roja,1,8.5,Media,Ninguna,Morales y Varón (2013); AMVA y UNAL (2014)
32771,La Candelaria,4,0.6509,AsocioMovilidad,Separador,Grama,320.39,0.032,Zygia longifolia,Suribio,1,16.0,Alta,Casco de vaca (Bauhinia picta) | Carbonero flor roja (Calliandra haematocephala),Morales y Varón (2013); AMVA y UNAL (2014)
31956,La Candelaria,4,0.6509,AsocioMovilidad,Separador,Grama,395.71,0.0396,Zygia longifolia,Suribio,1,16.0,Alta,Casco de vaca (Bauhinia picta) | Carbonero flor roja (Calliandra haematocephala),Morales y Varón (2013); AMVA y UNAL (2014)
31957,La Candelaria,4,0.6509,AsocioMovilidad,Separador,Grama,392.33,0.0392,Zygia longifolia,Suribio,1,16.0,Alta,Casco de vaca (Bauhinia picta) | Carbonero flor roja (Calliandra haematocephala),Morales y Varón (2013); AMVA y UNAL (2014)
32435,La Candelaria,4,0.6509,AsocioMovilidad,Separador,Grama,341.55,0.0342,Zygia longifolia,Suribio,1,16.0,Alta,Casco de vaca (Bauhinia picta) | Carbonero flor roja (Calliandra haematocephala),Morales y Varón (2013); AMVA y UNAL (2014)
32532,La Candelaria,4,0.6509,AsocioUrbanistico,RetiroQuebradas,Grama,329.91,0.033,Zygia longifolia,Suribio,1,16.0,Alta,Casco de vaca (Bauhinia picta) | Guamo machete (Inga densiflora),Morales y Varón (2013); AMVA y UNAL (2014)
32540,La Candelaria,4,0.6509,AsocioMovilidad,Separador,Grama,368.93,0.0369,Zygia longifolia,Suribio,1,16.0,Alta,Casco de vaca (Bauhinia picta) | Carbonero flor roja (Calliandra haematocephala),Morales y Varón (2013); AMVA y UNAL (2014)
32629,La Candelaria,4,0.6509,AsocioMovilidad,Antejardin,Grama,101.39,0.0101,Calliandra haematocephala,Carbonero flor roja,1,8.5,Media,Ninguna,Morales y Varón (2013); AMVA y UNAL (2014)
32779,La Candelaria,4,0.6509,AsocioMovilidad,Separador,Grama,362.66,0.0363,Zygia longifolia,Suribio,1,16.0,Alta,Casco de vaca (Bauhinia picta) | Carbonero flor roja (Calliandra haematocephala),Morales y Varón (2013); AMVA y UNAL (2014)
32717,La Candelaria,4,0.6509,AsocioMovilidad,Antejardin,Grama,83.54,0.0084,Calliandra haematocephala,Carbonero flor roja,1,8.5,Media,Ninguna,Morales y Varón (2013); AMVA y UNAL (2014)
32718,La Candelaria,4,0.6509,AsocioMovilidad,Antejardin,Grama,128.54,0.0129,Calliandra haematocephala,Carbonero flor roja,1,8.5,Media,Ninguna,Morales y Varón (2013); AMVA y UNAL (2014)
32787,La Candelaria,4,0.6509,AsocioEP,ParqueCiv,Grama,276.36,0.0276,Zygia longifolia,Suribio,1,16.0,Alta,Casco de vaca (Bauhinia picta) | Carbonero flor roja (Calliandra haematocephala),Morales y Varón (2013); AMVA y UNAL (2014)
32740,La Candelaria,4,0.6509,AsocioMovilidad,Separador,Grama,297.63,0.0298,Zygia longifolia,Suribio,1,16.0,Alta,Casco de vaca (Bauhinia picta) | Carbonero flor roja (Calliandra haematocephala),Morales y Varón (2013); AMVA y UNAL (2014)
32741,La Candelaria,4,0.6509,AsocioMovilidad,Glorieta,Grama,274.47,0.0274,Zygia longifolia,Suribio,1,16.0,Alta,Casco de vaca (Bauhinia picta) | Carbonero flor roja (Calliandra haematocephala),Morales y Varón (2013); AMVA y UNAL (2014)
32744,La Candelaria,4,0.6509,AsocioMovilidad,Glorieta,Grama,436.14,0.0436,Zygia longifolia,Suribio,1,16.0,Alta,Casco de vaca (Bauhinia picta) | Carbonero flor roja (Calliandra haematocephala),Morales y Varón (2013); AMVA y UNAL (2014)
32755,La Candelaria,4,0.6509,AsocioMovilidad,Glorieta,Tierra,295.35,0.0295,Zygia longifolia,Suribio,1,16.0,Alta,Casco de vaca (Bauhinia picta) | Carbonero flor roja (Calliandra haematocephala),Morales y Varón (2013); AMVA y UNAL (2014)
32793,La Candelaria,4,0.6509,AsocioEP,ParqueCiv,Grama,259.69,0.026,Zygia longifolia,Suribio,1,16.0,Alta,Casco de vaca (Bauhinia picta) | Carbonero flor roja (Calliandra haematocephala),Morales y Varón (2013); AMVA y UNAL (2014)
33064,La Candelaria,4,0.6509,AsocioMovilidad,Antejardin,Grama,111.55,0.0112,Calliandra haematocephala,Carbonero flor roja,1,8.5,Media,Ninguna,Morales y Varón (2013); AMVA y UNAL (2014)
33090,La Candelaria,4,0.6509,AsocioEP,ZVRecreacional,Grama,266.13,0.0266,Zygia longifolia,Suribio,1,16.0,Alta,Casco de vaca (Bauhinia picta) | Guamo machete (Inga densiflora),Morales y Varón (2013); AMVA y UNAL (2014)
33377,La Candelaria,4,0.6509,AsocioEP,ParqueCiv,Grama,313.47,0.0313,Zygia longifolia,Suribio,1,16.0,Alta,Casco de vaca (Bauhinia picta) | Carbonero flor roja (Calliandra haematocephala),Morales y Varón (2013); AMVA y UNAL (2014)
36568,La Candelaria,4,0.6509,AsocioMovilidad,Antejardin,Grama,127.99,0.0128,Calliandra haematocephala,Carbonero flor roja,1,8.5,Media,Ninguna,Morales y Varón (2013); AMVA y UNAL (2014)
34806,La Candelaria,4,0.6509,AsocioMovilidad,OrejaPuente,Grama,355.35,0.0355,Zygia longifolia,Suribio,1,16.0,Alta,Casco de vaca (Bauhinia picta),Morales y Varón (2013); AMVA y UNAL (2014)
36106,La Candelaria,4,0.6509,AsocioMovilidad,Separador,Grama,298.23,0.0298,Zygia longifolia,Suribio,1,16.0,Alta,Casco de vaca (Bauhinia picta) | Carbonero flor roja (Calliandra haematocephala),Morales y Varón (2013); AMVA y UNAL (2014)
36110,La Candelaria,4,0.6509,AsocioMovilidad,FranjaAmoblamiento,Grama,278.0,0.0278,Zygia longifolia,Suribio,1,16.0,Alta,Casco de vaca (Bauhinia picta) | Carbonero flor roja (Calliandra haematocephala),Morales y Varón (2013); AMVA y UNAL (2014)
36299,La Candelaria,4,0.6509,AsocioMovilidad,Separador,Grama,495.55,0.0496,Zygia longifolia,Suribio,1,16.0,Alta,Casco de vaca (Bauhinia picta) | Carbonero flor roja (Calliandra haematocephala),Morales y Varón (2013); AMVA y UNAL (2014)
36264,La Candelaria,4,0.6509,AsocioMovilidad,Antejardin,Grama,109.95,0.011,Calliandra haematocephala,Carbonero flor roja,1,8.5,Media,Ninguna,Morales y Varón (2013); AMVA y UNAL (2014)
36116,La Candelaria,4,0.6509,AsocioMovilidad,OrejaPuente,Grama,375.93,0.0376,Zygia longifolia,Suribio,1,16.0,Alta,Casco de vaca (Bauhinia picta),Morales y Varón (2013); AMVA y UNAL (2014)
36310,La Candelaria,4,0.6509,AsocioMovilidad,FranjaAmoblamiento,Grama,267.57,0.0268,Zygia longifolia,Suribio,1,16.0,Alta,Casco de vaca (Bauhinia picta) | Carbonero flor roja (Calliandra haematocephala),Morales y Varón (2013); AMVA y UNAL (2014)
36326,La Candelaria,4,0.6509,AsocioMovilidad,Glorieta,Grama,454.48,0.0454,Zygia longifolia,Suribio,1,16.0,Alta,Casco de vaca (Bauhinia picta) | Carbonero flor roja (Calliandra haematocephala),Morales y Varón (2013); AMVA y UNAL (2014)
36330,La Candelaria,4,0.6509,AsocioMovilidad,Separador,Grama,466.54,0.0467,Zygia longifolia,Suribio,1,16.0,Alta,Casco de vaca (Bauhinia picta) | Carbonero flor roja (Calliandra haematocephala),Morales y Varón (2013); AMVA y UNAL (2014)
36357,La Candelaria,4,0.6509,AsocioEP,ParqueRec,Grama,451.81,0.0452,Zygia longifolia,Suribio,1,16.0,Alta,Casco de vaca (Bauhinia picta) | Guamo machete (Inga densiflora),Morales y Varón (2013); AMVA y UNAL (2014)
48607,La Candelaria,4,0.6509,AsocioEP,ParqueCiv,Grama,456.49,0.0456,Zygia longifolia,Suribio,1,16.0,Alta,Casco de vaca (Bauhinia picta) | Carbonero flor roja (Calliandra haematocephala),Morales y Varón (2013); AMVA y UNAL (2014)
42238,La Candelaria,4,0.6509,AsocioEP,ZVRecreacional,Grama,344.79,0.0345,Zygia longifolia,Suribio,1,16.0,Alta,Casco de vaca (Bauhinia picta) | Guamo machete (Inga densiflora),Morales y Varón (2013); AMVA y UNAL (2014)
43507,La Candelaria,4,0.6509,AsocioMovilidad,Separador,Grama,326.3,0.0326,Zygia longifolia,Suribio,1,16.0,Alta,Casco de vaca (Bauhinia picta) | Carbonero flor roja (Calliandra haematocephala),Morales y Varón (2013); AMVA y UNAL (2014)
43524,La Candelaria,4,0.6509,AsocioEP,ZVRecreacional,Grama,330.6,0.0331,Zygia longifolia,Suribio,1,16.0,Alta,Casco de vaca (Bauhinia picta) | Guamo machete (Inga densiflora),Morales y Varón (2013); AMVA y UNAL (2014)
44813,La Candelaria,4,0.6509,AsocioUrbanistico,RetiroQuebradas,Grama,350.75,0.0351,Zygia longifolia,Suribio,1,16.0,Alta,Casco de vaca (Bauhinia picta) | Guamo machete (Inga densiflora),Morales y Varón (2013); AMVA y UNAL (2014)
44831,La Candelaria,4,0.6509,AsocioMovilidad,Antejardin,Grama,114.86,0.0115,Calliandra haematocephala,Carbonero flor roja,1,8.5,Media,Ninguna,Morales y Varón (2013); AMVA y UNAL (2014)
44835,La Candelaria,4,0.6509,AsocioMovilidad,Antejardin,Grama,122.59,0.0123,Calliandra haematocephala,Carbonero flor roja,1,8.5,Media,Ninguna,Morales y Varón (2013); AMVA y UNAL (2014)
46652,La Candelaria,4,0.6509,AsocioMovilidad,Antejardin,Grama,74.42,0.0074,Calliandra haematocephala,Carbonero flor roja,1,8.5,Media,Ninguna,Morales y Varón (2013); AMVA y UNAL (2014)
47446,La Candelaria,4,0.6509,AsocioMovilidad,Separador,Grama,280.23,0.028,Zygia longifolia,Suribio,1,16.0,Alta,Casco de vaca (Bauhinia picta) | Carbonero flor roja (Calliandra haematocephala),Morales y Varón (2013); AMVA y UNAL (2014)
48686,La Candelaria,4,0.6509,AsocioMovilidad,Separador,Grama,406.53,0.0407,Zygia longifolia,Suribio,1,16.0,Alta,Casco de vaca (Bauhinia picta) | Carbonero flor roja (Calliandra haematocephala),Morales y Varón (2013); AMVA y UNAL (2014)
48689,La Candelaria,4,0.6509,AsocioMovilidad,Separador,Grama,282.02,0.0282,Zygia longifolia,Suribio,1,16.0,Alta,Casco de vaca (Bauhinia picta) | Carbonero flor roja (Calliandra haematocephala),Morales y Varón (2013); AMVA y UNAL (2014)
216,La Candelaria,4,0.6509,AsocioMovilidad,Separador,Grama,486.14,0.0486,Zygia longifolia,Suribio,1,16.0,Alta,Casco de vaca (Bauhinia picta) | Carbonero flor roja (Calliandra haematocephala),Morales y Varón (2013); AMVA y UNAL (2014)
229,La Candelaria,4,0.6509,AsocioMovilidad,Separador,Grama,269.58,0.027,Zygia longifolia,Suribio,1,16.0,Alta,Casco de vaca (Bauhinia picta) | Carbonero flor roja (Calliandra haematocephala),Morales y Varón (2013); AMVA y UNAL (2014)
2072,La Candelaria,4,0.6509,AsocioMovilidad,OrejaPuente,Grama,286.81,0.0287,Zygia longifolia,Suribio,1,16.0,Alta,Casco de vaca (Bauhinia picta),Morales y Varón (2013); AMVA y UNAL (2014)
1386,La Candelaria,4,0.6509,AsocioMovilidad,FranjaAmoblamiento,Tierra,306.64,0.0307,Zygia longifolia,Suribio,1,16.0,Alta,Casco de vaca (Bauhinia picta) | Carbonero flor roja (Calliandra haematocephala),Morales y Varón (2013); AMVA y UNAL (2014)
3931,La Candelaria,4,0.6509,AsocioMovilidad,FranjaAmoblamiento,Grama,473.02,0.0473,Zygia longifolia,Suribio,1,16.0,Alta,Casco de vaca (Bauhinia picta) | Carbonero flor roja (Calliandra haematocephala),Morales y Varón (2013); AMVA y UNAL (2014)
374,La Candelaria,4,0.6509,AsocioMovilidad,Antejardin,Tierra,115.66,0.0116,Calliandra haematocephala,Carbonero flor roja,1,8.5,Media,Ninguna,Morales y Varón (2013); AMVA y UNAL (2014)
3108,La Candelaria,4,0.6509,AsocioMovilidad,Separador,Grama,479.73,0.048,Zygia longifolia,Suribio,1,16.0,Alta,Casco de vaca (Bauhinia picta) | Carbonero flor roja (Calliandra haematocephala),Morales y Varón (2013); AMVA y UNAL (2014)
1232,La Candelaria,4,0.6509,AsocioMovilidad,Separador,Grama,305.89,0.0306,Zygia longifolia,Suribio,1,16.0,Alta,Casco de vaca (Bauhinia picta) | Carbonero flor roja (Calliandra haematocephala),Morales y Varón (2013); AMVA y UNAL (2014)
1341,La Candelaria,4,0.6509,AsocioMovilidad,FranjaAmoblamiento,Grama,289.35,0.0289,Zygia longifolia,Suribio,1,16.0,Alta,Casco de vaca (Bauhinia picta) | Carbonero flor roja (Calliandra haematocephala),Morales y Varón (2013); AMVA y UNAL (2014)
1343,La Candelaria,4,0.6509,AsocioMovilidad,Separador,Grama,347.87,0.0348,Zygia longifolia,Suribio,1,16.0,Alta,Casco de vaca (Bauhinia picta) | Carbonero flor roja (Calliandra haematocephala),Morales y Varón (2013); AMVA y UNAL (2014)
2912,La Candelaria,4,0.6509,AsocioEP,ZVRecreacional,Grama,288.91,0.0289,Zygia longifolia,Suribio,1,16.0,Alta,Casco de vaca (Bauhinia picta) | Guamo machete (Inga densiflora),Morales y Varón (2013); AMVA y UNAL (2014)
2913,La Candelaria,4,0.6509,AsocioEP,ZVRecreacional,Grama,388.9,0.0389,Zygia longifolia,Suribio,1,16.0,Alta,Casco de vaca (Bauhinia picta) | Guamo machete (Inga densiflora),Morales y Varón (2013); AMVA y UNAL (2014)
2155,La Candelaria,4,0.6509,AsocioMovilidad,Antejardin,Tierra,83.44,0.0083,Calliandra haematocephala,Carbonero flor roja,1,8.5,Media,Ninguna,Morales y Varón (2013); AMVA y UNAL (2014)
2831,La Candelaria,4,0.6509,AsocioEP,ParqueCiv,Grama,499.51,0.05,Zygia longifolia,Suribio,1,16.0,Alta,Casco de vaca (Bauhinia picta) | Carbonero flor roja (Calliandra haematocephala),Morales y Varón (2013); AMVA y UNAL (2014)
3341,La Candelaria,4,0.6509,AsocioMovilidad,Separador,Grama,265.39,0.0265,Zygia longifolia,Suribio,1,16.0,Alta,Casco de vaca (Bauhinia picta) | Carbonero flor roja (Calliandra haematocephala),Morales y Varón (2013); AMVA y UNAL (2014)
3314,La Candelaria,4,0.6509,AsocioMovilidad,Separador,Tierra,400.96,0.0401,Zygia longifolia,Suribio,1,16.0,Alta,Casco de vaca (Bauhinia picta) | Carbonero flor roja (Calliandra haematocephala),Morales y Varón (2013); AMVA y UNAL (2014)
3350,La Candelaria,4,0.6509,AsocioMovilidad,Separador,Grama,338.6,0.0339,Zygia longifolia,Suribio,1,16.0,Alta,Casco de vaca (Bauhinia picta) | Carbonero flor roja (Calliandra haematocephala),Morales y Varón (2013); AMVA y UNAL (2014)
3417,La Candelaria,4,0.6509,AsocioMovilidad,Antejardin,Grama,127.92,0.0128,Calliandra haematocephala,Carbonero flor roja,1,8.5,Media,Ninguna,Morales y Varón (2013); AMVA y UNAL (2014)
3953,La Candelaria,4,0.6509,AsocioMovilidad,Separador,Grama,348.18,0.0348,Zygia longifolia,Suribio,1,16.0,Alta,Casco de vaca (Bauhinia picta) | Carbonero flor roja (Calliandra haematocephala),Morales y Varón (2013); AMVA y UNAL (2014)
4437,La Candelaria,4,0.6509,AsocioMovilidad,Separador,Grama,290.91,0.0291,Zygia longifolia,Suribio,1,16.0,Alta,Casco de vaca (Bauhinia picta) | Carbonero flor roja (Calliandra haematocephala),Morales y Varón (2013); AMVA y UNAL (2014)
8118,La Candelaria,4,0.6509,AsocioMovilidad,Separador,Grama,383.45,0.0383,Zygia longifolia,Suribio,1,16.0,Alta,Casco de vaca (Bauhinia picta) | Carbonero flor roja (Calliandra haematocephala),Morales y Varón (2013); AMVA y UNAL (2014)
7643,La Candelaria,4,0.6509,AsocioMovilidad,Separador,Grama,411.52,0.0412,Zygia longifolia,Suribio,1,16.0,Alta,Casco de vaca (Bauhinia picta) | Carbonero flor roja (Calliandra haematocephala),Morales y Varón (2013); AMVA y UNAL (2014)
7650,La Candelaria,4,0.6509,AsocioMovilidad,OrejaPuente,Grama,280.42,0.028,Zygia longifolia,Suribio,1,16.0,Alta,Casco de vaca (Bauhinia picta),Morales y Varón (2013); AMVA y UNAL (2014)
7695,La Candelaria,4,0.6509,AsocioUrbanistico,RetiroQuebradas,Grama,340.31,0.034,Zygia longifolia,Suribio,1,16.0,Alta,Casco de vaca (Bauhinia picta) | Guamo machete (Inga densiflora),Morales y Varón (2013); AMVA y UNAL (2014)
7704,La Candelaria,4,0.6509,AsocioUrbanistico,RetiroQuebradas,Grama,472.71,0.0473,Zygia longifolia,Suribio,1,16.0,Alta,Casco de vaca (Bauhinia picta) | Guamo machete (Inga densiflora),Morales y Varón (2013); AMVA y UNAL (2014)
15223,La Candelaria,4,0.6509,AsocioMovilidad,Separador,Grama,396.05,0.0396,Zygia longifolia,Suribio,1,16.0,Alta,Casco de vaca (Bauhinia picta) | Carbonero flor roja (Calliandra haematocephala),Morales y Varón (2013); AMVA y UNAL (2014)
15154,La Candelaria,4,0.6509,AsocioMovilidad,Antejardin,Grama,73.91,0.0074,Calliandra haematocephala,Carbonero flor roja,1,8.5,Media,Ninguna,Morales y Varón (2013); AMVA y UNAL (2014)
31069,La Candelaria,4,0.6509,AsocioMovilidad,Antejardin,Grama,137.1,0.0137,Calliandra haematocephala,Carbonero flor roja,1,8.5,Media,Ninguna,Morales y Varón (2013); AMVA y UNAL (2014)
14288,El Poblado,5,0.5844,AsocioMovilidad,Separador,Grama,14339.23,1.4339,Zygia longifolia,Suribio,56,16.0,Alta,Casco de vaca (Bauhinia picta) | Carbonero flor roja (Calliandra haematocephala),Morales y Varón (2013); AMVA y UNAL (2014)
21888,El Poblado,5,0.5844,AsocioMovilidad,Separador,Grama,13224.32,1.3224,Zygia longifolia,Suribio,51,16.0,Alta,Casco de vaca (Bauhinia picta) | Carbonero flor roja (Calliandra haematocephala),Morales y Varón (2013); AMVA y UNAL (2014)
13114,El Poblado,5,0.5844,AsocioEP,ParqueRec,Grama,12585.57,1.2586,Zygia longifolia,Suribio,49,16.0,Alta,Casco de vaca (Bauhinia picta) | Guamo machete (Inga densiflora),Morales y Varón (2013); AMVA y UNAL (2014)
12600,El Poblado,5,0.5844,AsocioMovilidad,Separador,Grama,8432.37,0.8432,Zygia longifolia,Suribio,32,16.0,Alta,Casco de vaca (Bauhinia picta) | Carbonero flor roja (Calliandra haematocephala),Morales y Varón (2013); AMVA y UNAL (2014)
22174,El Poblado,5,0.5844,AsocioMovilidad,Separador,Grama,6378.87,0.6379,Zygia longifolia,Suribio,24,16.0,Alta,Casco de vaca (Bauhinia picta) | Carbonero flor roja (Calliandra haematocephala),Morales y Varón (2013); AMVA y UNAL (2014)
14674,El Poblado,5,0.5844,AsocioEP,ParqueRec,Grama,4358.71,0.4359,Zygia longifolia,Suribio,17,16.0,Alta,Casco de vaca (Bauhinia picta) | Guamo machete (Inga densiflora),Morales y Varón (2013); AMVA y UNAL (2014)
12490,El Poblado,5,0.5844,AsocioEP,ZVRecreacional,Grama,3710.71,0.3711,Zygia longifolia,Suribio,14,16.0,Alta,Casco de vaca (Bauhinia picta) | Guamo machete (Inga densiflora),Morales y Varón (2013); AMVA y UNAL (2014)
13595,El Poblado,5,0.5844,AsocioMovilidad,Antejardin,Grama,905.02,0.0905,Calliandra haematocephala,Carbonero flor roja,12,8.5,Media,Ninguna,Morales y Varón (2013); AMVA y UNAL (2014)
21947,El Poblado,5,0.5844,AsocioEP,ParqueRec,Grama,3251.06,0.3251,Zygia longifolia,Suribio,12,16.0,Alta,Casco de vaca (Bauhinia picta) | Guamo machete (Inga densiflora),Morales y Varón (2013); AMVA y UNAL (2014)
14048,El Poblado,5,0.5844,AsocioEP,ZVRecreacional,Grama,3014.55,0.3015,Zygia longifolia,Suribio,11,16.0,Alta,Casco de vaca (Bauhinia picta) | Guamo machete (Inga densiflora),Morales y Varón (2013); AMVA y UNAL (2014)
15369,El Poblado,5,0.5844,AsocioEP,ZVRecreacional,Grama,2890.84,0.2891,Zygia longifolia,Suribio,11,16.0,Alta,Casco de vaca (Bauhinia picta) | Guamo machete (Inga densiflora),Morales y Varón (2013); AMVA y UNAL (2014)
20490,El Poblado,5,0.5844,AsocioMovilidad,Separador,Grama,2813.96,0.2814,Zygia longifolia,Suribio,10,16.0,Alta,Casco de vaca (Bauhinia picta) | Carbonero flor roja (Calliandra haematocephala),Morales y Varón (2013); AMVA y UNAL (2014)
19562,El Poblado,5,0.5844,AsocioMovilidad,Antejardin,Grama,751.67,0.0752,Calliandra haematocephala,Carbonero flor roja,10,8.5,Media,Ninguna,Morales y Varón (2013); AMVA y UNAL (2014)
20210,El Poblado,5,0.5844,AsocioMovilidad,Separador,Grama,2724.51,0.2725,Zygia longifolia,Suribio,10,16.0,Alta,Casco de vaca (Bauhinia picta) | Carbonero flor roja (Calliandra haematocephala),Morales y Varón (2013); AMVA y UNAL (2014)
15700,El Poblado,5,0.5844,AsocioMovilidad,Antejardin,Grama,689.53,0.069,Calliandra haematocephala,Carbonero flor roja,9,8.5,Media,Ninguna,Morales y Varón (2013); AMVA y UNAL (2014)
17139,El Poblado,5,0.5844,AsocioMovilidad,Separador,Grama,2320.5,0.232,Zygia longifolia,Suribio,9,16.0,Alta,Casco de vaca (Bauhinia picta) | Carbonero flor roja (Calliandra haematocephala),Morales y Varón (2013); AMVA y UNAL (2014)
17733,El Poblado,5,0.5844,AsocioEP,ZVRecreacional,Grama,2506.38,0.2506,Zygia longifolia,Suribio,9,16.0,Alta,Casco de vaca (Bauhinia picta) | Guamo machete (Inga densiflora),Morales y Varón (2013); AMVA y UNAL (2014)
15314,El Poblado,5,0.5844,AsocioMovilidad,Antejardin,Grama,632.07,0.0632,Calliandra haematocephala,Carbonero flor roja,8,8.5,Media,Ninguna,Morales y Varón (2013); AMVA y UNAL (2014)
14490,El Poblado,5,0.5844,AsocioMovilidad,Antejardin,Grama,604.3,0.0604,Calliandra haematocephala,Carbonero flor roja,8,8.5,Media,Ninguna,Morales y Varón (2013); AMVA y UNAL (2014)
13575,El Poblado,5,0.5844,AsocioEP,EcoparqueQuebrada,Grama,2296.29,0.2296,Zygia longifolia,Suribio,8,16.0,Alta,Casco de vaca (Bauhinia picta) | Guamo machete (Inga densiflora),Morales y Varón (2013); AMVA y UNAL (2014)
17284,El Poblado,5,0.5844,AsocioUrbanistico,RetiroQuebradas,Grama,2178.56,0.2179,Zygia longifolia,Suribio,8,16.0,Alta,Casco de vaca (Bauhinia picta) | Guamo machete (Inga densiflora),Morales y Varón (2013); AMVA y UNAL (2014)
17674,El Poblado,5,0.5844,AsocioMovilidad,OrejaPuente,Grama,2231.43,0.2231,Zygia longifolia,Suribio,8,16.0,Alta,Casco de vaca (Bauhinia picta),Morales y Varón (2013); AMVA y UNAL (2014)
21904,El Poblado,5,0.5844,AsocioMovilidad,Antejardin,Grama,628.07,0.0628,Calliandra haematocephala,Carbonero flor roja,8,8.5,Media,Ninguna,Morales y Varón (2013); AMVA y UNAL (2014)
23409,El Poblado,5,0.5844,AsocioUrbanistico,RetiroQuebradas,Grama,2174.79,0.2175,Zygia longifolia,Suribio,8,16.0,Alta,Casco de vaca (Bauhinia picta) | Guamo machete (Inga densiflora),Morales y Varón (2013); AMVA y UNAL (2014)
24099,El Poblado,5,0.5844,AsocioMovilidad,OrejaPuente,Grama,2271.37,0.2271,Zygia longifolia,Suribio,8,16.0,Alta,Casco de vaca (Bauhinia picta),Morales y Varón (2013); AMVA y UNAL (2014)
8079,El Poblado,5,0.5844,AsocioMovilidad,Separador,Grama,2034.0,0.2034,Zygia longifolia,Suribio,7,16.0,Alta,Casco de vaca (Bauhinia picta) | Carbonero flor roja (Calliandra haematocephala),Morales y Varón (2013); AMVA y UNAL (2014)
15615,El Poblado,5,0.5844,AsocioMovilidad,Antejardin,Grama,537.26,0.0537,Calliandra haematocephala,Carbonero flor roja,7,8.5,Media,Ninguna,Morales y Varón (2013); AMVA y UNAL (2014)
14314,El Poblado,5,0.5844,AsocioMovilidad,Antejardin,Grama,533.89,0.0534,Calliandra haematocephala,Carbonero flor roja,7,8.5,Media,Ninguna,Morales y Varón (2013); AMVA y UNAL (2014)
17105,El Poblado,5,0.5844,AsocioMovilidad,Antejardin,Grama,511.31,0.0511,Calliandra haematocephala,Carbonero flor roja,7,8.5,Media,Ninguna,Morales y Varón (2013); AMVA y UNAL (2014)
20149,El Poblado,5,0.5844,AsocioMovilidad,Separador,Grama,1931.88,0.1932,Zygia longifolia,Suribio,7,16.0,Alta,Casco de vaca (Bauhinia picta) | Carbonero flor roja (Calliandra haematocephala),Morales y Varón (2013); AMVA y UNAL (2014)
21949,El Poblado,5,0.5844,AsocioEP,ParqueRec,Grama,1834.81,0.1835,Zygia longifolia,Suribio,7,16.0,Alta,Casco de vaca (Bauhinia picta) | Guamo machete (Inga densiflora),Morales y Varón (2013); AMVA y UNAL (2014)
14304,El Poblado,5,0.5844,AsocioMovilidad,FajasTaludes,Grama,1534.85,0.1535,Inga densiflora,Guamo machete,6,15.0,Alta,Ninguna,Catálogo UNAL; GBIF; POWO (Kew)
14024,El Poblado,5,0.5844,AsocioMovilidad,Separador,Grama,1652.4,0.1652,Zygia longifolia,Suribio,6,16.0,Alta,Casco de vaca (Bauhinia picta) | Carbonero flor roja (Calliandra haematocephala),Morales y Varón (2013); AMVA y UNAL (2014)
13708,El Poblado,5,0.5844,AsocioEP,ZVRecreacional,Grama,1697.58,0.1698,Zygia longifolia,Suribio,6,16.0,Alta,Casco de vaca (Bauhinia picta) | Guamo machete (Inga densiflora),Morales y Varón (2013); AMVA y UNAL (2014)
13576,El Poblado,5,0.5844,AsocioEP,EcoparqueQuebrada,Grama,1780.18,0.178,Zygia longifolia,Suribio,6,16.0,Alta,Casco de vaca (Bauhinia picta) | Guamo machete (Inga densiflora),Morales y Varón (2013); AMVA y UNAL (2014)
13953,El Poblado,5,0.5844,AsocioMovilidad,Separador,Grama,1704.01,0.1704,Zygia longifolia,Suribio,6,16.0,Alta,Casco de vaca (Bauhinia picta) | Carbonero flor roja (Calliandra haematocephala),Morales y Varón (2013); AMVA y UNAL (2014)
16676,El Poblado,5,0.5844,AsocioMovilidad,Separador,Grama,1649.4,0.1649,Zygia longifolia,Suribio,6,16.0,Alta,Casco de vaca (Bauhinia picta) | Carbonero flor roja (Calliandra haematocephala),Morales y Varón (2013); AMVA y UNAL (2014)
20072,El Poblado,5,0.5844,AsocioMovilidad,Antejardin,Grama,456.49,0.0456,Calliandra haematocephala,Carbonero flor roja,6,8.5,Media,Ninguna,Morales y Varón (2013); AMVA y UNAL (2014)
20489,El Poblado,5,0.5844,AsocioMovilidad,Separador,Grama,1715.75,0.1716,Zygia longifolia,Suribio,6,16.0,Alta,Casco de vaca (Bauhinia picta) | Carbonero flor roja (Calliandra haematocephala),Morales y Varón (2013); AMVA y UNAL (2014)
20225,El Poblado,5,0.5844,AsocioMovilidad,Separador,Grama,1563.61,0.1564,Zygia longifolia,Suribio,6,16.0,Alta,Casco de vaca (Bauhinia picta) | Carbonero flor roja (Calliandra haematocephala),Morales y Varón (2013); AMVA y UNAL (2014)
20453,El Poblado,5,0.5844,AsocioMovilidad,Antejardin,Grama,484.66,0.0485,Calliandra haematocephala,Carbonero flor roja,6,8.5,Media,Ninguna,Morales y Varón (2013); AMVA y UNAL (2014)
23856,El Poblado,5,0.5844,AsocioEP,ParqueRec,Grama,1724.22,0.1724,Zygia longifolia,Suribio,6,16.0,Alta,Casco de vaca (Bauhinia picta) | Guamo machete (Inga densiflora),Morales y Varón (2013); AMVA y UNAL (2014)
24112,El Poblado,5,0.5844,AsocioMovilidad,Separador,Grama,1623.52,0.1624,Zygia longifolia,Suribio,6,16.0,Alta,Casco de vaca (Bauhinia picta) | Carbonero flor roja (Calliandra haematocephala),Morales y Varón (2013); AMVA y UNAL (2014)
8076,El Poblado,5,0.5844,AsocioUrbanistico,RetiroQuebradas,Grama,1488.28,0.1488,Zygia longifolia,Suribio,5,16.0,Alta,Casco de vaca (Bauhinia picta) | Guamo machete (Inga densiflora),Morales y Varón (2013); AMVA y UNAL (2014)
12598,El Poblado,5,0.5844,AsocioMovilidad,Separador,Grama,1499.4,0.1499,Zygia longifolia,Suribio,5,16.0,Alta,Casco de vaca (Bauhinia picta) | Carbonero flor roja (Calliandra haematocephala),Morales y Varón (2013); AMVA y UNAL (2014)
13983,El Poblado,5,0.5844,AsocioMovilidad,Separador,Grama,1491.52,0.1492,Zygia longifolia,Suribio,5,16.0,Alta,Casco de vaca (Bauhinia picta) | Carbonero flor roja (Calliandra haematocephala),Morales y Varón (2013); AMVA y UNAL (2014)
14423,El Poblado,5,0.5844,AsocioMovilidad,Antejardin,Grama,387.08,0.0387,Calliandra haematocephala,Carbonero flor roja,5,8.5,Media,Ninguna,Morales y Varón (2013); AMVA y UNAL (2014)
14640,El Poblado,5,0.5844,AsocioMovilidad,Antejardin,Grama,391.94,0.0392,Calliandra haematocephala,Carbonero flor roja,5,8.5,Media,Ninguna,Morales y Varón (2013); AMVA y UNAL (2014)
15707,El Poblado,5,0.5844,AsocioMovilidad,Antejardin,Grama,412.75,0.0413,Calliandra haematocephala,Carbonero flor roja,5,8.5,Media,Ninguna,Morales y Varón (2013); AMVA y UNAL (2014)
12596,El Poblado,5,0.5844,AsocioMovilidad,Glorieta,Grama,1245.15,0.1245,Zygia longifolia,Suribio,4,16.0,Alta,Casco de vaca (Bauhinia picta) | Carbonero flor roja (Calliandra haematocephala),Morales y Varón (2013); AMVA y UNAL (2014)
12827,El Poblado,5,0.5844,AsocioUrbanistico,RetiroQuebradas,Grama,1067.1,0.1067,Zygia longifolia,Suribio,4,16.0,Alta,Casco de vaca (Bauhinia picta) | Guamo machete (Inga densiflora),Morales y Varón (2013); AMVA y UNAL (2014)
12595,El Poblado,5,0.5844,AsocioMovilidad,Glorieta,Grama,1185.5,0.1186,Zygia longifolia,Suribio,4,16.0,Alta,Casco de vaca (Bauhinia picta) | Carbonero flor roja (Calliandra haematocephala),Morales y Varón (2013); AMVA y UNAL (2014)
12535,El Poblado,5,0.5844,AsocioMovilidad,Antejardin,Grama,297.29,0.0297,Calliandra haematocephala,Carbonero flor roja,4,8.5,Media,Ninguna,Morales y Varón (2013); AMVA y UNAL (2014)
12620,El Poblado,5,0.5844,AsocioMovilidad,Separador,Grama,1230.34,0.123,Zygia longifolia,Suribio,4,16.0,Alta,Casco de vaca (Bauhinia picta) | Carbonero flor roja (Calliandra haematocephala),Morales y Varón (2013); AMVA y UNAL (2014)
14491,El Poblado,5,0.5844,AsocioEP,ZVRecreacional,Grama,1128.45,0.1128,Zygia longifolia,Suribio,4,16.0,Alta,Casco de vaca (Bauhinia picta) | Guamo machete (Inga densiflora),Morales y Varón (2013); AMVA y UNAL (2014)
12796,El Poblado,5,0.5844,AsocioEP,ZVRecreacional,Grama,1176.08,0.1176,Zygia longifolia,Suribio,4,16.0,Alta,Casco de vaca (Bauhinia picta) | Guamo machete (Inga densiflora),Morales y Varón (2013); AMVA y UNAL (2014)
13308,El Poblado,5,0.5844,AsocioMovilidad,Antejardin,Grama,336.31,0.0336,Calliandra haematocephala,Carbonero flor roja,4,8.5,Media,Ninguna,Morales y Varón (2013); AMVA y UNAL (2014)
14147,El Poblado,5,0.5844,AsocioMovilidad,FajasTaludes,Grama,1080.42,0.108,Inga densiflora,Guamo machete,4,15.0,Alta,Ninguna,Catálogo UNAL; GBIF; POWO (Kew)
14639,El Poblado,5,0.5844,AsocioMovilidad,Antejardin,Grama,310.47,0.031,Calliandra haematocephala,Carbonero flor roja,4,8.5,Media,Ninguna,Morales y Varón (2013); AMVA y UNAL (2014)
14664,El Poblado,5,0.5844,AsocioMovilidad,Antejardin,Grama,301.32,0.0301,Calliandra haematocephala,Carbonero flor roja,4,8.5,Media,Ninguna,Morales y Varón (2013); AMVA y UNAL (2014)
14665,El Poblado,5,0.5844,AsocioMovilidad,Antejardin,Grama,324.38,0.0324,Calliandra haematocephala,Carbonero flor roja,4,8.5,Media,Ninguna,Morales y Varón (2013); AMVA y UNAL (2014)
15510,El Poblado,5,0.5844,AsocioMovilidad,Antejardin,Grama,312.86,0.0313,Calliandra haematocephala,Carbonero flor roja,4,8.5,Media,Ninguna,Morales y Varón (2013); AMVA y UNAL (2014)
15370,El Poblado,5,0.5844,AsocioMovilidad,Antejardin,Grama,340.7,0.0341,Calliandra haematocephala,Carbonero flor roja,4,8.5,Media,Ninguna,Morales y Varón (2013); AMVA y UNAL (2014)
20131,El Poblado,5,0.5844,AsocioMovilidad,FajasTaludes,Grama,1024.23,0.1024,Inga densiflora,Guamo machete,4,15.0,Alta,Ninguna,Catálogo UNAL; GBIF; POWO (Kew)
23505,El Poblado,5,0.5844,AsocioMovilidad,Antejardin,Grama,355.62,0.0356,Calliandra haematocephala,Carbonero flor roja,4,8.5,Media,Ninguna,Morales y Varón (2013); AMVA y UNAL (2014)
21907,El Poblado,5,0.5844,AsocioMovilidad,Antejardin,Grama,299.52,0.03,Calliandra haematocephala,Carbonero flor roja,4,8.5,Media,Ninguna,Morales y Varón (2013); AMVA y UNAL (2014)
21987,El Poblado,5,0.5844,AsocioMovilidad,Antejardin,Grama,307.86,0.0308,Calliandra haematocephala,Carbonero flor roja,4,8.5,Media,Ninguna,Morales y Varón (2013); AMVA y UNAL (2014)
21950,El Poblado,5,0.5844,AsocioEP,ParqueRec,Grama,1161.47,0.1161,Zygia longifolia,Suribio,4,16.0,Alta,Casco de vaca (Bauhinia picta) | Guamo machete (Inga densiflora),Morales y Varón (2013); AMVA y UNAL (2014)
23422,El Poblado,5,0.5844,AsocioMovilidad,Antejardin,Grama,338.97,0.0339,Calliandra haematocephala,Carbonero flor roja,4,8.5,Media,Ninguna,Morales y Varón (2013); AMVA y UNAL (2014)
24098,El Poblado,5,0.5844,AsocioEP,ZVRecreacional,Grama,1063.55,0.1064,Zygia longifolia,Suribio,4,16.0,Alta,Casco de vaca (Bauhinia picta) | Guamo machete (Inga densiflora),Morales y Varón (2013); AMVA y UNAL (2014)
23913,El Poblado,5,0.5844,AsocioMovilidad,Antejardin,Grama,330.5,0.0331,Calliandra haematocephala,Carbonero flor roja,4,8.5,Media,Ninguna,Morales y Varón (2013); AMVA y UNAL (2014)
23949,El Poblado,5,0.5844,AsocioEP,ZVRecreacional,Grama,1076.76,0.1077,Zygia longifolia,Suribio,4,16.0,Alta,Casco de vaca (Bauhinia picta) | Guamo machete (Inga densiflora),Morales y Varón (2013); AMVA y UNAL (2014)
23958,El Poblado,5,0.5844,AsocioEP,ZVRecreacional,Grama,1178.33,0.1178,Zygia longifolia,Suribio,4,16.0,Alta,Casco de vaca (Bauhinia picta) | Guamo machete (Inga densiflora),Morales y Varón (2013); AMVA y UNAL (2014)
12601,El Poblado,5,0.5844,AsocioMovilidad,Antejardin,Grama,249.99,0.025,Calliandra haematocephala,Carbonero flor roja,3,8.5,Media,Ninguna,Morales y Varón (2013); AMVA y UNAL (2014)
12605,El Poblado,5,0.5844,AsocioMovilidad,Antejardin,Grama,223.86,0.0224,Calliandra haematocephala,Carbonero flor roja,3,8.5,Media,Ninguna,Morales y Varón (2013); AMVA y UNAL (2014)
14299,El Poblado,5,0.5844,AsocioMovilidad,Separador,Grama,893.55,0.0894,Zygia longifolia,Suribio,3,16.0,Alta,Casco de vaca (Bauhinia picta) | Carbonero flor roja (Calliandra haematocephala),Morales y Varón (2013); AMVA y UNAL (2014)
12529,El Poblado,5,0.5844,AsocioMovilidad,Antejardin,Grama,222.87,0.0223,Calliandra haematocephala,Carbonero flor roja,3,8.5,Media,Ninguna,Morales y Varón (2013); AMVA y UNAL (2014)
14228,El Poblado,5,0.5844,AsocioMovilidad,Separador,Grama,893.03,0.0893,Zygia longifolia,Suribio,3,16.0,Alta,Casco de vaca (Bauhinia picta) | Carbonero flor roja (Calliandra haematocephala),Morales y Varón (2013); AMVA y UNAL (2014)
13153,El Poblado,5,0.5844,AsocioMovilidad,Antejardin,Grama,253.19,0.0253,Calliandra haematocephala,Carbonero flor roja,3,8.5,Media,Ninguna,Morales y Varón (2013); AMVA y UNAL (2014)
13206,El Poblado,5,0.5844,AsocioMovilidad,Antejardin,Tierra,280.73,0.0281,Calliandra haematocephala,Carbonero flor roja,3,8.5,Media,Ninguna,Morales y Varón (2013); AMVA y UNAL (2014)
13709,El Poblado,5,0.5844,AsocioMovilidad,Antejardin,Grama,249.24,0.0249,Calliandra haematocephala,Carbonero flor roja,3,8.5,Media,Ninguna,Morales y Varón (2013); AMVA y UNAL (2014)
14128,El Poblado,5,0.5844,AsocioMovilidad,Antejardin,Grama,246.79,0.0247,Calliandra haematocephala,Carbonero flor roja,3,8.5,Media,Ninguna,Morales y Varón (2013); AMVA y UNAL (2014)
13720,El Poblado,5,0.5844,AsocioMovilidad,Antejardin,Grama,219.76,0.022,Calliandra haematocephala,Carbonero flor roja,3,8.5,Media,Ninguna,Morales y Varón (2013); AMVA y UNAL (2014)
14165,El Poblado,5,0.5844,AsocioMovilidad,Separador,Grama,918.36,0.0918,Zygia longifolia,Suribio,3,16.0,Alta,Casco de vaca (Bauhinia picta) | Carbonero flor roja (Calliandra haematocephala),Morales y Varón (2013); AMVA y UNAL (2014)
14879,El Poblado,5,0.5844,AsocioMovilidad,Antejardin,Grama,283.77,0.0284,Calliandra haematocephala,Carbonero flor roja,3,8.5,Media,Ninguna,Morales y Varón (2013); AMVA y UNAL (2014)
14900,El Poblado,5,0.5844,AsocioMovilidad,Antejardin,Grama,261.79,0.0262,Calliandra haematocephala,Carbonero flor roja,3,8.5,Media,Ninguna,Morales y Varón (2013); AMVA y UNAL (2014)
15449,El Poblado,5,0.5844,AsocioMovilidad,Antejardin,Grama,234.07,0.0234,Calliandra haematocephala,Carbonero flor roja,3,8.5,Media,Ninguna,Morales y Varón (2013); AMVA y UNAL (2014)
15723,El Poblado,5,0.5844,AsocioMovilidad,Antejardin,Grama,236.95,0.0237,Calliandra haematocephala,Carbonero flor roja,3,8.5,Media,Ninguna,Morales y Varón (2013); AMVA y UNAL (2014)
16689,El Poblado,5,0.5844,AsocioMovilidad,Separador,Grama,885.22,0.0885,Zygia longifolia,Suribio,3,16.0,Alta,Casco de vaca (Bauhinia picta) | Carbonero flor roja (Calliandra haematocephala),Morales y Varón (2013); AMVA y UNAL (2014)
17022,El Poblado,5,0.5844,AsocioMovilidad,Antejardin,Grama,286.17,0.0286,Calliandra haematocephala,Carbonero flor roja,3,8.5,Media,Ninguna,Morales y Varón (2013); AMVA y UNAL (2014)
17140,El Poblado,5,0.5844,AsocioMovilidad,Separador,Grama,813.0,0.0813,Zygia longifolia,Suribio,3,16.0,Alta,Casco de vaca (Bauhinia picta) | Carbonero flor roja (Calliandra haematocephala),Morales y Varón (2013); AMVA y UNAL (2014)
17678,El Poblado,5,0.5844,AsocioMovilidad,OrejaPuente,Grama,933.11,0.0933,Zygia longifolia,Suribio,3,16.0,Alta,Casco de vaca (Bauhinia picta),Morales y Varón (2013); AMVA y UNAL (2014)
21887,El Poblado,5,0.5844,AsocioMovilidad,FranjaAmoblamiento,Grama,790.2,0.079,Zygia longifolia,Suribio,3,16.0,Alta,Casco de vaca (Bauhinia picta) | Carbonero flor roja (Calliandra haematocephala),Morales y Varón (2013); AMVA y UNAL (2014)
19539,El Poblado,5,0.5844,AsocioUrbanistico,RetiroQuebradas,Grama,897.15,0.0897,Zygia longifolia,Suribio,3,16.0,Alta,Casco de vaca (Bauhinia picta) | Guamo machete (Inga densiflora),Morales y Varón (2013); AMVA y UNAL (2014)
20343,El Poblado,5,0.5844,AsocioMovilidad,FranjaAmoblamiento,Grama,950.01,0.095,Zygia longifolia,Suribio,3,16.0,Alta,Casco de vaca (Bauhinia picta) | Carbonero flor roja (Calliandra haematocephala),Morales y Varón (2013); AMVA y UNAL (2014)
20441,El Poblado,5,0.5844,AsocioMovilidad,OrejaPuente,Grama,950.55,0.0951,Zygia longifolia,Suribio,3,16.0,Alta,Casco de vaca (Bauhinia picta),Morales y Varón (2013); AMVA y UNAL (2014)
21481,El Poblado,5,0.5844,AsocioMovilidad,Antejardin,Grama,265.96,0.0266,Calliandra haematocephala,Carbonero flor roja,3,8.5,Media,Ninguna,Morales y Varón (2013); AMVA y UNAL (2014)
21908,El Poblado,5,0.5844,AsocioMovilidad,Antejardin,Grama,274.8,0.0275,Calliandra haematocephala,Carbonero flor roja,3,8.5,Media,Ninguna,Morales y Varón (2013); AMVA y UNAL (2014)
21911,El Poblado,5,0.5844,AsocioMovilidad,Antejardin,Grama,251.39,0.0251,Calliandra haematocephala,Carbonero flor roja,3,8.5,Media,Ninguna,Morales y Varón (2013); AMVA y UNAL (2014)
23387,El Poblado,5,0.5844,AsocioMovilidad,Separador,Grama,886.19,0.0886,Zygia longifolia,Suribio,3,16.0,Alta,Casco de vaca (Bauhinia picta) | Carbonero flor roja (Calliandra haematocephala),Morales y Varón (2013); AMVA y UNAL (2014)
14594,El Poblado,5,0.5844,AsocioEP,ParqueRec,Grama,870.0,0.087,Zygia longifolia,Suribio,3,16.0,Alta,Casco de vaca (Bauhinia picta) | Guamo machete (Inga densiflora),Morales y Varón (2013); AMVA y UNAL (2014)
7638,El Poblado,5,0.5844,AsocioMovilidad,Antejardin,Grama,159.67,0.016,Calliandra haematocephala,Carbonero flor roja,2,8.5,Media,Ninguna,Morales y Varón (2013); AMVA y UNAL (2014)
9984,El Poblado,5,0.5844,AsocioMovilidad,OrejaPuente,Grama,706.66,0.0707,Zygia longifolia,Suribio,2,16.0,Alta,Casco de vaca (Bauhinia picta),Morales y Varón (2013); AMVA y UNAL (2014)
12778,El Poblado,5,0.5844,AsocioMovilidad,Antejardin,Grama,206.51,0.0207,Calliandra haematocephala,Carbonero flor roja,2,8.5,Media,Ninguna,Morales y Varón (2013); AMVA y UNAL (2014)
12781,El Poblado,5,0.5844,AsocioMovilidad,OrejaPuente,Grama,515.88,0.0516,Zygia longifolia,Suribio,2,16.0,Alta,Casco de vaca (Bauhinia picta),Morales y Varón (2013); AMVA y UNAL (2014)
15226,El Poblado,5,0.5844,AsocioMovilidad,Antejardin,Grama,192.65,0.0193,Calliandra haematocephala,Carbonero flor roja,2,8.5,Media,Ninguna,Morales y Varón (2013); AMVA y UNAL (2014)
15624,El Poblado,5,0.5844,AsocioMovilidad,Antejardin,Grama,192.58,0.0193,Calliandra haematocephala,Carbonero flor roja,2,8.5,Media,Ninguna,Morales y Varón (2013); AMVA y UNAL (2014)
14624,El Poblado,5,0.5844,AsocioMovilidad,Antejardin,Grama,204.48,0.0204,Calliandra haematocephala,Carbonero flor roja,2,8.5,Media,Ninguna,Morales y Varón (2013); AMVA y UNAL (2014)
12625,El Poblado,5,0.5844,AsocioMovilidad,Antejardin,Grama,157.56,0.0158,Calliandra haematocephala,Carbonero flor roja,2,8.5,Media,Ninguna,Morales y Varón (2013); AMVA y UNAL (2014)
13591,El Poblado,5,0.5844,AsocioMovilidad,Antejardin,Grama,191.18,0.0191,Calliandra haematocephala,Carbonero flor roja,2,8.5,Media,Ninguna,Morales y Varón (2013); AMVA y UNAL (2014)
12793,El Poblado,5,0.5844,AsocioEP,ZVRecreacional,Grama,598.08,0.0598,Zygia longifolia,Suribio,2,16.0,Alta,Casco de vaca (Bauhinia picta) | Guamo machete (Inga densiflora),Morales y Varón (2013); AMVA y UNAL (2014)
12797,El Poblado,5,0.5844,AsocioEP,ZVRecreacional,Grama,552.62,0.0553,Zygia longifolia,Suribio,2,16.0,Alta,Casco de vaca (Bauhinia picta) | Guamo machete (Inga densiflora),Morales y Varón (2013); AMVA y UNAL (2014)
13686,El Poblado,5,0.5844,AsocioEP,ParqueRec,Grama,531.56,0.0532,Zygia longifolia,Suribio,2,16.0,Alta,Casco de vaca (Bauhinia picta) | Guamo machete (Inga densiflora),Morales y Varón (2013); AMVA y UNAL (2014)
16807,El Poblado,5,0.5844,AsocioMovilidad,Antejardin,Grama,196.46,0.0196,Calliandra haematocephala,Carbonero flor roja,2,8.5,Media,Ninguna,Morales y Varón (2013); AMVA y UNAL (2014)
13839,El Poblado,5,0.5844,AsocioMovilidad,Separador,Tierra,525.66,0.0526,Zygia longifolia,Suribio,2,16.0,Alta,Casco de vaca (Bauhinia picta) | Carbonero flor roja (Calliandra haematocephala),Morales y Varón (2013); AMVA y UNAL (2014)
12979,El Poblado,5,0.5844,AsocioMovilidad,Antejardin,Grama,170.67,0.0171,Calliandra haematocephala,Carbonero flor roja,2,8.5,Media,Ninguna,Morales y Varón (2013); AMVA y UNAL (2014)
13150,El Poblado,5,0.5844,AsocioMovilidad,Antejardin,Grama,153.94,0.0154,Calliandra haematocephala,Carbonero flor roja,2,8.5,Media,Ninguna,Morales y Varón (2013); AMVA y UNAL (2014)
13226,El Poblado,5,0.5844,AsocioUrbanistico,RetiroQuebradas,Tierra,600.73,0.0601,Zygia longifolia,Suribio,2,16.0,Alta,Casco de vaca (Bauhinia picta) | Guamo machete (Inga densiflora),Morales y Varón (2013); AMVA y UNAL (2014)
13228,El Poblado,5,0.5844,AsocioMovilidad,FranjaAmoblamiento,Tierra,537.9,0.0538,Zygia longifolia,Suribio,2,16.0,Alta,Casco de vaca (Bauhinia picta) | Carbonero flor roja (Calliandra haematocephala),Morales y Varón (2013); AMVA y UNAL (2014)
13332,El Poblado,5,0.5844,AsocioMovilidad,Antejardin,Grama,215.04,0.0215,Calliandra haematocephala,Carbonero flor roja,2,8.5,Media,Ninguna,Morales y Varón (2013); AMVA y UNAL (2014)
14251,El Poblado,5,0.5844,AsocioMovilidad,Antejardin,Tierra,189.86,0.019,Calliandra haematocephala,Carbonero flor roja,2,8.5,Media,Ninguna,Morales y Varón (2013); AMVA y UNAL (2014)
13877,El Poblado,5,0.5844,AsocioMovilidad,Antejardin,Grama,171.19,0.0171,Calliandra haematocephala,Carbonero flor roja,2,8.5,Media,Ninguna,Morales y Varón (2013); AMVA y UNAL (2014)
14050,El Poblado,5,0.5844,AsocioEP,ZVRecreacional,Grama,521.21,0.0521,Zygia longifolia,Suribio,2,16.0,Alta,Casco de vaca (Bauhinia picta) | Guamo machete (Inga densiflora),Morales y Varón (2013); AMVA y UNAL (2014)
14239,El Poblado,5,0.5844,AsocioMovilidad,Antejardin,Grama,180.46,0.018,Calliandra haematocephala,Carbonero flor roja,2,8.5,Media,Ninguna,Morales y Varón (2013); AMVA y UNAL (2014)
14241,El Poblado,5,0.5844,AsocioMovilidad,Antejardin,Grama,201.2,0.0201,Calliandra haematocephala,Carbonero flor roja,2,8.5,Media,Ninguna,Morales y Varón (2013); AMVA y UNAL (2014)
15363,El Poblado,5,0.5844,AsocioMovilidad,Antejardin,Grama,170.31,0.017,Calliandra haematocephala,Carbonero flor roja,2,8.5,Media,Ninguna,Morales y Varón (2013); AMVA y UNAL (2014)
15371,El Poblado,5,0.5844,AsocioMovilidad,Antejardin,Grama,196.89,0.0197,Calliandra haematocephala,Carbonero flor roja,2,8.5,Media,Ninguna,Morales y Varón (2013); AMVA y UNAL (2014)
15373,El Poblado,5,0.5844,AsocioMovilidad,Antejardin,Grama,190.64,0.0191,Calliandra haematocephala,Carbonero flor roja,2,8.5,Media,Ninguna,Morales y Varón (2013); AMVA y UNAL (2014)
15701,El Poblado,5,0.5844,AsocioMovilidad,Antejardin,Grama,164.38,0.0164,Calliandra haematocephala,Carbonero flor roja,2,8.5,Media,Ninguna,Morales y Varón (2013); AMVA y UNAL (2014)
15706,El Poblado,5,0.5844,AsocioMovilidad,Antejardin,Grama,155.24,0.0155,Calliandra haematocephala,Carbonero flor roja,2,8.5,Media,Ninguna,Morales y Varón (2013); AMVA y UNAL (2014)
16285,El Poblado,5,0.5844,AsocioMovilidad,Antejardin,Tierra,166.69,0.0167,Calliandra haematocephala,Carbonero flor roja,2,8.5,Media,Ninguna,Morales y Varón (2013); AMVA y UNAL (2014)
16672,El Poblado,5,0.5844,AsocioMovilidad,Separador,Grama,623.52,0.0624,Zygia longifolia,Suribio,2,16.0,Alta,Casco de vaca (Bauhinia picta) | Carbonero flor roja (Calliandra haematocephala),Morales y Varón (2013); AMVA y UNAL (2014)
16674,El Poblado,5,0.5844,AsocioUrbanistico,RetiroQuebradas,Tierra,757.38,0.0757,Zygia longifolia,Suribio,2,16.0,Alta,Casco de vaca (Bauhinia picta) | Guamo machete (Inga densiflora),Morales y Varón (2013); AMVA y UNAL (2014)
16688,El Poblado,5,0.5844,AsocioMovilidad,Separador,Grama,558.55,0.0559,Zygia longifolia,Suribio,2,16.0,Alta,Casco de vaca (Bauhinia picta) | Carbonero flor roja (Calliandra haematocephala),Morales y Varón (2013); AMVA y UNAL (2014)
16694,El Poblado,5,0.5844,AsocioMovilidad,FranjaAmoblamiento,Tierra,523.7,0.0524,Zygia longifolia,Suribio,2,16.0,Alta,Casco de vaca (Bauhinia picta) | Carbonero flor roja (Calliandra haematocephala),Morales y Varón (2013); AMVA y UNAL (2014)
17131,El Poblado,5,0.5844,AsocioMovilidad,FranjaAmoblamiento,Grama,576.3,0.0576,Zygia longifolia,Suribio,2,16.0,Alta,Casco de vaca (Bauhinia picta) | Carbonero flor roja (Calliandra haematocephala),Morales y Varón (2013); AMVA y UNAL (2014)
20177,El Poblado,5,0.5844,AsocioEP,ParqueRec,Grama,629.02,0.0629,Zygia longifolia,Suribio,2,16.0,Alta,Casco de vaca (Bauhinia picta) | Guamo machete (Inga densiflora),Morales y Varón (2013); AMVA y UNAL (2014)
20360,El Poblado,5,0.5844,AsocioMovilidad,Antejardin,Grama,195.01,0.0195,Calliandra haematocephala,Carbonero flor roja,2,8.5,Media,Ninguna,Morales y Varón (2013); AMVA y UNAL (2014)
20248,El Poblado,5,0.5844,AsocioMovilidad,Antejardin,Grama,205.94,0.0206,Calliandra haematocephala,Carbonero flor roja,2,8.5,Media,Ninguna,Morales y Varón (2013); AMVA y UNAL (2014)
21479,El Poblado,5,0.5844,AsocioMovilidad,Separador,Grama,517.91,0.0518,Zygia longifolia,Suribio,2,16.0,Alta,Casco de vaca (Bauhinia picta) | Carbonero flor roja (Calliandra haematocephala),Morales y Varón (2013); AMVA y UNAL (2014)
21901,El Poblado,5,0.5844,AsocioMovilidad,FranjaAmoblamiento,Grama,602.24,0.0602,Zygia longifolia,Suribio,2,16.0,Alta,Casco de vaca (Bauhinia picta) | Carbonero flor roja (Calliandra haematocephala),Morales y Varón (2013); AMVA y UNAL (2014)
21986,El Poblado,5,0.5844,AsocioMovilidad,Antejardin,Grama,204.64,0.0205,Calliandra haematocephala,Carbonero flor roja,2,8.5,Media,Ninguna,Morales y Varón (2013); AMVA y UNAL (2014)
24069,El Poblado,5,0.5844,AsocioMovilidad,Separador,Grama,735.36,0.0735,Zygia longifolia,Suribio,2,16.0,Alta,Casco de vaca (Bauhinia picta) | Carbonero flor roja (Calliandra haematocephala),Morales y Varón (2013); AMVA y UNAL (2014)
23650,El Poblado,5,0.5844,AsocioEP,ZVRecreacional,Grama,523.25,0.0523,Zygia longifolia,Suribio,2,16.0,Alta,Casco de vaca (Bauhinia picta) | Guamo machete (Inga densiflora),Morales y Varón (2013); AMVA y UNAL (2014)
23731,El Poblado,5,0.5844,AsocioMovilidad,Separador,Grama,643.32,0.0643,Zygia longifolia,Suribio,2,16.0,Alta,Casco de vaca (Bauhinia picta) | Carbonero flor roja (Calliandra haematocephala),Morales y Varón (2013); AMVA y UNAL (2014)
23916,El Poblado,5,0.5844,AsocioMovilidad,Antejardin,Grama,192.03,0.0192,Calliandra haematocephala,Carbonero flor roja,2,8.5,Media,Ninguna,Morales y Varón (2013); AMVA y UNAL (2014)
24005,El Poblado,5,0.5844,AsocioMovilidad,Antejardin,Grama,147.05,0.0147,Calliandra haematocephala,Carbonero flor roja,2,8.5,Media,Ninguna,Morales y Varón (2013); AMVA y UNAL (2014)
12772,El Poblado,5,0.5844,AsocioMovilidad,Antejardin,Grama,79.16,0.0079,Calliandra haematocephala,Carbonero flor roja,1,8.5,Media,Ninguna,Morales y Varón (2013); AMVA y UNAL (2014)
13073,El Poblado,5,0.5844,AsocioMovilidad,Antejardin,Grama,141.11,0.0141,Calliandra haematocephala,Carbonero flor roja,1,8.5,Media,Ninguna,Morales y Varón (2013); AMVA y UNAL (2014)
13080,El Poblado,5,0.5844,AsocioMovilidad,Antejardin,Grama,84.07,0.0084,Calliandra haematocephala,Carbonero flor roja,1,8.5,Media,Ninguna,Morales y Varón (2013); AMVA y UNAL (2014)
12675,El Poblado,5,0.5844,AsocioMovilidad,Antejardin,Grama,89.82,0.009,Calliandra haematocephala,Carbonero flor roja,1,8.5,Media,Ninguna,Morales y Varón (2013); AMVA y UNAL (2014)
12597,El Poblado,5,0.5844,AsocioMovilidad,Glorieta,Grama,313.84,0.0314,Zygia longifolia,Suribio,1,16.0,Alta,Casco de vaca (Bauhinia picta) | Carbonero flor roja (Calliandra haematocephala),Morales y Varón (2013); AMVA y UNAL (2014)
13041,El Poblado,5,0.5844,AsocioMovilidad,Separador,Grama,476.21,0.0476,Zygia longifolia,Suribio,1,16.0,Alta,Casco de vaca (Bauhinia picta) | Carbonero flor roja (Calliandra haematocephala),Morales y Varón (2013); AMVA y UNAL (2014)
12853,El Poblado,5,0.5844,AsocioMovilidad,Separador,Grama,398.65,0.0399,Zygia longifolia,Suribio,1,16.0,Alta,Casco de vaca (Bauhinia picta) | Carbonero flor roja (Calliandra haematocephala),Morales y Varón (2013); AMVA y UNAL (2014)
12854,El Poblado,5,0.5844,AsocioMovilidad,Separador,Grama,386.58,0.0387,Zygia longifolia,Suribio,1,16.0,Alta,Casco de vaca (Bauhinia picta) | Carbonero flor roja (Calliandra haematocephala),Morales y Varón (2013); AMVA y UNAL (2014)
14548,El Poblado,5,0.5844,AsocioMovilidad,Separador,Grama,402.27,0.0402,Zygia longifolia,Suribio,1,16.0,Alta,Casco de vaca (Bauhinia picta) | Carbonero flor roja (Calliandra haematocephala),Morales y Varón (2013); AMVA y UNAL (2014)
13204,El Poblado,5,0.5844,AsocioMovilidad,Antejardin,Tierra,93.5,0.0094,Calliandra haematocephala,Carbonero flor roja,1,8.5,Media,Ninguna,Morales y Varón (2013); AMVA y UNAL (2014)
15670,El Poblado,5,0.5844,AsocioMovilidad,Antejardin,Grama,88.76,0.0089,Calliandra haematocephala,Carbonero flor roja,1,8.5,Media,Ninguna,Morales y Varón (2013); AMVA y UNAL (2014)
13597,El Poblado,5,0.5844,AsocioMovilidad,FajasTaludes,Grama,323.48,0.0323,Inga densiflora,Guamo machete,1,15.0,Alta,Ninguna,Catálogo UNAL; GBIF; POWO (Kew)
14300,El Poblado,5,0.5844,AsocioMovilidad,Separador,Grama,330.65,0.0331,Zygia longifolia,Suribio,1,16.0,Alta,Casco de vaca (Bauhinia picta) | Carbonero flor roja (Calliandra haematocephala),Morales y Varón (2013); AMVA y UNAL (2014)
15605,El Poblado,5,0.5844,AsocioMovilidad,Antejardin,Grama,100.52,0.0101,Calliandra haematocephala,Carbonero flor roja,1,8.5,Media,Ninguna,Morales y Varón (2013); AMVA y UNAL (2014)
12644,El Poblado,5,0.5844,AsocioMovilidad,Antejardin,Grama,111.97,0.0112,Calliandra haematocephala,Carbonero flor roja,1,8.5,Media,Ninguna,Morales y Varón (2013); AMVA y UNAL (2014)
12645,El Poblado,5,0.5844,AsocioMovilidad,Antejardin,Grama,81.04,0.0081,Calliandra haematocephala,Carbonero flor roja,1,8.5,Media,Ninguna,Morales y Varón (2013); AMVA y UNAL (2014)
12703,El Poblado,5,0.5844,AsocioMovilidad,FranjaAmoblamiento,Grama,270.41,0.027,Zygia longifolia,Suribio,1,16.0,Alta,Casco de vaca (Bauhinia picta) | Carbonero flor roja (Calliandra haematocephala),Morales y Varón (2013); AMVA y UNAL (2014)
12704,El Poblado,5,0.5844,AsocioMovilidad,Antejardin,Grama,76.83,0.0077,Calliandra haematocephala,Carbonero flor roja,1,8.5,Media,Ninguna,Morales y Varón (2013); AMVA y UNAL (2014)
12705,El Poblado,5,0.5844,AsocioMovilidad,Antejardin,Grama,81.51,0.0082,Calliandra haematocephala,Carbonero flor roja,1,8.5,Media,Ninguna,Morales y Varón (2013); AMVA y UNAL (2014)
14053,El Poblado,5,0.5844,AsocioEP,ZVRecreacional,Grama,505.49,0.0505,Zygia longifolia,Suribio,1,16.0,Alta,Casco de vaca (Bauhinia picta) | Guamo machete (Inga densiflora),Morales y Varón (2013); AMVA y UNAL (2014)
12799,El Poblado,5,0.5844,AsocioEP,ZVRecreacional,Grama,278.61,0.0279,Zygia longifolia,Suribio,1,16.0,Alta,Casco de vaca (Bauhinia picta) | Guamo machete (Inga densiflora),Morales y Varón (2013); AMVA y UNAL (2014)
12852,El Poblado,5,0.5844,AsocioMovilidad,FranjaAmoblamiento,Grama,358.0,0.0358,Zygia longifolia,Suribio,1,16.0,Alta,Casco de vaca (Bauhinia picta) | Carbonero flor roja (Calliandra haematocephala),Morales y Varón (2013); AMVA y UNAL (2014)
14255,El Poblado,5,0.5844,AsocioMovilidad,Antejardin,Grama,95.62,0.0096,Calliandra haematocephala,Carbonero flor roja,1,8.5,Media,Ninguna,Morales y Varón (2013); AMVA y UNAL (2014)
15613,El Poblado,5,0.5844,AsocioMovilidad,Antejardin,Grama,131.84,0.0132,Calliandra haematocephala,Carbonero flor roja,1,8.5,Media,Ninguna,Morales y Varón (2013); AMVA y UNAL (2014)
12862,El Poblado,5,0.5844,AsocioMovilidad,Antejardin,Tierra,76.75,0.0077,Calliandra haematocephala,Carbonero flor roja,1,8.5,Media,Ninguna,Morales y Varón (2013); AMVA y UNAL (2014)
14229,El Poblado,5,0.5844,AsocioUrbanistico,RetiroQuebradas,Grama,478.62,0.0479,Zygia longifolia,Suribio,1,16.0,Alta,Casco de vaca (Bauhinia picta) | Guamo machete (Inga densiflora),Morales y Varón (2013); AMVA y UNAL (2014)
12976,El Poblado,5,0.5844,AsocioMovilidad,Separador,Grama,370.69,0.0371,Zygia longifolia,Suribio,1,16.0,Alta,Casco de vaca (Bauhinia picta) | Carbonero flor roja (Calliandra haematocephala),Morales y Varón (2013); AMVA y UNAL (2014)
14022,El Poblado,5,0.5844,AsocioMovilidad,FranjaAmoblamiento,Grama,457.97,0.0458,Zygia longifolia,Suribio,1,16.0,Alta,Casco de vaca (Bauhinia picta) | Carbonero flor roja (Calliandra haematocephala),Morales y Varón (2013); AMVA y UNAL (2014)
13302,El Poblado,5,0.5844,AsocioMovilidad,Antejardin,Grama,81.65,0.0082,Calliandra haematocephala,Carbonero flor roja,1,8.5,Media,Ninguna,Morales y Varón (2013); AMVA y UNAL (2014)
16644,El Poblado,5,0.5844,AsocioMovilidad,Antejardin,Tierra,101.19,0.0101,Calliandra haematocephala,Carbonero flor roja,1,8.5,Media,Ninguna,Morales y Varón (2013); AMVA y UNAL (2014)
12994,El Poblado,5,0.5844,AsocioMovilidad,Antejardin,Grama,87.32,0.0087,Calliandra haematocephala,Carbonero flor roja,1,8.5,Media,Ninguna,Morales y Varón (2013); AMVA y UNAL (2014)
13002,El Poblado,5,0.5844,AsocioMovilidad,Antejardin,Grama,78.71,0.0079,Calliandra haematocephala,Carbonero flor roja,1,8.5,Media,Ninguna,Morales y Varón (2013); AMVA y UNAL (2014)
13029,El Poblado,5,0.5844,AsocioMovilidad,FranjaAmoblamiento,Grama,383.83,0.0384,Zygia longifolia,Suribio,1,16.0,Alta,Casco de vaca (Bauhinia picta) | Carbonero flor roja (Calliandra haematocephala),Morales y Varón (2013); AMVA y UNAL (2014)
13234,El Poblado,5,0.5844,AsocioMovilidad,FranjaAmoblamiento,Grama,257.78,0.0258,Zygia longifolia,Suribio,1,16.0,Alta,Casco de vaca (Bauhinia picta) | Carbonero flor roja (Calliandra haematocephala),Morales y Varón (2013); AMVA y UNAL (2014)
13433,El Poblado,5,0.5844,AsocioMovilidad,Antejardin,Grama,114.36,0.0114,Calliandra haematocephala,Carbonero flor roja,1,8.5,Media,Ninguna,Morales y Varón (2013); AMVA y UNAL (2014)
13942,El Poblado,5,0.5844,AsocioMovilidad,Antejardin,Grama,115.44,0.0115,Calliandra haematocephala,Carbonero flor roja,1,8.5,Media,Ninguna,Morales y Varón (2013); AMVA y UNAL (2014)
14248,El Poblado,5,0.5844,AsocioMovilidad,Antejardin,Tierra,88.69,0.0089,Calliandra haematocephala,Carbonero flor roja,1,8.5,Media,Ninguna,Morales y Varón (2013); AMVA y UNAL (2014)
13916,El Poblado,5,0.5844,AsocioMovilidad,Antejardin,Grama,78.17,0.0078,Calliandra haematocephala,Carbonero flor roja,1,8.5,Media,Ninguna,Morales y Varón (2013); AMVA y UNAL (2014)
14928,El Poblado,5,0.5844,AsocioMovilidad,Antejardin,Grama,105.61,0.0106,Calliandra haematocephala,Carbonero flor roja,1,8.5,Media,Ninguna,Morales y Varón (2013); AMVA y UNAL (2014)
15696,El Poblado,5,0.5844,AsocioMovilidad,Antejardin,Grama,86.03,0.0086,Calliandra haematocephala,Carbonero flor roja,1,8.5,Media,Ninguna,Morales y Varón (2013); AMVA y UNAL (2014)
13644,El Poblado,5,0.5844,AsocioMovilidad,Antejardin,Grama,94.9,0.0095,Calliandra haematocephala,Carbonero flor roja,1,8.5,Media,Ninguna,Morales y Varón (2013); AMVA y UNAL (2014)
13680,El Poblado,5,0.5844,AsocioMovilidad,Antejardin,Grama,110.68,0.0111,Calliandra haematocephala,Carbonero flor roja,1,8.5,Media,Ninguna,Morales y Varón (2013); AMVA y UNAL (2014)
13703,El Poblado,5,0.5844,AsocioMovilidad,Antejardin,Grama,124.61,0.0125,Calliandra haematocephala,Carbonero flor roja,1,8.5,Media,Ninguna,Morales y Varón (2013); AMVA y UNAL (2014)
13745,El Poblado,5,0.5844,AsocioMovilidad,FranjaAmoblamiento,Grama,368.68,0.0369,Zygia longifolia,Suribio,1,16.0,Alta,Casco de vaca (Bauhinia picta) | Carbonero flor roja (Calliandra haematocephala),Morales y Varón (2013); AMVA y UNAL (2014)
13880,El Poblado,5,0.5844,AsocioEP,ZVRecreacional,Grama,389.9,0.039,Zygia longifolia,Suribio,1,16.0,Alta,Casco de vaca (Bauhinia picta) | Guamo machete (Inga densiflora),Morales y Varón (2013); AMVA y UNAL (2014)
13896,El Poblado,5,0.5844,AsocioMovilidad,Antejardin,Grama,106.55,0.0107,Calliandra haematocephala,Carbonero flor roja,1,8.5,Media,Ninguna,Morales y Varón (2013); AMVA y UNAL (2014)
13908,El Poblado,5,0.5844,AsocioMovilidad,Antejardin,Grama,98.45,0.0098,Calliandra haematocephala,Carbonero flor roja,1,8.5,Media,Ninguna,Morales y Varón (2013); AMVA y UNAL (2014)
14320,El Poblado,5,0.5844,AsocioMovilidad,Antejardin,Grama,79.14,0.0079,Calliandra haematocephala,Carbonero flor roja,1,8.5,Media,Ninguna,Morales y Varón (2013); AMVA y UNAL (2014)
13985,El Poblado,5,0.5844,AsocioMovilidad,FranjaAmoblamiento,Grama,482.54,0.0483,Zygia longifolia,Suribio,1,16.0,Alta,Casco de vaca (Bauhinia picta) | Carbonero flor roja (Calliandra haematocephala),Morales y Varón (2013); AMVA y UNAL (2014)
13986,El Poblado,5,0.5844,AsocioMovilidad,Antejardin,Grama,119.73,0.012,Calliandra haematocephala,Carbonero flor roja,1,8.5,Media,Ninguna,Morales y Varón (2013); AMVA y UNAL (2014)
13997,El Poblado,5,0.5844,AsocioMovilidad,Antejardin,Grama,79.32,0.0079,Calliandra haematocephala,Carbonero flor roja,1,8.5,Media,Ninguna,Morales y Varón (2013); AMVA y UNAL (2014)
14040,El Poblado,5,0.5844,AsocioMovilidad,Antejardin,Tierra,76.2,0.0076,Calliandra haematocephala,Carbonero flor roja,1,8.5,Media,Ninguna,Morales y Varón (2013); AMVA y UNAL (2014)
14146,El Poblado,5,0.5844,AsocioEP,ZVRecreacional,Grama,271.63,0.0272,Zygia longifolia,Suribio,1,16.0,Alta,Casco de vaca (Bauhinia picta) | Guamo machete (Inga densiflora),Morales y Varón (2013); AMVA y UNAL (2014)
14161,El Poblado,5,0.5844,AsocioMovilidad,Antejardin,Grama,92.13,0.0092,Calliandra haematocephala,Carbonero flor roja,1,8.5,Media,Ninguna,Morales y Varón (2013); AMVA y UNAL (2014)
14162,El Poblado,5,0.5844,AsocioMovilidad,FranjaAmoblamiento,Grama,325.8,0.0326,Zygia longifolia,Suribio,1,16.0,Alta,Casco de vaca (Bauhinia picta) | Carbonero flor roja (Calliandra haematocephala),Morales y Varón (2013); AMVA y UNAL (2014)
14287,El Poblado,5,0.5844,AsocioMovilidad,Separador,Grama,277.47,0.0277,Zygia longifolia,Suribio,1,16.0,Alta,Casco de vaca (Bauhinia picta) | Carbonero flor roja (Calliandra haematocephala),Morales y Varón (2013); AMVA y UNAL (2014)
14389,El Poblado,5,0.5844,AsocioMovilidad,Antejardin,Grama,92.02,0.0092,Calliandra haematocephala,Carbonero flor roja,1,8.5,Media,Ninguna,Morales y Varón (2013); AMVA y UNAL (2014)
14395,El Poblado,5,0.5844,AsocioMovilidad,Antejardin,Grama,140.12,0.014,Calliandra haematocephala,Carbonero flor roja,1,8.5,Media,Ninguna,Morales y Varón (2013); AMVA y UNAL (2014)
14397,El Poblado,5,0.5844,AsocioMovilidad,Antejardin,Grama,93.51,0.0094,Calliandra haematocephala,Carbonero flor roja,1,8.5,Media,Ninguna,Morales y Varón (2013); AMVA y UNAL (2014)
14643,El Poblado,5,0.5844,AsocioEP,ParqueRec,Grama,398.04,0.0398,Zygia longifolia,Suribio,1,16.0,Alta,Casco de vaca (Bauhinia picta) | Guamo machete (Inga densiflora),Morales y Varón (2013); AMVA y UNAL (2014)
14660,El Poblado,5,0.5844,AsocioMovilidad,Antejardin,Grama,106.78,0.0107,Calliandra haematocephala,Carbonero flor roja,1,8.5,Media,Ninguna,Morales y Varón (2013); AMVA y UNAL (2014)
15279,El Poblado,5,0.5844,AsocioMovilidad,FajasTaludes,Grama,351.28,0.0351,Inga densiflora,Guamo machete,1,15.0,Alta,Ninguna,Catálogo UNAL; GBIF; POWO (Kew)
15281,El Poblado,5,0.5844,AsocioMovilidad,Antejardin,Grama,125.64,0.0126,Calliandra haematocephala,Carbonero flor roja,1,8.5,Media,Ninguna,Morales y Varón (2013); AMVA y UNAL (2014)
14882,El Poblado,5,0.5844,AsocioMovilidad,Antejardin,Grama,121.72,0.0122,Calliandra haematocephala,Carbonero flor roja,1,8.5,Media,Ninguna,Morales y Varón (2013); AMVA y UNAL (2014)
14886,El Poblado,5,0.5844,AsocioMovilidad,Antejardin,Grama,76.83,0.0077,Calliandra haematocephala,Carbonero flor roja,1,8.5,Media,Ninguna,Morales y Varón (2013); AMVA y UNAL (2014)
14899,El Poblado,5,0.5844,AsocioMovilidad,Antejardin,Grama,79.14,0.0079,Calliandra haematocephala,Carbonero flor roja,1,8.5,Media,Ninguna,Morales y Varón (2013); AMVA y UNAL (2014)
15512,El Poblado,5,0.5844,AsocioMovilidad,Antejardin,Grama,90.95,0.0091,Calliandra haematocephala,Carbonero flor roja,1,8.5,Media,Ninguna,Morales y Varón (2013); AMVA y UNAL (2014)
15517,El Poblado,5,0.5844,AsocioMovilidad,Antejardin,Grama,72.51,0.0073,Calliandra haematocephala,Carbonero flor roja,1,8.5,Media,Ninguna,Morales y Varón (2013); AMVA y UNAL (2014)
15451,El Poblado,5,0.5844,AsocioMovilidad,FajasTaludes,Grama,297.05,0.0297,Inga densiflora,Guamo machete,1,15.0,Alta,Ninguna,Catálogo UNAL; GBIF; POWO (Kew)
15362,El Poblado,5,0.5844,AsocioMovilidad,Antejardin,Grama,99.79,0.01,Calliandra haematocephala,Carbonero flor roja,1,8.5,Media,Ninguna,Morales y Varón (2013); AMVA y UNAL (2014)
15553,El Poblado,5,0.5844,AsocioMovilidad,FranjaAmoblamiento,Grama,278.63,0.0279,Zygia longifolia,Suribio,1,16.0,Alta,Casco de vaca (Bauhinia picta) | Carbonero flor roja (Calliandra haematocephala),Morales y Varón (2013); AMVA y UNAL (2014)
15704,El Poblado,5,0.5844,AsocioMovilidad,Antejardin,Grama,122.65,0.0123,Calliandra haematocephala,Carbonero flor roja,1,8.5,Media,Ninguna,Morales y Varón (2013); AMVA y UNAL (2014)
15705,El Poblado,5,0.5844,AsocioMovilidad,Antejardin,Grama,133.57,0.0134,Calliandra haematocephala,Carbonero flor roja,1,8.5,Media,Ninguna,Morales y Varón (2013); AMVA y UNAL (2014)
15726,El Poblado,5,0.5844,AsocioMovilidad,Antejardin,Grama,142.61,0.0143,Calliandra haematocephala,Carbonero flor roja,1,8.5,Media,Ninguna,Morales y Varón (2013); AMVA y UNAL (2014)
15729,El Poblado,5,0.5844,AsocioMovilidad,Antejardin,Grama,128.25,0.0128,Calliandra haematocephala,Carbonero flor roja,1,8.5,Media,Ninguna,Morales y Varón (2013); AMVA y UNAL (2014)
15732,El Poblado,5,0.5844,AsocioMovilidad,Antejardin,Grama,78.36,0.0078,Calliandra haematocephala,Carbonero flor roja,1,8.5,Media,Ninguna,Morales y Varón (2013); AMVA y UNAL (2014)
20311,El Poblado,5,0.5844,AsocioMovilidad,Antejardin,Grama,73.54,0.0074,Calliandra haematocephala,Carbonero flor roja,1,8.5,Media,Ninguna,Morales y Varón (2013); AMVA y UNAL (2014)
20312,El Poblado,5,0.5844,AsocioMovilidad,Antejardin,Grama,129.4,0.0129,Calliandra haematocephala,Carbonero flor roja,1,8.5,Media,Ninguna,Morales y Varón (2013); AMVA y UNAL (2014)
20315,El Poblado,5,0.5844,AsocioMovilidad,Antejardin,Grama,88.22,0.0088,Calliandra haematocephala,Carbonero flor roja,1,8.5,Media,Ninguna,Morales y Varón (2013); AMVA y UNAL (2014)
20324,El Poblado,5,0.5844,AsocioMovilidad,Separador,Grama,263.67,0.0264,Zygia longifolia,Suribio,1,16.0,Alta,Casco de vaca (Bauhinia picta) | Carbonero flor roja (Calliandra haematocephala),Morales y Varón (2013); AMVA y UNAL (2014)
16997,El Poblado,5,0.5844,AsocioMovilidad,Antejardin,Grama,84.7,0.0085,Calliandra haematocephala,Carbonero flor roja,1,8.5,Media,Ninguna,Morales y Varón (2013); AMVA y UNAL (2014)
16673,El Poblado,5,0.5844,AsocioUrbanistico,RetiroQuebradas,Tierra,362.31,0.0362,Zygia longifolia,Suribio,1,16.0,Alta,Casco de vaca (Bauhinia picta) | Guamo machete (Inga densiflora),Morales y Varón (2013); AMVA y UNAL (2014)
16675,El Poblado,5,0.5844,AsocioUrbanistico,RetiroQuebradas,Tierra,406.16,0.0406,Zygia longifolia,Suribio,1,16.0,Alta,Casco de vaca (Bauhinia picta) | Guamo machete (Inga densiflora),Morales y Varón (2013); AMVA y UNAL (2014)
16697,El Poblado,5,0.5844,AsocioMovilidad,Antejardin,Tierra,75.87,0.0076,Calliandra haematocephala,Carbonero flor roja,1,8.5,Media,Ninguna,Morales y Varón (2013); AMVA y UNAL (2014)
16739,El Poblado,5,0.5844,AsocioMovilidad,Antejardin,Tierra,73.12,0.0073,Calliandra haematocephala,Carbonero flor roja,1,8.5,Media,Ninguna,Morales y Varón (2013); AMVA y UNAL (2014)
16901,El Poblado,5,0.5844,AsocioMovilidad,FranjaAmoblamiento,Tierra,375.09,0.0375,Zygia longifolia,Suribio,1,16.0,Alta,Casco de vaca (Bauhinia picta) | Carbonero flor roja (Calliandra haematocephala),Morales y Varón (2013); AMVA y UNAL (2014)
16918,El Poblado,5,0.5844,AsocioMovilidad,Antejardin,Grama,74.44,0.0074,Calliandra haematocephala,Carbonero flor roja,1,8.5,Media,Ninguna,Morales y Varón (2013); AMVA y UNAL (2014)
17009,El Poblado,5,0.5844,AsocioMovilidad,Antejardin,Grama,98.46,0.0098,Calliandra haematocephala,Carbonero flor roja,1,8.5,Media,Ninguna,Morales y Varón (2013); AMVA y UNAL (2014)
17130,El Poblado,5,0.5844,AsocioMovilidad,Antejardin,Grama,82.47,0.0082,Calliandra haematocephala,Carbonero flor roja,1,8.5,Media,Ninguna,Morales y Varón (2013); AMVA y UNAL (2014)
17054,El Poblado,5,0.5844,AsocioMovilidad,Antejardin,Grama,90.53,0.0091,Calliandra haematocephala,Carbonero flor roja,1,8.5,Media,Ninguna,Morales y Varón (2013); AMVA y UNAL (2014)
17058,El Poblado,5,0.5844,AsocioUrbanistico,RetiroQuebradas,Grama,358.51,0.0359,Zygia longifolia,Suribio,1,16.0,Alta,Casco de vaca (Bauhinia picta) | Guamo machete (Inga densiflora),Morales y Varón (2013); AMVA y UNAL (2014)
17104,El Poblado,5,0.5844,AsocioMovilidad,Antejardin,Grama,131.99,0.0132,Calliandra haematocephala,Carbonero flor roja,1,8.5,Media,Ninguna,Morales y Varón (2013); AMVA y UNAL (2014)
17107,El Poblado,5,0.5844,AsocioMovilidad,Antejardin,Grama,112.08,0.0112,Calliandra haematocephala,Carbonero flor roja,1,8.5,Media,Ninguna,Morales y Varón (2013); AMVA y UNAL (2014)
17403,El Poblado,5,0.5844,AsocioMovilidad,OrejaPuente,Grama,256.6,0.0257,Zygia longifolia,Suribio,1,16.0,Alta,Casco de vaca (Bauhinia picta),Morales y Varón (2013); AMVA y UNAL (2014)
17404,El Poblado,5,0.5844,AsocioMovilidad,OrejaPuente,Grama,379.63,0.038,Zygia longifolia,Suribio,1,16.0,Alta,Casco de vaca (Bauhinia picta),Morales y Varón (2013); AMVA y UNAL (2014)
20065,El Poblado,5,0.5844,AsocioMovilidad,FranjaAmoblamiento,Grama,391.7,0.0392,Zygia longifolia,Suribio,1,16.0,Alta,Casco de vaca (Bauhinia picta) | Carbonero flor roja (Calliandra haematocephala),Morales y Varón (2013); AMVA y UNAL (2014)
20070,El Poblado,5,0.5844,AsocioMovilidad,FranjaAmoblamiento,Grama,345.52,0.0346,Zygia longifolia,Suribio,1,16.0,Alta,Casco de vaca (Bauhinia picta) | Carbonero flor roja (Calliandra haematocephala),Morales y Varón (2013); AMVA y UNAL (2014)
20071,El Poblado,5,0.5844,AsocioMovilidad,FranjaAmoblamiento,Grama,390.47,0.039,Zygia longifolia,Suribio,1,16.0,Alta,Casco de vaca (Bauhinia picta) | Carbonero flor roja (Calliandra haematocephala),Morales y Varón (2013); AMVA y UNAL (2014)
17584,El Poblado,5,0.5844,AsocioMovilidad,FranjaAmoblamiento,Grama,312.61,0.0313,Zygia longifolia,Suribio,1,16.0,Alta,Casco de vaca (Bauhinia picta) | Carbonero flor roja (Calliandra haematocephala),Morales y Varón (2013); AMVA y UNAL (2014)
19552,El Poblado,5,0.5844,AsocioMovilidad,Antejardin,Grama,75.53,0.0076,Calliandra haematocephala,Carbonero flor roja,1,8.5,Media,Ninguna,Morales y Varón (2013); AMVA y UNAL (2014)
20160,El Poblado,5,0.5844,AsocioMovilidad,Antejardin,Grama,75.38,0.0075,Calliandra haematocephala,Carbonero flor roja,1,8.5,Media,Ninguna,Morales y Varón (2013); AMVA y UNAL (2014)
20139,El Poblado,5,0.5844,AsocioMovilidad,Antejardin,Grama,130.94,0.0131,Calliandra haematocephala,Carbonero flor roja,1,8.5,Media,Ninguna,Morales y Varón (2013); AMVA y UNAL (2014)
20302,El Poblado,5,0.5844,AsocioMovilidad,Antejardin,Grama,76.14,0.0076,Calliandra haematocephala,Carbonero flor roja,1,8.5,Media,Ninguna,Morales y Varón (2013); AMVA y UNAL (2014)
21900,El Poblado,5,0.5844,AsocioMovilidad,Separador,Grama,309.52,0.031,Zygia longifolia,Suribio,1,16.0,Alta,Casco de vaca (Bauhinia picta) | Carbonero flor roja (Calliandra haematocephala),Morales y Varón (2013); AMVA y UNAL (2014)
21905,El Poblado,5,0.5844,AsocioMovilidad,Antejardin,Grama,88.55,0.0089,Calliandra haematocephala,Carbonero flor roja,1,8.5,Media,Ninguna,Morales y Varón (2013); AMVA y UNAL (2014)
21909,El Poblado,5,0.5844,AsocioMovilidad,FranjaAmoblamiento,Grama,389.23,0.0389,Zygia longifolia,Suribio,1,16.0,Alta,Casco de vaca (Bauhinia picta) | Carbonero flor roja (Calliandra haematocephala),Morales y Varón (2013); AMVA y UNAL (2014)
21921,El Poblado,5,0.5844,AsocioEP,ParqueRec,Grama,258.76,0.0259,Zygia longifolia,Suribio,1,16.0,Alta,Casco de vaca (Bauhinia picta) | Guamo machete (Inga densiflora),Morales y Varón (2013); AMVA y UNAL (2014)
21926,El Poblado,5,0.5844,AsocioMovilidad,Antejardin,Tierra,125.29,0.0125,Calliandra haematocephala,Carbonero flor roja,1,8.5,Media,Ninguna,Morales y Varón (2013); AMVA y UNAL (2014)
21953,El Poblado,5,0.5844,AsocioMovilidad,FranjaAmoblamiento,Grama,281.49,0.0281,Zygia longifolia,Suribio,1,16.0,Alta,Casco de vaca (Bauhinia picta) | Carbonero flor roja (Calliandra haematocephala),Morales y Varón (2013); AMVA y UNAL (2014)
22014,El Poblado,5,0.5844,AsocioMovilidad,Antejardin,Grama,109.05,0.0109,Calliandra haematocephala,Carbonero flor roja,1,8.5,Media,Ninguna,Morales y Varón (2013); AMVA y UNAL (2014)
22017,El Poblado,5,0.5844,AsocioMovilidad,Antejardin,Grama,85.75,0.0086,Calliandra haematocephala,Carbonero flor roja,1,8.5,Media,Ninguna,Morales y Varón (2013); AMVA y UNAL (2014)
23788,El Poblado,5,0.5844,AsocioMovilidad,Antejardin,Grama,122.86,0.0123,Calliandra haematocephala,Carbonero flor roja,1,8.5,Media,Ninguna,Morales y Varón (2013); AMVA y UNAL (2014)
22171,El Poblado,5,0.5844,AsocioMovilidad,Antejardin,Tierra,97.18,0.0097,Calliandra haematocephala,Carbonero flor roja,1,8.5,Media,Ninguna,Morales y Varón (2013); AMVA y UNAL (2014)
22232,El Poblado,5,0.5844,AsocioUrbanistico,RetiroQuebradas,Grama,436.73,0.0437,Zygia longifolia,Suribio,1,16.0,Alta,Casco de vaca (Bauhinia picta) | Guamo machete (Inga densiflora),Morales y Varón (2013); AMVA y UNAL (2014)
24089,El Poblado,5,0.5844,AsocioMovilidad,Antejardin,Grama,77.9,0.0078,Calliandra haematocephala,Carbonero flor roja,1,8.5,Media,Ninguna,Morales y Varón (2013); AMVA y UNAL (2014)
23388,El Poblado,5,0.5844,AsocioMovilidad,Antejardin,Grama,77.35,0.0077,Calliandra haematocephala,Carbonero flor roja,1,8.5,Media,Ninguna,Morales y Varón (2013); AMVA y UNAL (2014)
23393,El Poblado,5,0.5844,AsocioMovilidad,Antejardin,Grama,116.96,0.0117,Calliandra haematocephala,Carbonero flor roja,1,8.5,Media,Ninguna,Morales y Varón (2013); AMVA y UNAL (2014)
23397,El Poblado,5,0.5844,AsocioMovilidad,Separador,Grama,373.56,0.0374,Zygia longifolia,Suribio,1,16.0,Alta,Casco de vaca (Bauhinia picta) | Carbonero flor roja (Calliandra haematocephala),Morales y Varón (2013); AMVA y UNAL (2014)
23513,El Poblado,5,0.5844,AsocioMovilidad,Antejardin,Grama,86.11,0.0086,Calliandra haematocephala,Carbonero flor roja,1,8.5,Media,Ninguna,Morales y Varón (2013); AMVA y UNAL (2014)
23828,El Poblado,5,0.5844,AsocioMovilidad,Antejardin,Grama,130.45,0.013,Calliandra haematocephala,Carbonero flor roja,1,8.5,Media,Ninguna,Morales y Varón (2013); AMVA y UNAL (2014)
23882,El Poblado,5,0.5844,AsocioEP,ZVRecreacional,Grama,435.5,0.0436,Zygia longifolia,Suribio,1,16.0,Alta,Casco de vaca (Bauhinia picta) | Guamo machete (Inga densiflora),Morales y Varón (2013); AMVA y UNAL (2014)
23997,El Poblado,5,0.5844,AsocioMovilidad,Antejardin,Grama,115.02,0.0115,Calliandra haematocephala,Carbonero flor roja,1,8.5,Media,Ninguna,Morales y Varón (2013); AMVA y UNAL (2014)
23917,El Poblado,5,0.5844,AsocioMovilidad,Antejardin,Grama,92.36,0.0092,Calliandra haematocephala,Carbonero flor roja,1,8.5,Media,Ninguna,Morales y Varón (2013); AMVA y UNAL (2014)
23927,El Poblado,5,0.5844,AsocioMovilidad,Antejardin,Grama,79.3,0.0079,Calliandra haematocephala,Carbonero flor roja,1,8.5,Media,Ninguna,Morales y Varón (2013); AMVA y UNAL (2014)
23953,El Poblado,5,0.5844,AsocioMovilidad,Antejardin,Grama,84.24,0.0084,Calliandra haematocephala,Carbonero flor roja,1,8.5,Media,Ninguna,Morales y Varón (2013); AMVA y UNAL (2014)
23977,El Poblado,5,0.5844,AsocioMovilidad,Antejardin,Grama,124.68,0.0125,Calliandra haematocephala,Carbonero flor roja,1,8.5,Media,Ninguna,Morales y Varón (2013); AMVA y UNAL (2014)
24003,El Poblado,5,0.5844,AsocioMovilidad,Antejardin,Grama,138.6,0.0139,Calliandra haematocephala,Carbonero flor roja,1,8.5,Media,Ninguna,Morales y Varón (2013); AMVA y UNAL (2014)
24107,El Poblado,5,0.5844,AsocioMovilidad,Antejardin,Grama,109.61,0.011,Calliandra haematocephala,Carbonero flor roja,1,8.5,Media,Ninguna,Morales y Varón (2013); AMVA y UNAL (2014)
24138,El Poblado,5,0.5844,AsocioMovilidad,Antejardin,Grama,74.57,0.0075,Calliandra haematocephala,Carbonero flor roja,1,8.5,Media,Ninguna,Morales y Varón (2013); AMVA y UNAL (2014)
24140,El Poblado,5,0.5844,AsocioMovilidad,FranjaAmoblamiento,Grama,340.28,0.034,Zygia longifolia,Suribio,1,16.0,Alta,Casco de vaca (Bauhinia picta) | Carbonero flor roja (Calliandra haematocephala),Morales y Varón (2013); AMVA y UNAL (2014)
24191,El Poblado,5,0.5844,AsocioMovilidad,Antejardin,Grama,80.86,0.0081,Calliandra haematocephala,Carbonero flor roja,1,8.5,Media,Ninguna,Morales y Varón (2013); AMVA y UNAL (2014)
24325,El Poblado,5,0.5844,AsocioMovilidad,FranjaAmoblamiento,Grama,298.2,0.0298,Zygia longifolia,Suribio,1,16.0,Alta,Casco de vaca (Bauhinia picta) | Carbonero flor roja (Calliandra haematocephala),Morales y Varón (2013); AMVA y UNAL (2014)
7635,El Poblado,5,0.5844,AsocioMovilidad,OrejaPuente,Grama,454.23,0.0454,Zygia longifolia,Suribio,1,16.0,Alta,Casco de vaca (Bauhinia picta),Morales y Varón (2013); AMVA y UNAL (2014)
14901,El Poblado,5,0.5844,AsocioMovilidad,Antejardin,Grama,87.36,0.0087,Calliandra haematocephala,Carbonero flor roja,1,8.5,Media,Ninguna,Morales y Varón (2013); AMVA y UNAL (2014)
33014,Robledo,7,0.4379,AsocioEP,EcoparqueCerro,Grama,82798.18,8.2798,Inga densiflora,Guamo machete,367,15.0,Alta,Ninguna,Catálogo UNAL; GBIF; POWO (Kew)
34705,Robledo,7,0.4379,AsocioUrbanistico,RetiroQuebradas,Grama,8772.53,0.8773,Zygia longifolia,Suribio,34,16.0,Alta,Casco de vaca (Bauhinia picta) | Guamo machete (Inga densiflora),Morales y Varón (2013); AMVA y UNAL (2014)
29147,Robledo,7,0.4379,AsocioUrbanistico,RetiroQuebradas,Grama,7439.95,0.744,Zygia longifolia,Suribio,29,16.0,Alta,Casco de vaca (Bauhinia picta) | Guamo machete (Inga densiflora),Morales y Varón (2013); AMVA y UNAL (2014)
29282,Robledo,7,0.4379,AsocioMovilidad,Antejardin,Grama,1748.33,0.1748,Calliandra haematocephala,Carbonero flor roja,24,8.5,Media,Ninguna,Morales y Varón (2013); AMVA y UNAL (2014)
35640,Robledo,7,0.4379,AsocioMovilidad,OrejaPuente,Grama,5300.19,0.53,Zygia longifolia,Suribio,20,16.0,Alta,Casco de vaca (Bauhinia picta),Morales y Varón (2013); AMVA y UNAL (2014)
34808,Robledo,7,0.4379,AsocioMovilidad,OrejaPuente,Grama,4848.02,0.4848,Zygia longifolia,Suribio,18,16.0,Alta,Casco de vaca (Bauhinia picta),Morales y Varón (2013); AMVA y UNAL (2014)
32447,Robledo,7,0.4379,AsocioMovilidad,OrejaPuente,Grama,4391.36,0.4391,Zygia longifolia,Suribio,17,16.0,Alta,Casco de vaca (Bauhinia picta),Morales y Varón (2013); AMVA y UNAL (2014)
35620,Robledo,7,0.4379,AsocioMovilidad,OrejaPuente,Grama,4406.71,0.4407,Zygia longifolia,Suribio,17,16.0,Alta,Casco de vaca (Bauhinia picta),Morales y Varón (2013); AMVA y UNAL (2014)
36131,Robledo,7,0.4379,AsocioMovilidad,OrejaPuente,Grama,4029.05,0.4029,Zygia longifolia,Suribio,15,16.0,Alta,Casco de vaca (Bauhinia picta),Morales y Varón (2013); AMVA y UNAL (2014)
35317,Robledo,7,0.4379,AsocioMovilidad,OrejaPuente,Grama,3538.2,0.3538,Zygia longifolia,Suribio,13,16.0,Alta,Casco de vaca (Bauhinia picta),Morales y Varón (2013); AMVA y UNAL (2014)
27750,Robledo,7,0.4379,AsocioMovilidad,Antejardin,Grama,734.77,0.0735,Calliandra haematocephala,Carbonero flor roja,10,8.5,Media,Ninguna,Morales y Varón (2013); AMVA y UNAL (2014)
36133,Robledo,7,0.4379,AsocioMovilidad,OrejaPuente,Grama,2726.68,0.2727,Zygia longifolia,Suribio,10,16.0,Alta,Casco de vaca (Bauhinia picta),Morales y Varón (2013); AMVA y UNAL (2014)
35320,Robledo,7,0.4379,AsocioMovilidad,Separador,Grama,2774.88,0.2775,Zygia longifolia,Suribio,10,16.0,Alta,Casco de vaca (Bauhinia picta) | Carbonero flor roja (Calliandra haematocephala),Morales y Varón (2013); AMVA y UNAL (2014)
33120,Robledo,7,0.4379,AsocioMovilidad,Antejardin,Tierra,634.65,0.0635,Calliandra haematocephala,Carbonero flor roja,8,8.5,Media,Ninguna,Morales y Varón (2013); AMVA y UNAL (2014)
30281,Robledo,7,0.4379,AsocioUrbanistico,RetiroQuebradas,Tierra,1817.85,0.1818,Zygia longifolia,Suribio,7,16.0,Alta,Casco de vaca (Bauhinia picta) | Guamo machete (Inga densiflora),Morales y Varón (2013); AMVA y UNAL (2014)
35649,Robledo,7,0.4379,AsocioMovilidad,Antejardin,Grama,441.08,0.0441,Calliandra haematocephala,Carbonero flor roja,6,8.5,Media,Ninguna,Morales y Varón (2013); AMVA y UNAL (2014)
29218,Robledo,7,0.4379,AsocioMovilidad,FranjaAmoblamiento,Grama,1283.99,0.1284,Zygia longifolia,Suribio,5,16.0,Alta,Casco de vaca (Bauhinia picta) | Carbonero flor roja (Calliandra haematocephala),Morales y Varón (2013); AMVA y UNAL (2014)
32128,Robledo,7,0.4379,AsocioMovilidad,Antejardin,Grama,389.05,0.0389,Calliandra haematocephala,Carbonero flor roja,5,8.5,Media,Ninguna,Morales y Varón (2013); AMVA y UNAL (2014)
24963,Robledo,7,0.4379,AsocioMovilidad,OrejaPuente,Grama,1075.04,0.1075,Zygia longifolia,Suribio,4,16.0,Alta,Casco de vaca (Bauhinia picta),Morales y Varón (2013); AMVA y UNAL (2014)
32179,Robledo,7,0.4379,AsocioMovilidad,Antejardin,Grama,292.26,0.0292,Calliandra haematocephala,Carbonero flor roja,4,8.5,Media,Ninguna,Morales y Varón (2013); AMVA y UNAL (2014)
29394,Robledo,7,0.4379,AsocioMovilidad,Antejardin,Grama,348.98,0.0349,Calliandra haematocephala,Carbonero flor roja,4,8.5,Media,Ninguna,Morales y Varón (2013); AMVA y UNAL (2014)
32127,Robledo,7,0.4379,AsocioMovilidad,FajasTaludes,Grama,1100.8,0.1101,Inga densiflora,Guamo machete,4,15.0,Alta,Ninguna,Catálogo UNAL; GBIF; POWO (Kew)
29280,Robledo,7,0.4379,AsocioMovilidad,Antejardin,Grama,266.55,0.0267,Calliandra haematocephala,Carbonero flor roja,3,8.5,Media,Ninguna,Morales y Varón (2013); AMVA y UNAL (2014)
29143,Robledo,7,0.4379,AsocioUrbanistico,RetiroQuebradas,Grama,955.87,0.0956,Zygia longifolia,Suribio,3,16.0,Alta,Casco de vaca (Bauhinia picta) | Guamo machete (Inga densiflora),Morales y Varón (2013); AMVA y UNAL (2014)
29219,Robledo,7,0.4379,AsocioMovilidad,FranjaAmoblamiento,Grama,827.86,0.0828,Zygia longifolia,Suribio,3,16.0,Alta,Casco de vaca (Bauhinia picta) | Carbonero flor roja (Calliandra haematocephala),Morales y Varón (2013); AMVA y UNAL (2014)
32144,Robledo,7,0.4379,AsocioMovilidad,Antejardin,Grama,222.09,0.0222,Calliandra haematocephala,Carbonero flor roja,3,8.5,Media,Ninguna,Morales y Varón (2013); AMVA y UNAL (2014)
32241,Robledo,7,0.4379,AsocioUrbanistico,RetiroQuebradas,Tierra,922.42,0.0922,Zygia longifolia,Suribio,3,16.0,Alta,Casco de vaca (Bauhinia picta) | Guamo machete (Inga densiflora),Morales y Varón (2013); AMVA y UNAL (2014)
36130,Robledo,7,0.4379,AsocioMovilidad,Separador,Grama,934.13,0.0934,Zygia longifolia,Suribio,3,16.0,Alta,Casco de vaca (Bauhinia picta) | Carbonero flor roja (Calliandra haematocephala),Morales y Varón (2013); AMVA y UNAL (2014)
33024,Robledo,7,0.4379,AsocioEP,ZVRecreacional,Grama,871.53,0.0872,Zygia longifolia,Suribio,3,16.0,Alta,Casco de vaca (Bauhinia picta) | Guamo machete (Inga densiflora),Morales y Varón (2013); AMVA y UNAL (2014)
36025,Robledo,7,0.4379,AsocioEP,ZVRecreacional,Grama,951.1,0.0951,Zygia longifolia,Suribio,3,16.0,Alta,Casco de vaca (Bauhinia picta) | Guamo machete (Inga densiflora),Morales y Varón (2013); AMVA y UNAL (2014)
35230,Robledo,7,0.4379,AsocioMovilidad,FranjaAmoblamiento,Grama,873.93,0.0874,Zygia longifolia,Suribio,3,16.0,Alta,Casco de vaca (Bauhinia picta) | Carbonero flor roja (Calliandra haematocephala),Morales y Varón (2013); AMVA y UNAL (2014)
35775,Robledo,7,0.4379,AsocioMovilidad,Separador,Grama,1017.25,0.1017,Zygia longifolia,Suribio,3,16.0,Alta,Casco de vaca (Bauhinia picta) | Carbonero flor roja (Calliandra haematocephala),Morales y Varón (2013); AMVA y UNAL (2014)
35861,Robledo,7,0.4379,AsocioMovilidad,FranjaAmoblamiento,Grama,949.11,0.0949,Zygia longifolia,Suribio,3,16.0,Alta,Casco de vaca (Bauhinia picta) | Carbonero flor roja (Calliandra haematocephala),Morales y Varón (2013); AMVA y UNAL (2014)
29191,Robledo,7,0.4379,AsocioMovilidad,Antejardin,Grama,156.4,0.0156,Calliandra haematocephala,Carbonero flor roja,2,8.5,Media,Ninguna,Morales y Varón (2013); AMVA y UNAL (2014)
30083,Robledo,7,0.4379,AsocioMovilidad,Antejardin,Grama,198.16,0.0198,Calliandra haematocephala,Carbonero flor roja,2,8.5,Media,Ninguna,Morales y Varón (2013); AMVA y UNAL (2014)
29340,Robledo,7,0.4379,AsocioMovilidad,FranjaAmoblamiento,Tierra,754.97,0.0755,Zygia longifolia,Suribio,2,16.0,Alta,Casco de vaca (Bauhinia picta) | Carbonero flor roja (Calliandra haematocephala),Morales y Varón (2013); AMVA y UNAL (2014)
29329,Robledo,7,0.4379,AsocioMovilidad,Antejardin,Grama,175.23,0.0175,Calliandra haematocephala,Carbonero flor roja,2,8.5,Media,Ninguna,Morales y Varón (2013); AMVA y UNAL (2014)
33278,Robledo,7,0.4379,AsocioUrbanistico,RetiroQuebradas,Grama,589.93,0.059,Zygia longifolia,Suribio,2,16.0,Alta,Casco de vaca (Bauhinia picta) | Guamo machete (Inga densiflora),Morales y Varón (2013); AMVA y UNAL (2014)
32147,Robledo,7,0.4379,AsocioMovilidad,Antejardin,Grama,153.51,0.0154,Calliandra haematocephala,Carbonero flor roja,2,8.5,Media,Ninguna,Morales y Varón (2013); AMVA y UNAL (2014)
32499,Robledo,7,0.4379,AsocioEP,ParqueRec,Grama,548.82,0.0549,Zygia longifolia,Suribio,2,16.0,Alta,Casco de vaca (Bauhinia picta) | Guamo machete (Inga densiflora),Morales y Varón (2013); AMVA y UNAL (2014)
33118,Robledo,7,0.4379,AsocioMovilidad,Antejardin,Grama,153.22,0.0153,Calliandra haematocephala,Carbonero flor roja,2,8.5,Media,Ninguna,Morales y Varón (2013); AMVA y UNAL (2014)
35501,Robledo,7,0.4379,AsocioEP,EcoparqueCerro,Grama,658.8,0.0659,Inga densiflora,Guamo machete,2,15.0,Alta,Ninguna,Catálogo UNAL; GBIF; POWO (Kew)
35334,Robledo,7,0.4379,AsocioMovilidad,Antejardin,Grama,186.13,0.0186,Calliandra haematocephala,Carbonero flor roja,2,8.5,Media,Ninguna,Morales y Varón (2013); AMVA y UNAL (2014)
35367,Robledo,7,0.4379,AsocioMovilidad,Separador,Grama,545.93,0.0546,Zygia longifolia,Suribio,2,16.0,Alta,Casco de vaca (Bauhinia picta) | Carbonero flor roja (Calliandra haematocephala),Morales y Varón (2013); AMVA y UNAL (2014)
35930,Robledo,7,0.4379,AsocioMovilidad,Antejardin,Grama,193.43,0.0193,Calliandra haematocephala,Carbonero flor roja,2,8.5,Media,Ninguna,Morales y Varón (2013); AMVA y UNAL (2014)
35646,Robledo,7,0.4379,AsocioMovilidad,Separador,Grama,521.51,0.0522,Zygia longifolia,Suribio,2,16.0,Alta,Casco de vaca (Bauhinia picta) | Carbonero flor roja (Calliandra haematocephala),Morales y Varón (2013); AMVA y UNAL (2014)
35660,Robledo,7,0.4379,AsocioUrbanistico,RetiroQuebradas,Grama,560.78,0.0561,Zygia longifolia,Suribio,2,16.0,Alta,Casco de vaca (Bauhinia picta) | Guamo machete (Inga densiflora),Morales y Varón (2013); AMVA y UNAL (2014)
35671,Robledo,7,0.4379,AsocioMovilidad,Antejardin,Grama,199.22,0.0199,Calliandra haematocephala,Carbonero flor roja,2,8.5,Media,Ninguna,Morales y Varón (2013); AMVA y UNAL (2014)
35680,Robledo,7,0.4379,AsocioMovilidad,Separador,Grama,546.24,0.0546,Zygia longifolia,Suribio,2,16.0,Alta,Casco de vaca (Bauhinia picta) | Carbonero flor roja (Calliandra haematocephala),Morales y Varón (2013); AMVA y UNAL (2014)
36121,Robledo,7,0.4379,AsocioMovilidad,Separador,Grama,586.74,0.0587,Zygia longifolia,Suribio,2,16.0,Alta,Casco de vaca (Bauhinia picta) | Carbonero flor roja (Calliandra haematocephala),Morales y Varón (2013); AMVA y UNAL (2014)
32180,Robledo,7,0.4379,AsocioMovilidad,Antejardin,Grama,88.36,0.0088,Calliandra haematocephala,Carbonero flor roja,1,8.5,Media,Ninguna,Morales y Varón (2013); AMVA y UNAL (2014)
32519,Robledo,7,0.4379,AsocioEP,ParqueRec,Grama,274.69,0.0275,Zygia longifolia,Suribio,1,16.0,Alta,Casco de vaca (Bauhinia picta) | Guamo machete (Inga densiflora),Morales y Varón (2013); AMVA y UNAL (2014)
32161,Robledo,7,0.4379,AsocioMovilidad,Antejardin,Tierra,89.06,0.0089,Calliandra haematocephala,Carbonero flor roja,1,8.5,Media,Ninguna,Morales y Varón (2013); AMVA y UNAL (2014)
29284,Robledo,7,0.4379,AsocioMovilidad,Antejardin,Grama,78.46,0.0078,Calliandra haematocephala,Carbonero flor roja,1,8.5,Media,Ninguna,Morales y Varón (2013); AMVA y UNAL (2014)
29288,Robledo,7,0.4379,AsocioMovilidad,Antejardin,Grama,73.1,0.0073,Calliandra haematocephala,Carbonero flor roja,1,8.5,Media,Ninguna,Morales y Varón (2013); AMVA y UNAL (2014)
29392,Robledo,7,0.4379,AsocioMovilidad,FranjaAmoblamiento,Grama,367.39,0.0367,Zygia longifolia,Suribio,1,16.0,Alta,Casco de vaca (Bauhinia picta) | Carbonero flor roja (Calliandra haematocephala),Morales y Varón (2013); AMVA y UNAL (2014)
31985,Robledo,7,0.4379,AsocioMovilidad,Antejardin,Grama,139.19,0.0139,Calliandra haematocephala,Carbonero flor roja,1,8.5,Media,Ninguna,Morales y Varón (2013); AMVA y UNAL (2014)
33028,Robledo,7,0.4379,AsocioEP,ParqueRec,Grama,305.4,0.0305,Zygia longifolia,Suribio,1,16.0,Alta,Casco de vaca (Bauhinia picta) | Guamo machete (Inga densiflora),Morales y Varón (2013); AMVA y UNAL (2014)
36136,Robledo,7,0.4379,AsocioMovilidad,Antejardin,Grama,112.82,0.0113,Calliandra haematocephala,Carbonero flor roja,1,8.5,Media,Ninguna,Morales y Varón (2013); AMVA y UNAL (2014)
35502,Robledo,7,0.4379,AsocioEP,EcoparqueCerro,Grama,272.93,0.0273,Inga densiflora,Guamo machete,1,15.0,Alta,Ninguna,Catálogo UNAL; GBIF; POWO (Kew)
35503,Robledo,7,0.4379,AsocioMovilidad,FranjaAmoblamiento,Grama,281.84,0.0282,Zygia longifolia,Suribio,1,16.0,Alta,Casco de vaca (Bauhinia picta) | Carbonero flor roja (Calliandra haematocephala),Morales y Varón (2013); AMVA y UNAL (2014)
35504,Robledo,7,0.4379,AsocioEP,EcoparqueCerro,Grama,384.11,0.0384,Inga densiflora,Guamo machete,1,15.0,Alta,Ninguna,Catálogo UNAL; GBIF; POWO (Kew)
34784,Robledo,7,0.4379,AsocioMovilidad,FranjaAmoblamiento,Grama,265.34,0.0265,Zygia longifolia,Suribio,1,16.0,Alta,Casco de vaca (Bauhinia picta) | Carbonero flor roja (Calliandra haematocephala),Morales y Varón (2013); AMVA y UNAL (2014)
36024,Robledo,7,0.4379,AsocioEP,EcoparqueCerro,Grama,385.66,0.0386,Inga densiflora,Guamo machete,1,15.0,Alta,Ninguna,Catálogo UNAL; GBIF; POWO (Kew)
35816,Robledo,7,0.4379,AsocioMovilidad,Antejardin,Grama,109.31,0.0109,Calliandra haematocephala,Carbonero flor roja,1,8.5,Media,Ninguna,Morales y Varón (2013); AMVA y UNAL (2014)
35817,Robledo,7,0.4379,AsocioMovilidad,Antejardin,Grama,138.66,0.0139,Calliandra haematocephala,Carbonero flor roja,1,8.5,Media,Ninguna,Morales y Varón (2013); AMVA y UNAL (2014)
35850,Robledo,7,0.4379,AsocioMovilidad,Antejardin,Grama,103.04,0.0103,Calliandra haematocephala,Carbonero flor roja,1,8.5,Media,Ninguna,Morales y Varón (2013); AMVA y UNAL (2014)
35246,Robledo,7,0.4379,AsocioUrbanistico,RetiroQuebradas,Grama,440.46,0.044,Zygia longifolia,Suribio,1,16.0,Alta,Casco de vaca (Bauhinia picta) | Guamo machete (Inga densiflora),Morales y Varón (2013); AMVA y UNAL (2014)
35250,Robledo,7,0.4379,AsocioEP,ParqueRec,Grama,340.7,0.0341,Zygia longifolia,Suribio,1,16.0,Alta,Casco de vaca (Bauhinia picta) | Guamo machete (Inga densiflora),Morales y Varón (2013); AMVA y UNAL (2014)
35327,Robledo,7,0.4379,AsocioMovilidad,Antejardin,Tierra,99.4,0.0099,Calliandra haematocephala,Carbonero flor roja,1,8.5,Media,Ninguna,Morales y Varón (2013); AMVA y UNAL (2014)
35654,Robledo,7,0.4379,AsocioMovilidad,Antejardin,Grama,91.31,0.0091,Calliandra haematocephala,Carbonero flor roja,1,8.5,Media,Ninguna,Morales y Varón (2013); AMVA y UNAL (2014)
35628,Robledo,7,0.4379,AsocioMovilidad,FranjaAmoblamiento,Grama,340.65,0.0341,Zygia longifolia,Suribio,1,16.0,Alta,Casco de vaca (Bauhinia picta) | Carbonero flor roja (Calliandra haematocephala),Morales y Varón (2013); AMVA y UNAL (2014)
35655,Robledo,7,0.4379,AsocioMovilidad,Separador,Grama,447.03,0.0447,Zygia longifolia,Suribio,1,16.0,Alta,Casco de vaca (Bauhinia picta) | Carbonero flor roja (Calliandra haematocephala),Morales y Varón (2013); AMVA y UNAL (2014)
35656,Robledo,7,0.4379,AsocioMovilidad,Antejardin,Grama,98.11,0.0098,Calliandra haematocephala,Carbonero flor roja,1,8.5,Media,Ninguna,Morales y Varón (2013); AMVA y UNAL (2014)
35853,Robledo,7,0.4379,AsocioMovilidad,Antejardin,Grama,98.12,0.0098,Calliandra haematocephala,Carbonero flor roja,1,8.5,Media,Ninguna,Morales y Varón (2013); AMVA y UNAL (2014)
35854,Robledo,7,0.4379,AsocioMovilidad,Antejardin,Grama,117.0,0.0117,Calliandra haematocephala,Carbonero flor roja,1,8.5,Media,Ninguna,Morales y Varón (2013); AMVA y UNAL (2014)
35859,Robledo,7,0.4379,AsocioMovilidad,Antejardin,Grama,79.73,0.008,Calliandra haematocephala,Carbonero flor roja,1,8.5,Media,Ninguna,Morales y Varón (2013); AMVA y UNAL (2014)
33100,Robledo,7,0.4379,AsocioMovilidad,Antejardin,Grama,90.18,0.009,Calliandra haematocephala,Carbonero flor roja,1,8.5,Media,Ninguna,Morales y Varón (2013); AMVA y UNAL (2014)
37540,La América,10,0.3009,AsocioEP,ParqueRec,Grama,6761.26,0.6761,Zygia longifolia,Suribio,26,16.0,Alta,Casco de vaca (Bauhinia picta) | Guamo machete (Inga densiflora),Morales y Varón (2013); AMVA y UNAL (2014)
38078,La América,10,0.3009,AsocioEP,ZVRecreacional,Grama,4052.87,0.4053,Zygia longifolia,Suribio,15,16.0,Alta,Casco de vaca (Bauhinia picta) | Guamo machete (Inga densiflora),Morales y Varón (2013); AMVA y UNAL (2014)
39309,La América,10,0.3009,AsocioEP,ParqueRec,Grama,3812.51,0.3813,Zygia longifolia,Suribio,14,16.0,Alta,Casco de vaca (Bauhinia picta) | Guamo machete (Inga densiflora),Morales y Varón (2013); AMVA y UNAL (2014)
38145,La América,10,0.3009,AsocioEP,ZVRecreacional,Grama,2881.97,0.2882,Zygia longifolia,Suribio,11,16.0,Alta,Casco de vaca (Bauhinia picta) | Guamo machete (Inga densiflora),Morales y Varón (2013); AMVA y UNAL (2014)
28088,La América,10,0.3009,AsocioEP,ZVRecreacional,Grama,2347.0,0.2347,Zygia longifolia,Suribio,9,16.0,Alta,Casco de vaca (Bauhinia picta) | Guamo machete (Inga densiflora),Morales y Varón (2013); AMVA y UNAL (2014)
39945,La América,10,0.3009,AsocioEP,ParqueRec,Tierra,2183.76,0.2184,Zygia longifolia,Suribio,8,16.0,Alta,Casco de vaca (Bauhinia picta) | Guamo machete (Inga densiflora),Morales y Varón (2013); AMVA y UNAL (2014)
38782,La América,10,0.3009,AsocioMovilidad,Glorieta,Grama,1975.92,0.1976,Zygia longifolia,Suribio,7,16.0,Alta,Casco de vaca (Bauhinia picta) | Carbonero flor roja (Calliandra haematocephala),Morales y Varón (2013); AMVA y UNAL (2014)
39919,La América,10,0.3009,AsocioEP,EcoparqueQuebrada,Grama,1502.85,0.1503,Zygia longifolia,Suribio,5,16.0,Alta,Casco de vaca (Bauhinia picta) | Guamo machete (Inga densiflora),Morales y Varón (2013); AMVA y UNAL (2014)
39550,La América,10,0.3009,AsocioMovilidad,Antejardin,Grama,314.66,0.0315,Calliandra haematocephala,Carbonero flor roja,4,8.5,Media,Ninguna,Morales y Varón (2013); AMVA y UNAL (2014)
30146,La América,10,0.3009,AsocioMovilidad,Antejardin,Grama,273.98,0.0274,Calliandra haematocephala,Carbonero flor roja,3,8.5,Media,Ninguna,Morales y Varón (2013); AMVA y UNAL (2014)
37139,La América,10,0.3009,AsocioEP,ParqueRec,Grama,940.56,0.0941,Zygia longifolia,Suribio,3,16.0,Alta,Casco de vaca (Bauhinia picta) | Guamo machete (Inga densiflora),Morales y Varón (2013); AMVA y UNAL (2014)
37488,La América,10,0.3009,AsocioMovilidad,Antejardin,Grama,261.52,0.0262,Calliandra haematocephala,Carbonero flor roja,3,8.5,Media,Ninguna,Morales y Varón (2013); AMVA y UNAL (2014)
37949,La América,10,0.3009,AsocioMovilidad,Antejardin,Grama,255.5,0.0256,Calliandra haematocephala,Carbonero flor roja,3,8.5,Media,Ninguna,Morales y Varón (2013); AMVA y UNAL (2014)
39271,La América,10,0.3009,AsocioUrbanistico,RetiroQuebradas,Grama,918.73,0.0919,Zygia longifolia,Suribio,3,16.0,Alta,Casco de vaca (Bauhinia picta) | Guamo machete (Inga densiflora),Morales y Varón (2013); AMVA y UNAL (2014)
42926,La América,10,0.3009,AsocioMovilidad,Antejardin,Grama,250.91,0.0251,Calliandra haematocephala,Carbonero flor roja,3,8.5,Media,Ninguna,Morales y Varón (2013); AMVA y UNAL (2014)
39359,La América,10,0.3009,AsocioEP,EcoparqueQuebrada,Grama,915.02,0.0915,Zygia longifolia,Suribio,3,16.0,Alta,Casco de vaca (Bauhinia picta) | Guamo machete (Inga densiflora),Morales y Varón (2013); AMVA y UNAL (2014)
39479,La América,10,0.3009,AsocioEP,ZVRecreacional,Grama,572.37,0.0572,Zygia longifolia,Suribio,2,16.0,Alta,Casco de vaca (Bauhinia picta) | Guamo machete (Inga densiflora),Morales y Varón (2013); AMVA y UNAL (2014)
42899,La América,10,0.3009,AsocioMovilidad,Antejardin,Grama,145.85,0.0146,Calliandra haematocephala,Carbonero flor roja,2,8.5,Media,Ninguna,Morales y Varón (2013); AMVA y UNAL (2014)
36819,La América,10,0.3009,AsocioEP,ParqueRec,Grama,447.77,0.0448,Zygia longifolia,Suribio,1,16.0,Alta,Casco de vaca (Bauhinia picta) | Guamo machete (Inga densiflora),Morales y Varón (2013); AMVA y UNAL (2014)
38629,La América,10,0.3009,AsocioMovilidad,Separador,Grama,308.1,0.0308,Zygia longifolia,Suribio,1,16.0,Alta,Casco de vaca (Bauhinia picta) | Carbonero flor roja (Calliandra haematocephala),Morales y Varón (2013); AMVA y UNAL (2014)
38376,La América,10,0.3009,AsocioEP,ParqueRec,Grama,269.29,0.0269,Zygia longifolia,Suribio,1,16.0,Alta,Casco de vaca (Bauhinia picta) | Guamo machete (Inga densiflora),Morales y Varón (2013); AMVA y UNAL (2014)
37440,La América,10,0.3009,AsocioMovilidad,Antejardin,Grama,104.8,0.0105,Calliandra haematocephala,Carbonero flor roja,1,8.5,Media,Ninguna,Morales y Varón (2013); AMVA y UNAL (2014)
37133,La América,10,0.3009,AsocioEP,ZVRecreacional,Grama,449.51,0.045,Zygia longifolia,Suribio,1,16.0,Alta,Casco de vaca (Bauhinia picta) | Guamo machete (Inga densiflora),Morales y Varón (2013); AMVA y UNAL (2014)
37486,La América,10,0.3009,AsocioMovilidad,Antejardin,Grama,86.69,0.0087,Calliandra haematocephala,Carbonero flor roja,1,8.5,Media,Ninguna,Morales y Varón (2013); AMVA y UNAL (2014)
37490,La América,10,0.3009,AsocioMovilidad,FranjaAmoblamiento,Grama,313.35,0.0313,Zygia longifolia,Suribio,1,16.0,Alta,Casco de vaca (Bauhinia picta) | Carbonero flor roja (Calliandra haematocephala),Morales y Varón (2013); AMVA y UNAL (2014)
38788,La América,10,0.3009,AsocioMovilidad,Antejardin,Grama,86.11,0.0086,Calliandra haematocephala,Carbonero flor roja,1,8.5,Media,Ninguna,Morales y Varón (2013); AMVA y UNAL (2014)
38139,La América,10,0.3009,AsocioEP,ParqueRec,Grama,453.0,0.0453,Zygia longifolia,Suribio,1,16.0,Alta,Casco de vaca (Bauhinia picta) | Guamo machete (Inga densiflora),Morales y Varón (2013); AMVA y UNAL (2014)
38417,La América,10,0.3009,AsocioEP,ParqueRec,Grama,291.16,0.0291,Zygia longifolia,Suribio,1,16.0,Alta,Casco de vaca (Bauhinia picta) | Guamo machete (Inga densiflora),Morales y Varón (2013); AMVA y UNAL (2014)
39274,La América,10,0.3009,AsocioUrbanistico,RetiroQuebradas,Grama,301.32,0.0301,Zygia longifolia,Suribio,1,16.0,Alta,Casco de vaca (Bauhinia picta) | Guamo machete (Inga densiflora),Morales y Varón (2013); AMVA y UNAL (2014)
38978,La América,10,0.3009,AsocioMovilidad,Separador,Grama,293.54,0.0294,Zygia longifolia,Suribio,1,16.0,Alta,Casco de vaca (Bauhinia picta) | Carbonero flor roja (Calliandra haematocephala),Morales y Varón (2013); AMVA y UNAL (2014)
39053,La América,10,0.3009,AsocioMovilidad,Separador,Grama,294.94,0.0295,Zygia longifolia,Suribio,1,16.0,Alta,Casco de vaca (Bauhinia picta) | Carbonero flor roja (Calliandra haematocephala),Morales y Varón (2013); AMVA y UNAL (2014)
39331,La América,10,0.3009,AsocioEP,ZVRecreacional,Grama,307.48,0.0307,Zygia longifolia,Suribio,1,16.0,Alta,Casco de vaca (Bauhinia picta) | Guamo machete (Inga densiflora),Morales y Varón (2013); AMVA y UNAL (2014)
39613,La América,10,0.3009,AsocioMovilidad,Antejardin,Grama,75.61,0.0076,Calliandra haematocephala,Carbonero flor roja,1,8.5,Media,Ninguna,Morales y Varón (2013); AMVA y UNAL (2014)
39913,La América,10,0.3009,AsocioEP,EcoparqueQuebrada,Grama,313.48,0.0313,Zygia longifolia,Suribio,1,16.0,Alta,Casco de vaca (Bauhinia picta) | Guamo machete (Inga densiflora),Morales y Varón (2013); AMVA y UNAL (2014)
39916,La América,10,0.3009,AsocioEP,EcoparqueQuebrada,Grama,321.27,0.0321,Zygia longifolia,Suribio,1,16.0,Alta,Casco de vaca (Bauhinia picta) | Guamo machete (Inga densiflora),Morales y Varón (2013); AMVA y UNAL (2014)
39921,La América,10,0.3009,AsocioEP,EcoparqueQuebrada,Grama,440.15,0.044,Zygia longifolia,Suribio,1,16.0,Alta,Casco de vaca (Bauhinia picta) | Guamo machete (Inga densiflora),Morales y Varón (2013); AMVA y UNAL (2014)
43204,La América,10,0.3009,AsocioEP,ZVRecreacional,Grama,381.65,0.0382,Zygia longifolia,Suribio,1,16.0,Alta,Casco de vaca (Bauhinia picta) | Guamo machete (Inga densiflora),Morales y Varón (2013); AMVA y UNAL (2014)
44123,La América,10,0.3009,AsocioMovilidad,Antejardin,Grama,76.47,0.0076,Calliandra haematocephala,Carbonero flor roja,1,8.5,Media,Ninguna,Morales y Varón (2013); AMVA y UNAL (2014)
43011,La América,10,0.3009,AsocioUrbanistico,RetiroQuebradas,Tierra,336.9,0.0337,Zygia longifolia,Suribio,1,16.0,Alta,Casco de vaca (Bauhinia picta) | Guamo machete (Inga densiflora),Morales y Varón (2013); AMVA y UNAL (2014)
43782,La América,10,0.3009,AsocioMovilidad,Antejardin,Grama,79.03,0.0079,Calliandra haematocephala,Carbonero flor roja,1,8.5,Media,Ninguna,Morales y Varón (2013); AMVA y UNAL (2014)
43839,La América,10,0.3009,AsocioUrbanistico,RetiroQuebradas,Grama,470.81,0.0471,Zygia longifolia,Suribio,1,16.0,Alta,Casco de vaca (Bauhinia picta) | Guamo machete (Inga densiflora),Morales y Varón (2013); AMVA y UNAL (2014)
44132,La América,10,0.3009,AsocioMovilidad,Separador,Grama,294.29,0.0294,Zygia longifolia,Suribio,1,16.0,Alta,Casco de vaca (Bauhinia picta) | Carbonero flor roja (Calliandra haematocephala),Morales y Varón (2013); AMVA y UNAL (2014)
25449,Aranjuez,99,0.0,AsocioMovilidad,Antejardin,Grama,7746.23,0.7746,Calliandra haematocephala,Carbonero flor roja,107,8.5,Media,Ninguna,Morales y Varón (2013); AMVA y UNAL (2014)
27350,Aranjuez,99,0.0,AsocioMovilidad,FajasTaludes,Grama,17481.82,1.7482,Inga densiflora,Guamo machete,77,15.0,Alta,Ninguna,Catálogo UNAL; GBIF; POWO (Kew)
4490,Laureles Estadio,99,0.0,AsocioEP,ZVRecreacional,Grama,17535.63,1.7536,Zygia longifolia,Suribio,68,16.0,Alta,Casco de vaca (Bauhinia picta) | Guamo machete (Inga densiflora),Morales y Varón (2013); AMVA y UNAL (2014)
29226,Aranjuez,99,0.0,AsocioUrbanistico,RetiroQuebradas,Grama,17077.98,1.7078,Zygia longifolia,Suribio,66,16.0,Alta,Casco de vaca (Bauhinia picta) | Guamo machete (Inga densiflora),Morales y Varón (2013); AMVA y UNAL (2014)
41258,Laureles Estadio,99,0.0,AsocioEP,EcoparqueQuebrada,Grama,16604.18,1.6604,Zygia longifolia,Suribio,64,16.0,Alta,Casco de vaca (Bauhinia picta) | Guamo machete (Inga densiflora),Morales y Varón (2013); AMVA y UNAL (2014)
25989,Aranjuez,99,0.0,AsocioMovilidad,Antejardin,Grama,4155.14,0.4155,Calliandra haematocephala,Carbonero flor roja,57,8.5,Media,Ninguna,Morales y Varón (2013); AMVA y UNAL (2014)
41740,Laureles Estadio,99,0.0,AsocioEP,ParqueRec,Grama,13091.77,1.3092,Zygia longifolia,Suribio,51,16.0,Alta,Casco de vaca (Bauhinia picta) | Guamo machete (Inga densiflora),Morales y Varón (2013); AMVA y UNAL (2014)
3653,Laureles Estadio,99,0.0,AsocioEP,ZVRecreacional,Grama,13043.34,1.3043,Zygia longifolia,Suribio,50,16.0,Alta,Casco de vaca (Bauhinia picta) | Guamo machete (Inga densiflora),Morales y Varón (2013); AMVA y UNAL (2014)
390,Laureles Estadio,99,0.0,AsocioEP,ParqueRec,Grama,12982.55,1.2983,Zygia longifolia,Suribio,50,16.0,Alta,Casco de vaca (Bauhinia picta) | Guamo machete (Inga densiflora),Morales y Varón (2013); AMVA y UNAL (2014)
27017,Aranjuez,99,0.0,AsocioUrbanistico,RetiroQuebradas,Tierra,11262.82,1.1263,Zygia longifolia,Suribio,43,16.0,Alta,Casco de vaca (Bauhinia picta) | Guamo machete (Inga densiflora),Morales y Varón (2013); AMVA y UNAL (2014)
47655,Laureles Estadio,99,0.0,AsocioUrbanistico,RetiroQuebradas,Grama,11224.02,1.1224,Zygia longifolia,Suribio,43,16.0,Alta,Casco de vaca (Bauhinia picta) | Guamo machete (Inga densiflora),Morales y Varón (2013); AMVA y UNAL (2014)
40414,Laureles Estadio,99,0.0,AsocioEP,ParqueRec,Grama,9843.99,0.9844,Zygia longifolia,Suribio,38,16.0,Alta,Casco de vaca (Bauhinia picta) | Guamo machete (Inga densiflora),Morales y Varón (2013); AMVA y UNAL (2014)
25494,Aranjuez,99,0.0,AsocioEP,ParqueRec,Grama,9522.35,0.9522,Zygia longifolia,Suribio,37,16.0,Alta,Casco de vaca (Bauhinia picta) | Guamo machete (Inga densiflora),Morales y Varón (2013); AMVA y UNAL (2014)
27021,Aranjuez,99,0.0,AsocioMovilidad,FajasTaludes,Grama,7778.92,0.7779,Inga densiflora,Guamo machete,34,15.0,Alta,Ninguna,Catálogo UNAL; GBIF; POWO (Kew)
25384,Aranjuez,99,0.0,AsocioMovilidad,FranjaAmoblamiento,Grama,8206.79,0.8207,Zygia longifolia,Suribio,32,16.0,Alta,Casco de vaca (Bauhinia picta) | Carbonero flor roja (Calliandra haematocephala),Morales y Varón (2013); AMVA y UNAL (2014)
26087,Aranjuez,99,0.0,AsocioMovilidad,FajasTaludes,Grama,7257.56,0.7258,Inga densiflora,Guamo machete,32,15.0,Alta,Ninguna,Catálogo UNAL; GBIF; POWO (Kew)
40501,Laureles Estadio,99,0.0,AsocioUrbanistico,RetiroQuebradas,Grama,7644.19,0.7644,Zygia longifolia,Suribio,29,16.0,Alta,Casco de vaca (Bauhinia picta) | Guamo machete (Inga densiflora),Morales y Varón (2013); AMVA y UNAL (2014)
39982,Laureles Estadio,99,0.0,AsocioEP,ParqueRec,Grama,7257.26,0.7257,Zygia longifolia,Suribio,28,16.0,Alta,Casco de vaca (Bauhinia picta) | Guamo machete (Inga densiflora),Morales y Varón (2013); AMVA y UNAL (2014)
27372,Aranjuez,99,0.0,AsocioMovilidad,FajasTaludes,Grama,6506.7,0.6507,Inga densiflora,Guamo machete,28,15.0,Alta,Ninguna,Catálogo UNAL; GBIF; POWO (Kew)
41892,Laureles Estadio,99,0.0,AsocioEP,ParqueRec,Grama,6822.59,0.6823,Zygia longifolia,Suribio,26,16.0,Alta,Casco de vaca (Bauhinia picta) | Guamo machete (Inga densiflora),Morales y Varón (2013); AMVA y UNAL (2014)
4500,Laureles Estadio,99,0.0,AsocioMovilidad,OrejaPuente,Grama,6614.51,0.6615,Zygia longifolia,Suribio,25,16.0,Alta,Casco de vaca (Bauhinia picta),Morales y Varón (2013); AMVA y UNAL (2014)
40791,Laureles Estadio,99,0.0,AsocioUrbanistico,RetiroQuebradas,Grama,6264.84,0.6265,Zygia longifolia,Suribio,24,16.0,Alta,Casco de vaca (Bauhinia picta) | Guamo machete (Inga densiflora),Morales y Varón (2013); AMVA y UNAL (2014)
4496,Laureles Estadio,99,0.0,AsocioUrbanistico,RetiroQuebradas,Grama,5825.59,0.5826,Zygia longifolia,Suribio,22,16.0,Alta,Casco de vaca (Bauhinia picta) | Guamo machete (Inga densiflora),Morales y Varón (2013); AMVA y UNAL (2014)
490,Laureles Estadio,99,0.0,AsocioEP,ParqueRec,Grama,5689.29,0.5689,Zygia longifolia,Suribio,22,16.0,Alta,Casco de vaca (Bauhinia picta) | Guamo machete (Inga densiflora),Morales y Varón (2013); AMVA y UNAL (2014)
41074,Laureles Estadio,99,0.0,AsocioUrbanistico,RetiroQuebradas,Grama,5630.44,0.563,Zygia longifolia,Suribio,21,16.0,Alta,Casco de vaca (Bauhinia picta) | Guamo machete (Inga densiflora),Morales y Varón (2013); AMVA y UNAL (2014)
32527,Aranjuez,99,0.0,AsocioMovilidad,OrejaPuente,Grama,5265.96,0.5266,Zygia longifolia,Suribio,20,16.0,Alta,Casco de vaca (Bauhinia picta),Morales y Varón (2013); AMVA y UNAL (2014)
4489,Laureles Estadio,99,0.0,AsocioMovilidad,OrejaPuente,Grama,4724.73,0.4725,Zygia longifolia,Suribio,18,16.0,Alta,Casco de vaca (Bauhinia picta),Morales y Varón (2013); AMVA y UNAL (2014)
32539,Aranjuez,99,0.0,AsocioMovilidad,FranjaAmoblamiento,Grama,4862.0,0.4862,Zygia longifolia,Suribio,18,16.0,Alta,Casco de vaca (Bauhinia picta) | Carbonero flor roja (Calliandra haematocephala),Morales y Varón (2013); AMVA y UNAL (2014)
4488,Laureles Estadio,99,0.0,AsocioMovilidad,OrejaPuente,Grama,4663.91,0.4664,Zygia longifolia,Suribio,18,16.0,Alta,Casco de vaca (Bauhinia picta),Morales y Varón (2013); AMVA y UNAL (2014)
27341,Aranjuez,99,0.0,AsocioMovilidad,FajasTaludes,Grama,4260.84,0.4261,Inga densiflora,Guamo machete,18,15.0,Alta,Ninguna,Catálogo UNAL; GBIF; POWO (Kew)
47582,Laureles Estadio,99,0.0,AsocioUrbanistico,RetiroQuebradas,Grama,4452.02,0.4452,Zygia longifolia,Suribio,17,16.0,Alta,Casco de vaca (Bauhinia picta) | Guamo machete (Inga densiflora),Morales y Varón (2013); AMVA y UNAL (2014)
2908,Buenos Aires,99,0.0,AsocioEP,EcoparqueQuebrada,Grama,4218.96,0.4219,Zygia longifolia,Suribio,16,16.0,Alta,Casco de vaca (Bauhinia picta) | Guamo machete (Inga densiflora),Morales y Varón (2013); AMVA y UNAL (2014)
19829,Buenos Aires,99,0.0,AsocioMovilidad,Antejardin,Grama,1093.05,0.1093,Calliandra haematocephala,Carbonero flor roja,15,8.5,Media,Ninguna,Morales y Varón (2013); AMVA y UNAL (2014)
25446,Aranjuez,99,0.0,AsocioMovilidad,OrejaPuente,Grama,3649.89,0.365,Zygia longifolia,Suribio,14,16.0,Alta,Casco de vaca (Bauhinia picta),Morales y Varón (2013); AMVA y UNAL (2014)
32528,Aranjuez,99,0.0,AsocioMovilidad,OrejaPuente,Grama,3777.84,0.3778,Zygia longifolia,Suribio,14,16.0,Alta,Casco de vaca (Bauhinia picta),Morales y Varón (2013); AMVA y UNAL (2014)
36786,San Javier,99,0.0,AsocioUrbanistico,RetiroQuebradas,Grama,3784.03,0.3784,Zygia longifolia,Suribio,14,16.0,Alta,Casco de vaca (Bauhinia picta) | Guamo machete (Inga densiflora),Morales y Varón (2013); AMVA y UNAL (2014)
4492,Laureles Estadio,99,0.0,AsocioUrbanistico,RetiroQuebradas,Grama,3733.17,0.3733,Zygia longifolia,Suribio,14,16.0,Alta,Casco de vaca (Bauhinia picta) | Guamo machete (Inga densiflora),Morales y Varón (2013); AMVA y UNAL (2014)
2003,Laureles Estadio,99,0.0,AsocioUrbanistico,RetiroQuebradas,Tierra,3337.07,0.3337,Zygia longifolia,Suribio,13,16.0,Alta,Casco de vaca (Bauhinia picta) | Guamo machete (Inga densiflora),Morales y Varón (2013); AMVA y UNAL (2014)
26353,Aranjuez,99,0.0,AsocioMovilidad,Antejardin,Grama,879.17,0.0879,Calliandra haematocephala,Carbonero flor roja,12,8.5,Media,Ninguna,Morales y Varón (2013); AMVA y UNAL (2014)
35229,Laureles Estadio,99,0.0,AsocioUrbanistico,RetiroQuebradas,Grama,3199.48,0.3199,Zygia longifolia,Suribio,12,16.0,Alta,Casco de vaca (Bauhinia picta) | Guamo machete (Inga densiflora),Morales y Varón (2013); AMVA y UNAL (2014)
39924,San Javier,99,0.0,AsocioEP,EcoparqueQuebrada,Grama,3108.27,0.3108,Zygia longifolia,Suribio,12,16.0,Alta,Casco de vaca (Bauhinia picta) | Guamo machete (Inga densiflora),Morales y Varón (2013); AMVA y UNAL (2014)
39926,San Javier,99,0.0,AsocioEP,EcoparqueQuebrada,Grama,3218.59,0.3219,Zygia longifolia,Suribio,12,16.0,Alta,Casco de vaca (Bauhinia picta) | Guamo machete (Inga densiflora),Morales y Varón (2013); AMVA y UNAL (2014)
40328,Laureles Estadio,99,0.0,AsocioEP,ParqueRec,Grama,3167.28,0.3167,Zygia longifolia,Suribio,12,16.0,Alta,Casco de vaca (Bauhinia picta) | Guamo machete (Inga densiflora),Morales y Varón (2013); AMVA y UNAL (2014)
47564,Laureles Estadio,99,0.0,AsocioUrbanistico,RetiroQuebradas,Grama,3144.41,0.3144,Zygia longifolia,Suribio,12,16.0,Alta,Casco de vaca (Bauhinia picta) | Guamo machete (Inga densiflora),Morales y Varón (2013); AMVA y UNAL (2014)
33474,Laureles Estadio,99,0.0,AsocioMovilidad,Separador,Grama,2856.97,0.2857,Zygia longifolia,Suribio,11,16.0,Alta,Casco de vaca (Bauhinia picta) | Carbonero flor roja (Calliandra haematocephala),Morales y Varón (2013); AMVA y UNAL (2014)
34851,Laureles Estadio,99,0.0,AsocioMovilidad,Antejardin,Grama,842.27,0.0842,Calliandra haematocephala,Carbonero flor roja,11,8.5,Media,Ninguna,Morales y Varón (2013); AMVA y UNAL (2014)
34977,Laureles Estadio,99,0.0,AsocioEP,ZVRecreacional,Grama,2919.2,0.2919,Zygia longifolia,Suribio,11,16.0,Alta,Casco de vaca (Bauhinia picta) | Guamo machete (Inga densiflora),Morales y Varón (2013); AMVA y UNAL (2014)
41221,Laureles Estadio,99,0.0,AsocioUrbanistico,RetiroQuebradas,Grama,2997.93,0.2998,Zygia longifolia,Suribio,11,16.0,Alta,Casco de vaca (Bauhinia picta) | Guamo machete (Inga densiflora),Morales y Varón (2013); AMVA y UNAL (2014)
47401,Laureles Estadio,99,0.0,AsocioUrbanistico,RetiroQuebradas,Grama,2840.04,0.284,Zygia longifolia,Suribio,11,16.0,Alta,Casco de vaca (Bauhinia picta) | Guamo machete (Inga densiflora),Morales y Varón (2013); AMVA y UNAL (2014)
7828,Buenos Aires,99,0.0,AsocioEP,EcoparqueCerro,Grama,2617.76,0.2618,Inga densiflora,Guamo machete,11,15.0,Alta,Ninguna,Catálogo UNAL; GBIF; POWO (Kew)
28457,Laureles Estadio,99,0.0,AsocioMovilidad,Antejardin,Grama,789.01,0.0789,Calliandra haematocephala,Carbonero flor roja,10,8.5,Media,Ninguna,Morales y Varón (2013); AMVA y UNAL (2014)
32538,Aranjuez,99,0.0,AsocioUrbanistico,RetiroQuebradas,Grama,2645.46,0.2645,Zygia longifolia,Suribio,10,16.0,Alta,Casco de vaca (Bauhinia picta) | Guamo machete (Inga densiflora),Morales y Varón (2013); AMVA y UNAL (2014)
41510,Laureles Estadio,99,0.0,AsocioMovilidad,Antejardin,Grama,788.27,0.0788,Calliandra haematocephala,Carbonero flor roja,10,8.5,Media,Ninguna,Morales y Varón (2013); AMVA y UNAL (2014)
47573,Laureles Estadio,99,0.0,AsocioMovilidad,Antejardin,Grama,777.56,0.0778,Calliandra haematocephala,Carbonero flor roja,10,8.5,Media,Ninguna,Morales y Varón (2013); AMVA y UNAL (2014)
21789,Buenos Aires,99,0.0,AsocioEP,ParqueRec,Grama,2771.08,0.2771,Zygia longifolia,Suribio,10,16.0,Alta,Casco de vaca (Bauhinia picta) | Guamo machete (Inga densiflora),Morales y Varón (2013); AMVA y UNAL (2014)
24922,Buenos Aires,99,0.0,AsocioMovilidad,Antejardin,Grama,766.54,0.0767,Calliandra haematocephala,Carbonero flor roja,10,8.5,Media,Ninguna,Morales y Varón (2013); AMVA y UNAL (2014)
29537,Laureles Estadio,99,0.0,AsocioMovilidad,Antejardin,Grama,668.8,0.0669,Calliandra haematocephala,Carbonero flor roja,9,8.5,Media,Ninguna,Morales y Varón (2013); AMVA y UNAL (2014)
19731,Buenos Aires,99,0.0,AsocioMovilidad,FajasTaludes,Grama,2093.93,0.2094,Inga densiflora,Guamo machete,9,15.0,Alta,Ninguna,Catálogo UNAL; GBIF; POWO (Kew)
4497,Laureles Estadio,99,0.0,AsocioEP,ParqueRec,Grama,2461.6,0.2462,Zygia longifolia,Suribio,9,16.0,Alta,Casco de vaca (Bauhinia picta) | Guamo machete (Inga densiflora),Morales y Varón (2013); AMVA y UNAL (2014)
26047,Aranjuez,99,0.0,AsocioEP,ParqueRec,Grama,2478.08,0.2478,Zygia longifolia,Suribio,9,16.0,Alta,Casco de vaca (Bauhinia picta) | Guamo machete (Inga densiflora),Morales y Varón (2013); AMVA y UNAL (2014)
25495,Aranjuez,99,0.0,AsocioMovilidad,Antejardin,Grama,637.95,0.0638,Calliandra haematocephala,Carbonero flor roja,8,8.5,Media,Ninguna,Morales y Varón (2013); AMVA y UNAL (2014)
25445,Aranjuez,99,0.0,AsocioMovilidad,OrejaPuente,Grama,2258.22,0.2258,Zygia longifolia,Suribio,8,16.0,Alta,Casco de vaca (Bauhinia picta),Morales y Varón (2013); AMVA y UNAL (2014)
25447,Aranjuez,99,0.0,AsocioMovilidad,OrejaPuente,Grama,2281.33,0.2281,Zygia longifolia,Suribio,8,16.0,Alta,Casco de vaca (Bauhinia picta),Morales y Varón (2013); AMVA y UNAL (2014)
27695,Aranjuez,99,0.0,AsocioUrbanistico,RetiroQuebradas,Tierra,2236.7,0.2237,Zygia longifolia,Suribio,8,16.0,Alta,Casco de vaca (Bauhinia picta) | Guamo machete (Inga densiflora),Morales y Varón (2013); AMVA y UNAL (2014)
39844,San Javier,99,0.0,AsocioMovilidad,Antejardin,Grama,626.09,0.0626,Calliandra haematocephala,Carbonero flor roja,8,8.5,Media,Ninguna,Morales y Varón (2013); AMVA y UNAL (2014)
40804,Laureles Estadio,99,0.0,AsocioEP,ParqueRec,Grama,2301.92,0.2302,Zygia longifolia,Suribio,8,16.0,Alta,Casco de vaca (Bauhinia picta) | Guamo machete (Inga densiflora),Morales y Varón (2013); AMVA y UNAL (2014)
45396,Laureles Estadio,99,0.0,AsocioEP,ZVRecreacional,Tierra,2153.85,0.2154,Zygia longifolia,Suribio,8,16.0,Alta,Casco de vaca (Bauhinia picta) | Guamo machete (Inga densiflora),Morales y Varón (2013); AMVA y UNAL (2014)
28642,Laureles Estadio,99,0.0,AsocioEP,ZVRecreacional,Grama,2016.11,0.2016,Zygia longifolia,Suribio,7,16.0,Alta,Casco de vaca (Bauhinia picta) | Guamo machete (Inga densiflora),Morales y Varón (2013); AMVA y UNAL (2014)
33567,Laureles Estadio,99,0.0,AsocioMovilidad,Antejardin,Grama,570.14,0.057,Calliandra haematocephala,Carbonero flor roja,7,8.5,Media,Ninguna,Morales y Varón (2013); AMVA y UNAL (2014)
34582,Laureles Estadio,99,0.0,AsocioMovilidad,Separador,Grama,2045.98,0.2046,Zygia longifolia,Suribio,7,16.0,Alta,Casco de vaca (Bauhinia picta) | Carbonero flor roja (Calliandra haematocephala),Morales y Varón (2013); AMVA y UNAL (2014)
34706,Laureles Estadio,99,0.0,AsocioUrbanistico,RetiroQuebradas,Grama,1812.61,0.1813,Zygia longifolia,Suribio,7,16.0,Alta,Casco de vaca (Bauhinia picta) | Guamo machete (Inga densiflora),Morales y Varón (2013); AMVA y UNAL (2014)
42168,San Javier,99,0.0,AsocioMovilidad,Antejardin,Grama,567.46,0.0567,Calliandra haematocephala,Carbonero flor roja,7,8.5,Media,Ninguna,Morales y Varón (2013); AMVA y UNAL (2014)
47481,Laureles Estadio,99,0.0,AsocioUrbanistico,RetiroQuebradas,Grama,1820.37,0.182,Zygia longifolia,Suribio,7,16.0,Alta,Casco de vaca (Bauhinia picta) | Guamo machete (Inga densiflora),Morales y Varón (2013); AMVA y UNAL (2014)
47747,Laureles Estadio,99,0.0,AsocioMovilidad,Antejardin,Grama,551.73,0.0552,Calliandra haematocephala,Carbonero flor roja,7,8.5,Media,Ninguna,Morales y Varón (2013); AMVA y UNAL (2014)
224,Laureles Estadio,99,0.0,AsocioEP,ParqueRec,Tierra,1917.28,0.1917,Zygia longifolia,Suribio,7,16.0,Alta,Casco de vaca (Bauhinia picta) | Guamo machete (Inga densiflora),Morales y Varón (2013); AMVA y UNAL (2014)
25991,Aranjuez,99,0.0,AsocioMovilidad,FranjaAmoblamiento,Grama,1674.1,0.1674,Zygia longifolia,Suribio,6,16.0,Alta,Casco de vaca (Bauhinia picta) | Carbonero flor roja (Calliandra haematocephala),Morales y Varón (2013); AMVA y UNAL (2014)
27748,Aranjuez,99,0.0,AsocioMovilidad,FajasTaludes,Tierra,1527.91,0.1528,Inga densiflora,Guamo machete,6,15.0,Alta,Ninguna,Catálogo UNAL; GBIF; POWO (Kew)
34549,Laureles Estadio,99,0.0,AsocioMovilidad,Separador,Grama,1652.88,0.1653,Zygia longifolia,Suribio,6,16.0,Alta,Casco de vaca (Bauhinia picta) | Carbonero flor roja (Calliandra haematocephala),Morales y Varón (2013); AMVA y UNAL (2014)
36791,San Javier,99,0.0,AsocioUrbanistico,RetiroQuebradas,Grama,1566.07,0.1566,Zygia longifolia,Suribio,6,16.0,Alta,Casco de vaca (Bauhinia picta) | Guamo machete (Inga densiflora),Morales y Varón (2013); AMVA y UNAL (2014)
39975,Laureles Estadio,99,0.0,AsocioEP,ParqueRec,Grama,1774.5,0.1774,Zygia longifolia,Suribio,6,16.0,Alta,Casco de vaca (Bauhinia picta) | Guamo machete (Inga densiflora),Morales y Varón (2013); AMVA y UNAL (2014)
44640,Laureles Estadio,99,0.0,AsocioUrbanistico,RetiroQuebradas,Grama,1619.21,0.1619,Zygia longifolia,Suribio,6,16.0,Alta,Casco de vaca (Bauhinia picta) | Guamo machete (Inga densiflora),Morales y Varón (2013); AMVA y UNAL (2014)
44641,Laureles Estadio,99,0.0,AsocioUrbanistico,RetiroQuebradas,Grama,1673.36,0.1673,Zygia longifolia,Suribio,6,16.0,Alta,Casco de vaca (Bauhinia picta) | Guamo machete (Inga densiflora),Morales y Varón (2013); AMVA y UNAL (2014)
47562,Laureles Estadio,99,0.0,AsocioMovilidad,FranjaAmoblamiento,Grama,1669.54,0.167,Zygia longifolia,Suribio,6,16.0,Alta,Casco de vaca (Bauhinia picta) | Carbonero flor roja (Calliandra haematocephala),Morales y Varón (2013); AMVA y UNAL (2014)
226,Laureles Estadio,99,0.0,AsocioEP,ZVRecreacional,Grama,1725.42,0.1725,Zygia longifolia,Suribio,6,16.0,Alta,Casco de vaca (Bauhinia picta) | Guamo machete (Inga densiflora),Morales y Varón (2013); AMVA y UNAL (2014)
1383,Laureles Estadio,99,0.0,AsocioMovilidad,Antejardin,Grama,478.74,0.0479,Calliandra haematocephala,Carbonero flor roja,6,8.5,Media,Ninguna,Morales y Varón (2013); AMVA y UNAL (2014)
2189,Buenos Aires,99,0.0,AsocioEP,ParqueRec,Grama,1776.49,0.1776,Zygia longifolia,Suribio,6,16.0,Alta,Casco de vaca (Bauhinia picta) | Guamo machete (Inga densiflora),Morales y Varón (2013); AMVA y UNAL (2014)
19918,Buenos Aires,99,0.0,AsocioMovilidad,Antejardin,Grama,453.93,0.0454,Calliandra haematocephala,Carbonero flor roja,6,8.5,Media,Ninguna,Morales y Varón (2013); AMVA y UNAL (2014)
19980,Buenos Aires,99,0.0,AsocioMovilidad,Antejardin,Grama,498.56,0.0499,Calliandra haematocephala,Carbonero flor roja,6,8.5,Media,Ninguna,Morales y Varón (2013); AMVA y UNAL (2014)
34180,Laureles Estadio,99,0.0,AsocioMovilidad,Antejardin,Grama,435.21,0.0435,Calliandra haematocephala,Carbonero flor roja,6,8.5,Media,Ninguna,Morales y Varón (2013); AMVA y UNAL (2014)
28113,Laureles Estadio,99,0.0,AsocioMovilidad,Antejardin,Grama,404.41,0.0404,Calliandra haematocephala,Carbonero flor roja,5,8.5,Media,Ninguna,Morales y Varón (2013); AMVA y UNAL (2014)
26085,Aranjuez,99,0.0,AsocioEP,ParqueRec,Grama,1367.8,0.1368,Zygia longifolia,Suribio,5,16.0,Alta,Casco de vaca (Bauhinia picta) | Guamo machete (Inga densiflora),Morales y Varón (2013); AMVA y UNAL (2014)
25448,Aranjuez,99,0.0,AsocioMovilidad,Separador,Grama,1384.02,0.1384,Zygia longifolia,Suribio,5,16.0,Alta,Casco de vaca (Bauhinia picta) | Carbonero flor roja (Calliandra haematocephala),Morales y Varón (2013); AMVA y UNAL (2014)
27046,Aranjuez,99,0.0,AsocioMovilidad,FajasTaludes,Grama,1282.91,0.1283,Inga densiflora,Guamo machete,5,15.0,Alta,Ninguna,Catálogo UNAL; GBIF; POWO (Kew)
27294,Aranjuez,99,0.0,AsocioMovilidad,Antejardin,Grama,380.6,0.0381,Calliandra haematocephala,Carbonero flor roja,5,8.5,Media,Ninguna,Morales y Varón (2013); AMVA y UNAL (2014)
29508,Laureles Estadio,99,0.0,AsocioMovilidad,Separador,Grama,1284.94,0.1285,Zygia longifolia,Suribio,5,16.0,Alta,Casco de vaca (Bauhinia picta) | Carbonero flor roja (Calliandra haematocephala),Morales y Varón (2013); AMVA y UNAL (2014)
33324,Laureles Estadio,99,0.0,AsocioMovilidad,Separador,Grama,1413.37,0.1413,Zygia longifolia,Suribio,5,16.0,Alta,Casco de vaca (Bauhinia picta) | Carbonero flor roja (Calliandra haematocephala),Morales y Varón (2013); AMVA y UNAL (2014)
34649,Laureles Estadio,99,0.0,AsocioMovilidad,Antejardin,Grama,431.77,0.0432,Calliandra haematocephala,Carbonero flor roja,5,8.5,Media,Ninguna,Morales y Varón (2013); AMVA y UNAL (2014)
34690,Laureles Estadio,99,0.0,AsocioMovilidad,Separador,Grama,1473.29,0.1473,Zygia longifolia,Suribio,5,16.0,Alta,Casco de vaca (Bauhinia picta) | Carbonero flor roja (Calliandra haematocephala),Morales y Varón (2013); AMVA y UNAL (2014)
39572,Laureles Estadio,99,0.0,AsocioEP,ParqueRec,Tierra,1531.21,0.1531,Zygia longifolia,Suribio,5,16.0,Alta,Casco de vaca (Bauhinia picta) | Guamo machete (Inga densiflora),Morales y Varón (2013); AMVA y UNAL (2014)
41251,Laureles Estadio,99,0.0,AsocioEP,ParqueRec,Grama,1292.46,0.1292,Zygia longifolia,Suribio,5,16.0,Alta,Casco de vaca (Bauhinia picta) | Guamo machete (Inga densiflora),Morales y Varón (2013); AMVA y UNAL (2014)
40807,Laureles Estadio,99,0.0,AsocioEP,ParqueRec,Grama,1315.5,0.1316,Zygia longifolia,Suribio,5,16.0,Alta,Casco de vaca (Bauhinia picta) | Guamo machete (Inga densiflora),Morales y Varón (2013); AMVA y UNAL (2014)
41261,Laureles Estadio,99,0.0,AsocioEP,EcoparqueQuebrada,Grama,1512.7,0.1513,Zygia longifolia,Suribio,5,16.0,Alta,Casco de vaca (Bauhinia picta) | Guamo machete (Inga densiflora),Morales y Varón (2013); AMVA y UNAL (2014)
41814,Laureles Estadio,99,0.0,AsocioEP,ParqueRec,Grama,1410.73,0.1411,Zygia longifolia,Suribio,5,16.0,Alta,Casco de vaca (Bauhinia picta) | Guamo machete (Inga densiflora),Morales y Varón (2013); AMVA y UNAL (2014)
43346,San Javier,99,0.0,AsocioMovilidad,Antejardin,Grama,392.82,0.0393,Calliandra haematocephala,Carbonero flor roja,5,8.5,Media,Ninguna,Morales y Varón (2013); AMVA y UNAL (2014)
225,Laureles Estadio,99,0.0,AsocioEP,ZVRecreacional,Grama,1374.33,0.1374,Zygia longifolia,Suribio,5,16.0,Alta,Casco de vaca (Bauhinia picta) | Guamo machete (Inga densiflora),Morales y Varón (2013); AMVA y UNAL (2014)
373,Laureles Estadio,99,0.0,AsocioMovilidad,OrejaPuente,Grama,1500.05,0.15,Zygia longifolia,Suribio,5,16.0,Alta,Casco de vaca (Bauhinia picta),Morales y Varón (2013); AMVA y UNAL (2014)
27647,Aranjuez,99,0.0,AsocioUrbanistico,RetiroQuebradas,Tierra,1338.71,0.1339,Zygia longifolia,Suribio,5,16.0,Alta,Casco de vaca (Bauhinia picta) | Guamo machete (Inga densiflora),Morales y Varón (2013); AMVA y UNAL (2014)
25383,Aranjuez,99,0.0,AsocioMovilidad,Separador,Grama,1203.85,0.1204,Zygia longifolia,Suribio,4,16.0,Alta,Casco de vaca (Bauhinia picta) | Carbonero flor roja (Calliandra haematocephala),Morales y Varón (2013); AMVA y UNAL (2014)
26165,Laureles Estadio,99,0.0,AsocioEP,ZVRecreacional,Grama,1254.5,0.1255,Zygia longifolia,Suribio,4,16.0,Alta,Casco de vaca (Bauhinia picta) | Guamo machete (Inga densiflora),Morales y Varón (2013); AMVA y UNAL (2014)
25828,Aranjuez,99,0.0,AsocioEP,ParqueRec,Grama,1237.3,0.1237,Zygia longifolia,Suribio,4,16.0,Alta,Casco de vaca (Bauhinia picta) | Guamo machete (Inga densiflora),Morales y Varón (2013); AMVA y UNAL (2014)
29142,Laureles Estadio,99,0.0,AsocioUrbanistico,RetiroQuebradas,Grama,1168.47,0.1168,Zygia longifolia,Suribio,4,16.0,Alta,Casco de vaca (Bauhinia picta) | Guamo machete (Inga densiflora),Morales y Varón (2013); AMVA y UNAL (2014)
29145,Laureles Estadio,99,0.0,AsocioMovilidad,FranjaAmoblamiento,Grama,1053.6,0.1054,Zygia longifolia,Suribio,4,16.0,Alta,Casco de vaca (Bauhinia picta) | Carbonero flor roja (Calliandra haematocephala),Morales y Varón (2013); AMVA y UNAL (2014)
33323,Laureles Estadio,99,0.0,AsocioMovilidad,Antejardin,Grama,340.44,0.034,Calliandra haematocephala,Carbonero flor roja,4,8.5,Media,Ninguna,Morales y Varón (2013); AMVA y UNAL (2014)
34583,Laureles Estadio,99,0.0,AsocioMovilidad,Separador,Grama,1029.16,0.1029,Zygia longifolia,Suribio,4,16.0,Alta,Casco de vaca (Bauhinia picta) | Carbonero flor roja (Calliandra haematocephala),Morales y Varón (2013); AMVA y UNAL (2014)
34624,Laureles Estadio,99,0.0,AsocioMovilidad,Antejardin,Grama,310.37,0.031,Calliandra haematocephala,Carbonero flor roja,4,8.5,Media,Ninguna,Morales y Varón (2013); AMVA y UNAL (2014)
34971,Laureles Estadio,99,0.0,AsocioMovilidad,Antejardin,Grama,351.93,0.0352,Calliandra haematocephala,Carbonero flor roja,4,8.5,Media,Ninguna,Morales y Varón (2013); AMVA y UNAL (2014)
34999,Laureles Estadio,99,0.0,AsocioMovilidad,Antejardin,Grama,356.09,0.0356,Calliandra haematocephala,Carbonero flor roja,4,8.5,Media,Ninguna,Morales y Varón (2013); AMVA y UNAL (2014)
40469,Laureles Estadio,99,0.0,AsocioEP,EcoparqueQuebrada,Grama,1279.95,0.128,Zygia longifolia,Suribio,4,16.0,Alta,Casco de vaca (Bauhinia picta) | Guamo machete (Inga densiflora),Morales y Varón (2013); AMVA y UNAL (2014)
40177,Laureles Estadio,99,0.0,AsocioMovilidad,Antejardin,Grama,349.78,0.035,Calliandra haematocephala,Carbonero flor roja,4,8.5,Media,Ninguna,Morales y Varón (2013); AMVA y UNAL (2014)
40388,Laureles Estadio,99,0.0,AsocioMovilidad,Antejardin,Grama,330.15,0.033,Calliandra haematocephala,Carbonero flor roja,4,8.5,Media,Ninguna,Morales y Varón (2013); AMVA y UNAL (2014)
40821,Laureles Estadio,99,0.0,AsocioEP,ParqueRec,Grama,1067.58,0.1068,Zygia longifolia,Suribio,4,16.0,Alta,Casco de vaca (Bauhinia picta) | Guamo machete (Inga densiflora),Morales y Varón (2013); AMVA y UNAL (2014)
40826,Laureles Estadio,99,0.0,AsocioMovilidad,Antejardin,Grama,328.44,0.0328,Calliandra haematocephala,Carbonero flor roja,4,8.5,Media,Ninguna,Morales y Varón (2013); AMVA y UNAL (2014)
42488,Laureles Estadio,99,0.0,AsocioEP,ZVRecreacional,Grama,1070.77,0.1071,Zygia longifolia,Suribio,4,16.0,Alta,Casco de vaca (Bauhinia picta) | Guamo machete (Inga densiflora),Morales y Varón (2013); AMVA y UNAL (2014)
47746,Laureles Estadio,99,0.0,AsocioEP,ZVRecreacional,Grama,1218.85,0.1219,Zygia longifolia,Suribio,4,16.0,Alta,Casco de vaca (Bauhinia picta) | Guamo machete (Inga densiflora),Morales y Varón (2013); AMVA y UNAL (2014)
90,Laureles Estadio,99,0.0,AsocioEP,ParqueRec,Grama,1205.3,0.1205,Zygia longifolia,Suribio,4,16.0,Alta,Casco de vaca (Bauhinia picta) | Guamo machete (Inga densiflora),Morales y Varón (2013); AMVA y UNAL (2014)
223,Laureles Estadio,99,0.0,AsocioEP,ParqueRec,Grama,1129.38,0.1129,Zygia longifolia,Suribio,4,16.0,Alta,Casco de vaca (Bauhinia picta) | Guamo machete (Inga densiflora),Morales y Varón (2013); AMVA y UNAL (2014)
372,Laureles Estadio,99,0.0,AsocioMovilidad,Separador,Grama,1049.25,0.1049,Zygia longifolia,Suribio,4,16.0,Alta,Casco de vaca (Bauhinia picta) | Carbonero flor roja (Calliandra haematocephala),Morales y Varón (2013); AMVA y UNAL (2014)
4235,Laureles Estadio,99,0.0,AsocioEP,EcoparqueQuebrada,Grama,1138.71,0.1139,Zygia longifolia,Suribio,4,16.0,Alta,Casco de vaca (Bauhinia picta) | Guamo machete (Inga densiflora),Morales y Varón (2013); AMVA y UNAL (2014)
12488,Buenos Aires,99,0.0,AsocioMovilidad,Antejardin,Grama,344.23,0.0344,Calliandra haematocephala,Carbonero flor roja,4,8.5,Media,Ninguna,Morales y Varón (2013); AMVA y UNAL (2014)
14814,Buenos Aires,99,0.0,AsocioMovilidad,FajasTaludes,Grama,1087.42,0.1087,Inga densiflora,Guamo machete,4,15.0,Alta,Ninguna,Catálogo UNAL; GBIF; POWO (Kew)
2361,Laureles Estadio,99,0.0,AsocioMovilidad,OrejaPuente,Grama,1065.96,0.1066,Zygia longifolia,Suribio,4,16.0,Alta,Casco de vaca (Bauhinia picta),Morales y Varón (2013); AMVA y UNAL (2014)
25102,Aranjuez,99,0.0,AsocioMovilidad,Antejardin,Grama,264.0,0.0264,Calliandra haematocephala,Carbonero flor roja,3,8.5,Media,Ninguna,Morales y Varón (2013); AMVA y UNAL (2014)
25994,Aranjuez,99,0.0,AsocioMovilidad,FranjaAmoblamiento,Grama,794.4,0.0794,Zygia longifolia,Suribio,3,16.0,Alta,Casco de vaca (Bauhinia picta) | Carbonero flor roja (Calliandra haematocephala),Morales y Varón (2013); AMVA y UNAL (2014)
26389,Aranjuez,99,0.0,AsocioEP,ParqueRec,Grama,978.4,0.0978,Zygia longifolia,Suribio,3,16.0,Alta,Casco de vaca (Bauhinia picta) | Guamo machete (Inga densiflora),Morales y Varón (2013); AMVA y UNAL (2014)
33526,Laureles Estadio,99,0.0,AsocioMovilidad,Antejardin,Grama,250.7,0.0251,Calliandra haematocephala,Carbonero flor roja,3,8.5,Media,Ninguna,Morales y Varón (2013); AMVA y UNAL (2014)
30153,Laureles Estadio,99,0.0,AsocioMovilidad,FranjaAmoblamiento,Grama,927.54,0.0928,Zygia longifolia,Suribio,3,16.0,Alta,Casco de vaca (Bauhinia picta) | Carbonero flor roja (Calliandra haematocephala),Morales y Varón (2013); AMVA y UNAL (2014)
34878,Laureles Estadio,99,0.0,AsocioMovilidad,Antejardin,Grama,221.82,0.0222,Calliandra haematocephala,Carbonero flor roja,3,8.5,Media,Ninguna,Morales y Varón (2013); AMVA y UNAL (2014)
33508,Laureles Estadio,99,0.0,AsocioMovilidad,Separador,Grama,791.98,0.0792,Zygia longifolia,Suribio,3,16.0,Alta,Casco de vaca (Bauhinia picta) | Carbonero flor roja (Calliandra haematocephala),Morales y Varón (2013); AMVA y UNAL (2014)
34564,Laureles Estadio,99,0.0,AsocioMovilidad,Antejardin,Grama,241.25,0.0241,Calliandra haematocephala,Carbonero flor roja,3,8.5,Media,Ninguna,Morales y Varón (2013); AMVA y UNAL (2014)
34961,Laureles Estadio,99,0.0,AsocioMovilidad,Antejardin,Grama,230.14,0.023,Calliandra haematocephala,Carbonero flor roja,3,8.5,Media,Ninguna,Morales y Varón (2013); AMVA y UNAL (2014)
34551,Laureles Estadio,99,0.0,AsocioMovilidad,FranjaAmoblamiento,Grama,1013.02,0.1013,Zygia longifolia,Suribio,3,16.0,Alta,Casco de vaca (Bauhinia picta) | Carbonero flor roja (Calliandra haematocephala),Morales y Varón (2013); AMVA y UNAL (2014)
34175,Laureles Estadio,99,0.0,AsocioMovilidad,Antejardin,Grama,233.78,0.0234,Calliandra haematocephala,Carbonero flor roja,3,8.5,Media,Ninguna,Morales y Varón (2013); AMVA y UNAL (2014)
34655,Laureles Estadio,99,0.0,AsocioMovilidad,Separador,Grama,982.44,0.0982,Zygia longifolia,Suribio,3,16.0,Alta,Casco de vaca (Bauhinia picta) | Carbonero flor roja (Calliandra haematocephala),Morales y Varón (2013); AMVA y UNAL (2014)
35258,Laureles Estadio,99,0.0,AsocioMovilidad,Antejardin,Grama,249.05,0.0249,Calliandra haematocephala,Carbonero flor roja,3,8.5,Media,Ninguna,Morales y Varón (2013); AMVA y UNAL (2014)
35778,Laureles Estadio,99,0.0,AsocioEP,ZVRecreacional,Grama,984.03,0.0984,Zygia longifolia,Suribio,3,16.0,Alta,Casco de vaca (Bauhinia picta) | Guamo machete (Inga densiflora),Morales y Varón (2013); AMVA y UNAL (2014)
35895,Laureles Estadio,99,0.0,AsocioEP,ZVRecreacional,Grama,895.74,0.0896,Zygia longifolia,Suribio,3,16.0,Alta,Casco de vaca (Bauhinia picta) | Guamo machete (Inga densiflora),Morales y Varón (2013); AMVA y UNAL (2014)
35897,Laureles Estadio,99,0.0,AsocioEP,ZVRecreacional,Grama,812.14,0.0812,Zygia longifolia,Suribio,3,16.0,Alta,Casco de vaca (Bauhinia picta) | Guamo machete (Inga densiflora),Morales y Varón (2013); AMVA y UNAL (2014)
35898,Laureles Estadio,99,0.0,AsocioEP,ZVRecreacional,Grama,791.12,0.0791,Zygia longifolia,Suribio,3,16.0,Alta,Casco de vaca (Bauhinia picta) | Guamo machete (Inga densiflora),Morales y Varón (2013); AMVA y UNAL (2014)
35986,Laureles Estadio,99,0.0,AsocioEP,ZVRecreacional,Grama,1012.94,0.1013,Zygia longifolia,Suribio,3,16.0,Alta,Casco de vaca (Bauhinia picta) | Guamo machete (Inga densiflora),Morales y Varón (2013); AMVA y UNAL (2014)
38293,San Javier,99,0.0,AsocioEP,EcoparqueQuebrada,Grama,834.11,0.0834,Zygia longifolia,Suribio,3,16.0,Alta,Casco de vaca (Bauhinia picta) | Guamo machete (Inga densiflora),Morales y Varón (2013); AMVA y UNAL (2014)
38303,San Javier,99,0.0,AsocioUrbanistico,RetiroQuebradas,Grama,837.5,0.0837,Zygia longifolia,Suribio,3,16.0,Alta,Casco de vaca (Bauhinia picta) | Guamo machete (Inga densiflora),Morales y Varón (2013); AMVA y UNAL (2014)
37809,Laureles Estadio,99,0.0,AsocioEP,ZVRecreacional,Grama,833.19,0.0833,Zygia longifolia,Suribio,3,16.0,Alta,Casco de vaca (Bauhinia picta) | Guamo machete (Inga densiflora),Morales y Varón (2013); AMVA y UNAL (2014)
36792,San Javier,99,0.0,AsocioUrbanistico,RetiroQuebradas,Grama,770.52,0.0771,Zygia longifolia,Suribio,3,16.0,Alta,Casco de vaca (Bauhinia picta) | Guamo machete (Inga densiflora),Morales y Varón (2013); AMVA y UNAL (2014)
36893,Laureles Estadio,99,0.0,AsocioEP,ParqueRec,Grama,932.18,0.0932,Zygia longifolia,Suribio,3,16.0,Alta,Casco de vaca (Bauhinia picta) | Guamo machete (Inga densiflora),Morales y Varón (2013); AMVA y UNAL (2014)
39763,San Javier,99,0.0,AsocioMovilidad,Antejardin,Grama,265.1,0.0265,Calliandra haematocephala,Carbonero flor roja,3,8.5,Media,Ninguna,Morales y Varón (2013); AMVA y UNAL (2014)
39646,San Javier,99,0.0,AsocioEP,ZVRecreacional,Grama,780.52,0.0781,Zygia longifolia,Suribio,3,16.0,Alta,Casco de vaca (Bauhinia picta) | Guamo machete (Inga densiflora),Morales y Varón (2013); AMVA y UNAL (2014)
41257,Laureles Estadio,99,0.0,AsocioMovilidad,Antejardin,Grama,238.23,0.0238,Calliandra haematocephala,Carbonero flor roja,3,8.5,Media,Ninguna,Morales y Varón (2013); AMVA y UNAL (2014)
39805,San Javier,99,0.0,AsocioEP,ParqueRec,Grama,975.16,0.0975,Zygia longifolia,Suribio,3,16.0,Alta,Casco de vaca (Bauhinia picta) | Guamo machete (Inga densiflora),Morales y Varón (2013); AMVA y UNAL (2014)
41241,Laureles Estadio,99,0.0,AsocioEP,ParqueRec,Tierra,830.14,0.083,Zygia longifolia,Suribio,3,16.0,Alta,Casco de vaca (Bauhinia picta) | Guamo machete (Inga densiflora),Morales y Varón (2013); AMVA y UNAL (2014)
40174,Laureles Estadio,99,0.0,AsocioMovilidad,Antejardin,Grama,285.09,0.0285,Calliandra haematocephala,Carbonero flor roja,3,8.5,Media,Ninguna,Morales y Varón (2013); AMVA y UNAL (2014)
40790,Laureles Estadio,99,0.0,AsocioUrbanistico,RetiroQuebradas,Grama,981.76,0.0982,Zygia longifolia,Suribio,3,16.0,Alta,Casco de vaca (Bauhinia picta) | Guamo machete (Inga densiflora),Morales y Varón (2013); AMVA y UNAL (2014)
40550,Laureles Estadio,99,0.0,AsocioEP,ParqueRec,Grama,779.2,0.0779,Zygia longifolia,Suribio,3,16.0,Alta,Casco de vaca (Bauhinia picta) | Guamo machete (Inga densiflora),Morales y Varón (2013); AMVA y UNAL (2014)
40389,Laureles Estadio,99,0.0,AsocioEP,EcoparqueQuebrada,Grama,940.08,0.094,Zygia longifolia,Suribio,3,16.0,Alta,Casco de vaca (Bauhinia picta) | Guamo machete (Inga densiflora),Morales y Varón (2013); AMVA y UNAL (2014)
40637,Laureles Estadio,99,0.0,AsocioEP,ParqueRec,Grama,1016.54,0.1017,Zygia longifolia,Suribio,3,16.0,Alta,Casco de vaca (Bauhinia picta) | Guamo machete (Inga densiflora),Morales y Varón (2013); AMVA y UNAL (2014)
40990,Laureles Estadio,99,0.0,AsocioMovilidad,Antejardin,Grama,261.76,0.0262,Calliandra haematocephala,Carbonero flor roja,3,8.5,Media,Ninguna,Morales y Varón (2013); AMVA y UNAL (2014)
40806,Laureles Estadio,99,0.0,AsocioEP,ParqueRec,Grama,867.21,0.0867,Zygia longifolia,Suribio,3,16.0,Alta,Casco de vaca (Bauhinia picta) | Guamo machete (Inga densiflora),Morales y Varón (2013); AMVA y UNAL (2014)
41245,Laureles Estadio,99,0.0,AsocioEP,ParqueRec,Grama,816.71,0.0817,Zygia longifolia,Suribio,3,16.0,Alta,Casco de vaca (Bauhinia picta) | Guamo machete (Inga densiflora),Morales y Varón (2013); AMVA y UNAL (2014)
41264,Laureles Estadio,99,0.0,AsocioEP,EcoparqueQuebrada,Grama,820.93,0.0821,Zygia longifolia,Suribio,3,16.0,Alta,Casco de vaca (Bauhinia picta) | Guamo machete (Inga densiflora),Morales y Varón (2013); AMVA y UNAL (2014)
41265,Laureles Estadio,99,0.0,AsocioEP,EcoparqueQuebrada,Grama,770.26,0.077,Zygia longifolia,Suribio,3,16.0,Alta,Casco de vaca (Bauhinia picta) | Guamo machete (Inga densiflora),Morales y Varón (2013); AMVA y UNAL (2014)
41390,Laureles Estadio,99,0.0,AsocioMovilidad,Antejardin,Grama,225.05,0.0225,Calliandra haematocephala,Carbonero flor roja,3,8.5,Media,Ninguna,Morales y Varón (2013); AMVA y UNAL (2014)
42373,San Javier,99,0.0,AsocioMovilidad,Antejardin,Grama,272.0,0.0272,Calliandra haematocephala,Carbonero flor roja,3,8.5,Media,Ninguna,Morales y Varón (2013); AMVA y UNAL (2014)
41816,Laureles Estadio,99,0.0,AsocioEP,ParqueRec,Grama,866.0,0.0866,Zygia longifolia,Suribio,3,16.0,Alta,Casco de vaca (Bauhinia picta) | Guamo machete (Inga densiflora),Morales y Varón (2013); AMVA y UNAL (2014)
41963,Laureles Estadio,99,0.0,AsocioEP,ZVRecreacional,Grama,924.37,0.0924,Zygia longifolia,Suribio,3,16.0,Alta,Casco de vaca (Bauhinia picta) | Guamo machete (Inga densiflora),Morales y Varón (2013); AMVA y UNAL (2014)
42166,San Javier,99,0.0,AsocioMovilidad,Antejardin,Grama,230.69,0.0231,Calliandra haematocephala,Carbonero flor roja,3,8.5,Media,Ninguna,Morales y Varón (2013); AMVA y UNAL (2014)
42933,San Javier,99,0.0,AsocioMovilidad,Antejardin,Grama,268.44,0.0268,Calliandra haematocephala,Carbonero flor roja,3,8.5,Media,Ninguna,Morales y Varón (2013); AMVA y UNAL (2014)
43347,San Javier,99,0.0,AsocioUrbanistico,RetiroQuebradas,Grama,862.83,0.0863,Zygia longifolia,Suribio,3,16.0,Alta,Casco de vaca (Bauhinia picta) | Guamo machete (Inga densiflora),Morales y Varón (2013); AMVA y UNAL (2014)
43500,San Javier,99,0.0,AsocioMovilidad,Antejardin,Grama,288.58,0.0289,Calliandra haematocephala,Carbonero flor roja,3,8.5,Media,Ninguna,Morales y Varón (2013); AMVA y UNAL (2014)
46383,Laureles Estadio,99,0.0,AsocioMovilidad,FranjaAmoblamiento,Grama,999.09,0.0999,Zygia longifolia,Suribio,3,16.0,Alta,Casco de vaca (Bauhinia picta) | Carbonero flor roja (Calliandra haematocephala),Morales y Varón (2013); AMVA y UNAL (2014)
47636,Laureles Estadio,99,0.0,AsocioMovilidad,Antejardin,Grama,219.98,0.022,Calliandra haematocephala,Carbonero flor roja,3,8.5,Media,Ninguna,Morales y Varón (2013); AMVA y UNAL (2014)
47658,Laureles Estadio,99,0.0,AsocioMovilidad,FranjaAmoblamiento,Grama,990.83,0.0991,Zygia longifolia,Suribio,3,16.0,Alta,Casco de vaca (Bauhinia picta) | Carbonero flor roja (Calliandra haematocephala),Morales y Varón (2013); AMVA y UNAL (2014)
218,Laureles Estadio,99,0.0,AsocioEP,ParqueRec,Grama,818.18,0.0818,Zygia longifolia,Suribio,3,16.0,Alta,Casco de vaca (Bauhinia picta) | Guamo machete (Inga densiflora),Morales y Varón (2013); AMVA y UNAL (2014)
661,Laureles Estadio,99,0.0,AsocioMovilidad,Antejardin,Grama,261.14,0.0261,Calliandra haematocephala,Carbonero flor roja,3,8.5,Media,Ninguna,Morales y Varón (2013); AMVA y UNAL (2014)
2860,Buenos Aires,99,0.0,AsocioUrbanistico,RetiroQuebradas,Grama,933.99,0.0934,Zygia longifolia,Suribio,3,16.0,Alta,Casco de vaca (Bauhinia picta) | Guamo machete (Inga densiflora),Morales y Varón (2013); AMVA y UNAL (2014)
10400,Laureles Estadio,99,0.0,AsocioEP,EcoparqueQuebrada,Grama,883.17,0.0883,Zygia longifolia,Suribio,3,16.0,Alta,Casco de vaca (Bauhinia picta) | Guamo machete (Inga densiflora),Morales y Varón (2013); AMVA y UNAL (2014)
12099,Laureles Estadio,99,0.0,AsocioEP,ParqueRec,Grama,917.44,0.0917,Zygia longifolia,Suribio,3,16.0,Alta,Casco de vaca (Bauhinia picta) | Guamo machete (Inga densiflora),Morales y Varón (2013); AMVA y UNAL (2014)
19136,Buenos Aires,99,0.0,AsocioMovilidad,Antejardin,Grama,234.28,0.0234,Calliandra haematocephala,Carbonero flor roja,3,8.5,Media,Ninguna,Morales y Varón (2013); AMVA y UNAL (2014)
19148,Buenos Aires,99,0.0,AsocioEP,ParqueRec,Tierra,789.04,0.0789,Zygia longifolia,Suribio,3,16.0,Alta,Casco de vaca (Bauhinia picta) | Guamo machete (Inga densiflora),Morales y Varón (2013); AMVA y UNAL (2014)
19979,Buenos Aires,99,0.0,AsocioMovilidad,Antejardin,Grama,241.61,0.0242,Calliandra haematocephala,Carbonero flor roja,3,8.5,Media,Ninguna,Morales y Varón (2013); AMVA y UNAL (2014)
27646,Aranjuez,99,0.0,AsocioUrbanistico,RetiroQuebradas,Tierra,929.05,0.0929,Zygia longifolia,Suribio,3,16.0,Alta,Casco de vaca (Bauhinia picta) | Guamo machete (Inga densiflora),Morales y Varón (2013); AMVA y UNAL (2014)
1767,Laureles Estadio,99,0.0,AsocioEP,ParqueRec,Grama,774.71,0.0775,Zygia longifolia,Suribio,3,16.0,Alta,Casco de vaca (Bauhinia picta) | Guamo machete (Inga densiflora),Morales y Varón (2013); AMVA y UNAL (2014)
12478,Laureles Estadio,99,0.0,AsocioMovilidad,Separador,Grama,570.67,0.0571,Zygia longifolia,Suribio,2,16.0,Alta,Casco de vaca (Bauhinia picta) | Carbonero flor roja (Calliandra haematocephala),Morales y Varón (2013); AMVA y UNAL (2014)
26320,Aranjuez,99,0.0,AsocioMovilidad,Separador,Grama,627.08,0.0627,Zygia longifolia,Suribio,2,16.0,Alta,Casco de vaca (Bauhinia picta) | Carbonero flor roja (Calliandra haematocephala),Morales y Varón (2013); AMVA y UNAL (2014)
27079,Aranjuez,99,0.0,AsocioMovilidad,FranjaAmoblamiento,Grama,630.91,0.0631,Zygia longifolia,Suribio,2,16.0,Alta,Casco de vaca (Bauhinia picta) | Carbonero flor roja (Calliandra haematocephala),Morales y Varón (2013); AMVA y UNAL (2014)
27853,Laureles Estadio,99,0.0,AsocioMovilidad,FranjaAmoblamiento,Grama,586.92,0.0587,Zygia longifolia,Suribio,2,16.0,Alta,Casco de vaca (Bauhinia picta) | Carbonero flor roja (Calliandra haematocephala),Morales y Varón (2013); AMVA y UNAL (2014)
25471,Aranjuez,99,0.0,AsocioMovilidad,Separador,Grama,527.54,0.0528,Zygia longifolia,Suribio,2,16.0,Alta,Casco de vaca (Bauhinia picta) | Carbonero flor roja (Calliandra haematocephala),Morales y Varón (2013); AMVA y UNAL (2014)
26350,Aranjuez,99,0.0,AsocioMovilidad,Antejardin,Grama,206.41,0.0206,Calliandra haematocephala,Carbonero flor roja,2,8.5,Media,Ninguna,Morales y Varón (2013); AMVA y UNAL (2014)
27022,Aranjuez,99,0.0,AsocioMovilidad,FranjaAmoblamiento,Grama,707.43,0.0707,Zygia longifolia,Suribio,2,16.0,Alta,Casco de vaca (Bauhinia picta) | Carbonero flor roja (Calliandra haematocephala),Morales y Varón (2013); AMVA y UNAL (2014)
27342,Aranjuez,99,0.0,AsocioMovilidad,FajasTaludes,Grama,506.49,0.0506,Inga densiflora,Guamo machete,2,15.0,Alta,Ninguna,Catálogo UNAL; GBIF; POWO (Kew)
28092,Laureles Estadio,99,0.0,AsocioMovilidad,Antejardin,Grama,175.04,0.0175,Calliandra haematocephala,Carbonero flor roja,2,8.5,Media,Ninguna,Morales y Varón (2013); AMVA y UNAL (2014)
27683,Aranjuez,99,0.0,AsocioMovilidad,FajasTaludes,Grama,500.52,0.0501,Inga densiflora,Guamo machete,2,15.0,Alta,Ninguna,Catálogo UNAL; GBIF; POWO (Kew)
27684,Aranjuez,99,0.0,AsocioMovilidad,OrejaPuente,Grama,661.63,0.0662,Zygia longifolia,Suribio,2,16.0,Alta,Casco de vaca (Bauhinia picta),Morales y Varón (2013); AMVA y UNAL (2014)
27696,Aranjuez,99,0.0,AsocioUrbanistico,RetiroQuebradas,Grama,656.07,0.0656,Zygia longifolia,Suribio,2,16.0,Alta,Casco de vaca (Bauhinia picta) | Guamo machete (Inga densiflora),Morales y Varón (2013); AMVA y UNAL (2014)
28641,Laureles Estadio,99,0.0,AsocioEP,ZVRecreacional,Tierra,644.73,0.0645,Zygia longifolia,Suribio,2,16.0,Alta,Casco de vaca (Bauhinia picta) | Guamo machete (Inga densiflora),Morales y Varón (2013); AMVA y UNAL (2014)
29148,Laureles Estadio,99,0.0,AsocioMovilidad,Separador,Grama,524.31,0.0524,Zygia longifolia,Suribio,2,16.0,Alta,Casco de vaca (Bauhinia picta) | Carbonero flor roja (Calliandra haematocephala),Morales y Varón (2013); AMVA y UNAL (2014)
29645,Laureles Estadio,99,0.0,AsocioMovilidad,Antejardin,Grama,160.33,0.016,Calliandra haematocephala,Carbonero flor roja,2,8.5,Media,Ninguna,Morales y Varón (2013); AMVA y UNAL (2014)
30191,Laureles Estadio,99,0.0,AsocioMovilidad,Antejardin,Grama,160.97,0.0161,Calliandra haematocephala,Carbonero flor roja,2,8.5,Media,Ninguna,Morales y Varón (2013); AMVA y UNAL (2014)
30196,Laureles Estadio,99,0.0,AsocioEP,ParqueRec,Grama,584.85,0.0585,Zygia longifolia,Suribio,2,16.0,Alta,Casco de vaca (Bauhinia picta) | Guamo machete (Inga densiflora),Morales y Varón (2013); AMVA y UNAL (2014)
30171,Laureles Estadio,99,0.0,AsocioEP,ParqueRec,Grama,719.36,0.0719,Zygia longifolia,Suribio,2,16.0,Alta,Casco de vaca (Bauhinia picta) | Guamo machete (Inga densiflora),Morales y Varón (2013); AMVA y UNAL (2014)
30173,Laureles Estadio,99,0.0,AsocioEP,ParqueRec,Grama,549.92,0.055,Zygia longifolia,Suribio,2,16.0,Alta,Casco de vaca (Bauhinia picta) | Guamo machete (Inga densiflora),Morales y Varón (2013); AMVA y UNAL (2014)
32463,Laureles Estadio,99,0.0,AsocioMovilidad,Antejardin,Grama,180.93,0.0181,Calliandra haematocephala,Carbonero flor roja,2,8.5,Media,Ninguna,Morales y Varón (2013); AMVA y UNAL (2014)
33766,Laureles Estadio,99,0.0,AsocioMovilidad,Antejardin,Grama,200.87,0.0201,Calliandra haematocephala,Carbonero flor roja,2,8.5,Media,Ninguna,Morales y Varón (2013); AMVA y UNAL (2014)
33475,Laureles Estadio,99,0.0,AsocioMovilidad,FranjaAmoblamiento,Grama,525.98,0.0526,Zygia longifolia,Suribio,2,16.0,Alta,Casco de vaca (Bauhinia picta) | Carbonero flor roja (Calliandra haematocephala),Morales y Varón (2013); AMVA y UNAL (2014)
33501,Laureles Estadio,99,0.0,AsocioMovilidad,Antejardin,Grama,157.83,0.0158,Calliandra haematocephala,Carbonero flor roja,2,8.5,Media,Ninguna,Morales y Varón (2013); AMVA y UNAL (2014)
33507,Laureles Estadio,99,0.0,AsocioMovilidad,Separador,Grama,730.18,0.073,Zygia longifolia,Suribio,2,16.0,Alta,Casco de vaca (Bauhinia picta) | Carbonero flor roja (Calliandra haematocephala),Morales y Varón (2013); AMVA y UNAL (2014)
33631,Laureles Estadio,99,0.0,AsocioMovilidad,Antejardin,Grama,148.33,0.0148,Calliandra haematocephala,Carbonero flor roja,2,8.5,Media,Ninguna,Morales y Varón (2013); AMVA y UNAL (2014)
33792,Laureles Estadio,99,0.0,AsocioMovilidad,Separador,Grama,535.52,0.0536,Zygia longifolia,Suribio,2,16.0,Alta,Casco de vaca (Bauhinia picta) | Carbonero flor roja (Calliandra haematocephala),Morales y Varón (2013); AMVA y UNAL (2014)
34623,Laureles Estadio,99,0.0,AsocioMovilidad,Antejardin,Grama,183.14,0.0183,Calliandra haematocephala,Carbonero flor roja,2,8.5,Media,Ninguna,Morales y Varón (2013); AMVA y UNAL (2014)
34663,Laureles Estadio,99,0.0,AsocioMovilidad,Antejardin,Grama,146.19,0.0146,Calliandra haematocephala,Carbonero flor roja,2,8.5,Media,Ninguna,Morales y Varón (2013); AMVA y UNAL (2014)
34707,Laureles Estadio,99,0.0,AsocioMovilidad,Antejardin,Grama,212.2,0.0212,Calliandra haematocephala,Carbonero flor roja,2,8.5,Media,Ninguna,Morales y Varón (2013); AMVA y UNAL (2014)
34717,Laureles Estadio,99,0.0,AsocioMovilidad,Antejardin,Grama,192.53,0.0193,Calliandra haematocephala,Carbonero flor roja,2,8.5,Media,Ninguna,Morales y Varón (2013); AMVA y UNAL (2014)
35101,Laureles Estadio,99,0.0,AsocioMovilidad,Antejardin,Grama,212.55,0.0213,Calliandra haematocephala,Carbonero flor roja,2,8.5,Media,Ninguna,Morales y Varón (2013); AMVA y UNAL (2014)
34853,Laureles Estadio,99,0.0,AsocioMovilidad,Separador,Grama,729.94,0.073,Zygia longifolia,Suribio,2,16.0,Alta,Casco de vaca (Bauhinia picta) | Carbonero flor roja (Calliandra haematocephala),Morales y Varón (2013); AMVA y UNAL (2014)
34974,Laureles Estadio,99,0.0,AsocioEP,ZVRecreacional,Grama,753.2,0.0753,Zygia longifolia,Suribio,2,16.0,Alta,Casco de vaca (Bauhinia picta) | Guamo machete (Inga densiflora),Morales y Varón (2013); AMVA y UNAL (2014)
36657,Laureles Estadio,99,0.0,AsocioEP,ParqueRec,Grama,526.1,0.0526,Zygia longifolia,Suribio,2,16.0,Alta,Casco de vaca (Bauhinia picta) | Guamo machete (Inga densiflora),Morales y Varón (2013); AMVA y UNAL (2014)
35896,Laureles Estadio,99,0.0,AsocioEP,ZVRecreacional,Grama,684.95,0.0685,Zygia longifolia,Suribio,2,16.0,Alta,Casco de vaca (Bauhinia picta) | Guamo machete (Inga densiflora),Morales y Varón (2013); AMVA y UNAL (2014)
35964,Laureles Estadio,99,0.0,AsocioMovilidad,Antejardin,Grama,164.96,0.0165,Calliandra haematocephala,Carbonero flor roja,2,8.5,Media,Ninguna,Morales y Varón (2013); AMVA y UNAL (2014)
38300,San Javier,99,0.0,AsocioEP,EcoparqueQuebrada,Grama,606.95,0.0607,Zygia longifolia,Suribio,2,16.0,Alta,Casco de vaca (Bauhinia picta) | Guamo machete (Inga densiflora),Morales y Varón (2013); AMVA y UNAL (2014)
39568,Laureles Estadio,99,0.0,AsocioEP,ParqueRec,Grama,715.96,0.0716,Zygia longifolia,Suribio,2,16.0,Alta,Casco de vaca (Bauhinia picta) | Guamo machete (Inga densiflora),Morales y Varón (2013); AMVA y UNAL (2014)
36665,San Javier,99,0.0,AsocioUrbanistico,RetiroQuebradas,Grama,590.97,0.0591,Zygia longifolia,Suribio,2,16.0,Alta,Casco de vaca (Bauhinia picta) | Guamo machete (Inga densiflora),Morales y Varón (2013); AMVA y UNAL (2014)
36666,San Javier,99,0.0,AsocioUrbanistico,RetiroQuebradas,Grama,638.38,0.0638,Zygia longifolia,Suribio,2,16.0,Alta,Casco de vaca (Bauhinia picta) | Guamo machete (Inga densiflora),Morales y Varón (2013); AMVA y UNAL (2014)
36891,Laureles Estadio,99,0.0,AsocioEP,ParqueRec,Grama,554.37,0.0554,Zygia longifolia,Suribio,2,16.0,Alta,Casco de vaca (Bauhinia picta) | Guamo machete (Inga densiflora),Morales y Varón (2013); AMVA y UNAL (2014)
36892,Laureles Estadio,99,0.0,AsocioEP,ParqueRec,Grama,537.39,0.0537,Zygia longifolia,Suribio,2,16.0,Alta,Casco de vaca (Bauhinia picta) | Guamo machete (Inga densiflora),Morales y Varón (2013); AMVA y UNAL (2014)
36896,Laureles Estadio,99,0.0,AsocioMovilidad,Antejardin,Grama,190.83,0.0191,Calliandra haematocephala,Carbonero flor roja,2,8.5,Media,Ninguna,Morales y Varón (2013); AMVA y UNAL (2014)
39507,San Javier,99,0.0,AsocioEP,ZVRecreacional,Grama,656.89,0.0657,Zygia longifolia,Suribio,2,16.0,Alta,Casco de vaca (Bauhinia picta) | Guamo machete (Inga densiflora),Morales y Varón (2013); AMVA y UNAL (2014)
39235,Laureles Estadio,99,0.0,AsocioEP,ParqueRec,Grama,589.89,0.059,Zygia longifolia,Suribio,2,16.0,Alta,Casco de vaca (Bauhinia picta) | Guamo machete (Inga densiflora),Morales y Varón (2013); AMVA y UNAL (2014)
39645,San Javier,99,0.0,AsocioEP,ZVRecreacional,Grama,555.42,0.0555,Zygia longifolia,Suribio,2,16.0,Alta,Casco de vaca (Bauhinia picta) | Guamo machete (Inga densiflora),Morales y Varón (2013); AMVA y UNAL (2014)
41255,Laureles Estadio,99,0.0,AsocioMovilidad,Separador,Grama,538.88,0.0539,Zygia longifolia,Suribio,2,16.0,Alta,Casco de vaca (Bauhinia picta) | Carbonero flor roja (Calliandra haematocephala),Morales y Varón (2013); AMVA y UNAL (2014)
40473,Laureles Estadio,99,0.0,AsocioEP,ZVRecreacional,Grama,742.21,0.0742,Zygia longifolia,Suribio,2,16.0,Alta,Casco de vaca (Bauhinia picta) | Guamo machete (Inga densiflora),Morales y Varón (2013); AMVA y UNAL (2014)
41732,Laureles Estadio,99,0.0,AsocioEP,ParqueRec,Grama,760.26,0.076,Zygia longifolia,Suribio,2,16.0,Alta,Casco de vaca (Bauhinia picta) | Guamo machete (Inga densiflora),Morales y Varón (2013); AMVA y UNAL (2014)
39986,Laureles Estadio,99,0.0,AsocioEP,ParqueRec,Grama,732.31,0.0732,Zygia longifolia,Suribio,2,16.0,Alta,Casco de vaca (Bauhinia picta) | Guamo machete (Inga densiflora),Morales y Varón (2013); AMVA y UNAL (2014)
40808,Laureles Estadio,99,0.0,AsocioMovilidad,Antejardin,Grama,156.16,0.0156,Calliandra haematocephala,Carbonero flor roja,2,8.5,Media,Ninguna,Morales y Varón (2013); AMVA y UNAL (2014)
41068,Laureles Estadio,99,0.0,AsocioMovilidad,FranjaAmoblamiento,Grama,643.64,0.0644,Zygia longifolia,Suribio,2,16.0,Alta,Casco de vaca (Bauhinia picta) | Carbonero flor roja (Calliandra haematocephala),Morales y Varón (2013); AMVA y UNAL (2014)
42648,Laureles Estadio,99,0.0,AsocioEP,ZVRecreacional,Grama,716.09,0.0716,Zygia longifolia,Suribio,2,16.0,Alta,Casco de vaca (Bauhinia picta) | Guamo machete (Inga densiflora),Morales y Varón (2013); AMVA y UNAL (2014)
42654,Laureles Estadio,99,0.0,AsocioMovilidad,Antejardin,Grama,205.78,0.0206,Calliandra haematocephala,Carbonero flor roja,2,8.5,Media,Ninguna,Morales y Varón (2013); AMVA y UNAL (2014)
41247,Laureles Estadio,99,0.0,AsocioEP,ParqueRec,Grama,636.92,0.0637,Zygia longifolia,Suribio,2,16.0,Alta,Casco de vaca (Bauhinia picta) | Guamo machete (Inga densiflora),Morales y Varón (2013); AMVA y UNAL (2014)
43358,San Javier,99,0.0,AsocioEP,ZVRecreacional,Grama,549.48,0.0549,Zygia longifolia,Suribio,2,16.0,Alta,Casco de vaca (Bauhinia picta) | Guamo machete (Inga densiflora),Morales y Varón (2013); AMVA y UNAL (2014)
42776,Laureles Estadio,99,0.0,AsocioEP,ZVRecreacional,Grama,582.79,0.0583,Zygia longifolia,Suribio,2,16.0,Alta,Casco de vaca (Bauhinia picta) | Guamo machete (Inga densiflora),Morales y Varón (2013); AMVA y UNAL (2014)
41508,Laureles Estadio,99,0.0,AsocioMovilidad,Antejardin,Grama,200.01,0.02,Calliandra haematocephala,Carbonero flor roja,2,8.5,Media,Ninguna,Morales y Varón (2013); AMVA y UNAL (2014)
41815,Laureles Estadio,99,0.0,AsocioEP,ParqueRec,Grama,680.38,0.068,Zygia longifolia,Suribio,2,16.0,Alta,Casco de vaca (Bauhinia picta) | Guamo machete (Inga densiflora),Morales y Varón (2013); AMVA y UNAL (2014)
41824,Laureles Estadio,99,0.0,AsocioEP,ParqueRec,Grama,566.84,0.0567,Zygia longifolia,Suribio,2,16.0,Alta,Casco de vaca (Bauhinia picta) | Guamo machete (Inga densiflora),Morales y Varón (2013); AMVA y UNAL (2014)
42636,Laureles Estadio,99,0.0,AsocioEP,ZVRecreacional,Grama,622.23,0.0622,Zygia longifolia,Suribio,2,16.0,Alta,Casco de vaca (Bauhinia picta) | Guamo machete (Inga densiflora),Morales y Varón (2013); AMVA y UNAL (2014)
47565,Laureles Estadio,99,0.0,AsocioMovilidad,Separador,Grama,679.45,0.0679,Zygia longifolia,Suribio,2,16.0,Alta,Casco de vaca (Bauhinia picta) | Carbonero flor roja (Calliandra haematocephala),Morales y Varón (2013); AMVA y UNAL (2014)
47494,Laureles Estadio,99,0.0,AsocioMovilidad,Antejardin,Grama,184.27,0.0184,Calliandra haematocephala,Carbonero flor roja,2,8.5,Media,Ninguna,Morales y Varón (2013); AMVA y UNAL (2014)
47634,Laureles Estadio,99,0.0,AsocioMovilidad,Separador,Grama,674.78,0.0675,Zygia longifolia,Suribio,2,16.0,Alta,Casco de vaca (Bauhinia picta) | Carbonero flor roja (Calliandra haematocephala),Morales y Varón (2013); AMVA y UNAL (2014)
47591,Laureles Estadio,99,0.0,AsocioMovilidad,FranjaAmoblamiento,Grama,756.13,0.0756,Zygia longifolia,Suribio,2,16.0,Alta,Casco de vaca (Bauhinia picta) | Carbonero flor roja (Calliandra haematocephala),Morales y Varón (2013); AMVA y UNAL (2014)
18,Laureles Estadio,99,0.0,AsocioEP,ZVRecreacional,Grama,588.42,0.0588,Zygia longifolia,Suribio,2,16.0,Alta,Casco de vaca (Bauhinia picta) | Guamo machete (Inga densiflora),Morales y Varón (2013); AMVA y UNAL (2014)
219,Laureles Estadio,99,0.0,AsocioEP,ParqueRec,Grama,591.29,0.0591,Zygia longifolia,Suribio,2,16.0,Alta,Casco de vaca (Bauhinia picta) | Guamo machete (Inga densiflora),Morales y Varón (2013); AMVA y UNAL (2014)
220,Laureles Estadio,99,0.0,AsocioEP,ParqueRec,Grama,650.43,0.065,Zygia longifolia,Suribio,2,16.0,Alta,Casco de vaca (Bauhinia picta) | Guamo machete (Inga densiflora),Morales y Varón (2013); AMVA y UNAL (2014)
222,Laureles Estadio,99,0.0,AsocioEP,ParqueRec,Grama,586.55,0.0587,Zygia longifolia,Suribio,2,16.0,Alta,Casco de vaca (Bauhinia picta) | Guamo machete (Inga densiflora),Morales y Varón (2013); AMVA y UNAL (2014)
67,Laureles Estadio,99,0.0,AsocioMovilidad,Separador,Grama,657.53,0.0658,Zygia longifolia,Suribio,2,16.0,Alta,Casco de vaca (Bauhinia picta) | Carbonero flor roja (Calliandra haematocephala),Morales y Varón (2013); AMVA y UNAL (2014)
68,Laureles Estadio,99,0.0,AsocioMovilidad,Separador,Grama,522.66,0.0523,Zygia longifolia,Suribio,2,16.0,Alta,Casco de vaca (Bauhinia picta) | Carbonero flor roja (Calliandra haematocephala),Morales y Varón (2013); AMVA y UNAL (2014)
69,Laureles Estadio,99,0.0,AsocioMovilidad,Separador,Grama,593.28,0.0593,Zygia longifolia,Suribio,2,16.0,Alta,Casco de vaca (Bauhinia picta) | Carbonero flor roja (Calliandra haematocephala),Morales y Varón (2013); AMVA y UNAL (2014)
88,Laureles Estadio,99,0.0,AsocioEP,ParqueRec,Tierra,547.43,0.0547,Zygia longifolia,Suribio,2,16.0,Alta,Casco de vaca (Bauhinia picta) | Guamo machete (Inga densiflora),Morales y Varón (2013); AMVA y UNAL (2014)
1704,Laureles Estadio,99,0.0,AsocioMovilidad,Antejardin,Grama,169.55,0.017,Calliandra haematocephala,Carbonero flor roja,2,8.5,Media,Ninguna,Morales y Varón (2013); AMVA y UNAL (2014)
1408,Laureles Estadio,99,0.0,AsocioEP,ZVRecreacional,Grama,523.81,0.0524,Zygia longifolia,Suribio,2,16.0,Alta,Casco de vaca (Bauhinia picta) | Guamo machete (Inga densiflora),Morales y Varón (2013); AMVA y UNAL (2014)
1536,Laureles Estadio,99,0.0,AsocioEP,ParqueRec,Grama,665.25,0.0665,Zygia longifolia,Suribio,2,16.0,Alta,Casco de vaca (Bauhinia picta) | Guamo machete (Inga densiflora),Morales y Varón (2013); AMVA y UNAL (2014)
1537,Laureles Estadio,99,0.0,AsocioEP,ParqueRec,Grama,553.29,0.0553,Zygia longifolia,Suribio,2,16.0,Alta,Casco de vaca (Bauhinia picta) | Guamo machete (Inga densiflora),Morales y Varón (2013); AMVA y UNAL (2014)
1865,Laureles Estadio,99,0.0,AsocioEP,ZVRecreacional,Grama,724.9,0.0725,Zygia longifolia,Suribio,2,16.0,Alta,Casco de vaca (Bauhinia picta) | Guamo machete (Inga densiflora),Morales y Varón (2013); AMVA y UNAL (2014)
4482,Laureles Estadio,99,0.0,AsocioMovilidad,Separador,Grama,718.13,0.0718,Zygia longifolia,Suribio,2,16.0,Alta,Casco de vaca (Bauhinia picta) | Carbonero flor roja (Calliandra haematocephala),Morales y Varón (2013); AMVA y UNAL (2014)
4491,Laureles Estadio,99,0.0,AsocioUrbanistico,RetiroQuebradas,Grama,662.58,0.0663,Zygia longifolia,Suribio,2,16.0,Alta,Casco de vaca (Bauhinia picta) | Guamo machete (Inga densiflora),Morales y Varón (2013); AMVA y UNAL (2014)
4525,Laureles Estadio,99,0.0,AsocioMovilidad,Antejardin,Grama,156.35,0.0156,Calliandra haematocephala,Carbonero flor roja,2,8.5,Media,Ninguna,Morales y Varón (2013); AMVA y UNAL (2014)
6094,Laureles Estadio,99,0.0,AsocioEP,ParqueRec,Grama,678.52,0.0679,Zygia longifolia,Suribio,2,16.0,Alta,Casco de vaca (Bauhinia picta) | Guamo machete (Inga densiflora),Morales y Varón (2013); AMVA y UNAL (2014)
6957,Laureles Estadio,99,0.0,AsocioMovilidad,Separador,Grama,624.66,0.0625,Zygia longifolia,Suribio,2,16.0,Alta,Casco de vaca (Bauhinia picta) | Carbonero flor roja (Calliandra haematocephala),Morales y Varón (2013); AMVA y UNAL (2014)
11816,Laureles Estadio,99,0.0,AsocioMovilidad,Antejardin,Grama,153.2,0.0153,Calliandra haematocephala,Carbonero flor roja,2,8.5,Media,Ninguna,Morales y Varón (2013); AMVA y UNAL (2014)
10302,Laureles Estadio,99,0.0,AsocioMovilidad,Antejardin,Grama,164.74,0.0165,Calliandra haematocephala,Carbonero flor roja,2,8.5,Media,Ninguna,Morales y Varón (2013); AMVA y UNAL (2014)
12470,Laureles Estadio,99,0.0,AsocioMovilidad,Antejardin,Grama,206.04,0.0206,Calliandra haematocephala,Carbonero flor roja,2,8.5,Media,Ninguna,Morales y Varón (2013); AMVA y UNAL (2014)
21839,Buenos Aires,99,0.0,AsocioMovilidad,Antejardin,Grama,174.62,0.0175,Calliandra haematocephala,Carbonero flor roja,2,8.5,Media,Ninguna,Morales y Varón (2013); AMVA y UNAL (2014)
21886,Buenos Aires,99,0.0,AsocioEP,ParqueRec,Grama,619.6,0.062,Zygia longifolia,Suribio,2,16.0,Alta,Casco de vaca (Bauhinia picta) | Guamo machete (Inga densiflora),Morales y Varón (2013); AMVA y UNAL (2014)
21267,Buenos Aires,99,0.0,AsocioMovilidad,Antejardin,Grama,212.07,0.0212,Calliandra haematocephala,Carbonero flor roja,2,8.5,Media,Ninguna,Morales y Varón (2013); AMVA y UNAL (2014)
19147,Buenos Aires,99,0.0,AsocioEP,ParqueRec,Grama,762.98,0.0763,Zygia longifolia,Suribio,2,16.0,Alta,Casco de vaca (Bauhinia picta) | Guamo machete (Inga densiflora),Morales y Varón (2013); AMVA y UNAL (2014)
41733,Laureles Estadio,99,0.0,AsocioEP,ParqueRec,Grama,575.36,0.0575,Zygia longifolia,Suribio,2,16.0,Alta,Casco de vaca (Bauhinia picta) | Guamo machete (Inga densiflora),Morales y Varón (2013); AMVA y UNAL (2014)
25459,Aranjuez,99,0.0,AsocioEP,ParqueRec,Grama,621.3,0.0621,Zygia longifolia,Suribio,2,16.0,Alta,Casco de vaca (Bauhinia picta) | Guamo machete (Inga densiflora),Morales y Varón (2013); AMVA y UNAL (2014)
27613,Aranjuez,99,0.0,AsocioEP,ParqueRec,Grama,627.8,0.0628,Zygia longifolia,Suribio,2,16.0,Alta,Casco de vaca (Bauhinia picta) | Guamo machete (Inga densiflora),Morales y Varón (2013); AMVA y UNAL (2014)
24944,Laureles Estadio,99,0.0,AsocioEP,ZVRecreacional,Grama,310.37,0.031,Zygia longifolia,Suribio,1,16.0,Alta,Casco de vaca (Bauhinia picta) | Guamo machete (Inga densiflora),Morales y Varón (2013); AMVA y UNAL (2014)
24957,Aranjuez,99,0.0,AsocioMovilidad,FranjaAmoblamiento,Grama,358.14,0.0358,Zygia longifolia,Suribio,1,16.0,Alta,Casco de vaca (Bauhinia picta) | Carbonero flor roja (Calliandra haematocephala),Morales y Varón (2013); AMVA y UNAL (2014)
28123,Laureles Estadio,99,0.0,AsocioEP,ZVRecreacional,Grama,381.47,0.0381,Zygia longifolia,Suribio,1,16.0,Alta,Casco de vaca (Bauhinia picta) | Guamo machete (Inga densiflora),Morales y Varón (2013); AMVA y UNAL (2014)
49027,Laureles Estadio,99,0.0,AsocioMovilidad,Antejardin,Grama,119.03,0.0119,Calliandra haematocephala,Carbonero flor roja,1,8.5,Media,Ninguna,Morales y Varón (2013); AMVA y UNAL (2014)
25550,Aranjuez,99,0.0,AsocioEP,ZVRecreacional,Grama,453.46,0.0453,Zygia longifolia,Suribio,1,16.0,Alta,Casco de vaca (Bauhinia picta) | Guamo machete (Inga densiflora),Morales y Varón (2013); AMVA y UNAL (2014)
25556,Aranjuez,99,0.0,AsocioMovilidad,Separador,Grama,370.47,0.037,Zygia longifolia,Suribio,1,16.0,Alta,Casco de vaca (Bauhinia picta) | Carbonero flor roja (Calliandra haematocephala),Morales y Varón (2013); AMVA y UNAL (2014)
25559,Aranjuez,99,0.0,AsocioEP,ParqueRec,Grama,326.68,0.0327,Zygia longifolia,Suribio,1,16.0,Alta,Casco de vaca (Bauhinia picta) | Guamo machete (Inga densiflora),Morales y Varón (2013); AMVA y UNAL (2014)
28654,Laureles Estadio,99,0.0,AsocioMovilidad,Antejardin,Grama,138.14,0.0138,Calliandra haematocephala,Carbonero flor roja,1,8.5,Media,Ninguna,Morales y Varón (2013); AMVA y UNAL (2014)
28655,Laureles Estadio,99,0.0,AsocioMovilidad,Antejardin,Grama,88.95,0.0089,Calliandra haematocephala,Carbonero flor roja,1,8.5,Media,Ninguna,Morales y Varón (2013); AMVA y UNAL (2014)
28650,Laureles Estadio,99,0.0,AsocioMovilidad,Antejardin,Grama,85.19,0.0085,Calliandra haematocephala,Carbonero flor roja,1,8.5,Media,Ninguna,Morales y Varón (2013); AMVA y UNAL (2014)
26164,Laureles Estadio,99,0.0,AsocioEP,ZVRecreacional,Grama,352.08,0.0352,Zygia longifolia,Suribio,1,16.0,Alta,Casco de vaca (Bauhinia picta) | Guamo machete (Inga densiflora),Morales y Varón (2013); AMVA y UNAL (2014)
25840,Aranjuez,99,0.0,AsocioMovilidad,FranjaAmoblamiento,Grama,316.17,0.0316,Zygia longifolia,Suribio,1,16.0,Alta,Casco de vaca (Bauhinia picta) | Carbonero flor roja (Calliandra haematocephala),Morales y Varón (2013); AMVA y UNAL (2014)
26402,Aranjuez,99,0.0,AsocioEP,ParqueRec,Grama,352.6,0.0353,Zygia longifolia,Suribio,1,16.0,Alta,Casco de vaca (Bauhinia picta) | Guamo machete (Inga densiflora),Morales y Varón (2013); AMVA y UNAL (2014)
26086,Aranjuez,99,0.0,AsocioEP,ParqueRec,Grama,495.82,0.0496,Zygia longifolia,Suribio,1,16.0,Alta,Casco de vaca (Bauhinia picta) | Guamo machete (Inga densiflora),Morales y Varón (2013); AMVA y UNAL (2014)
26159,Laureles Estadio,99,0.0,AsocioMovilidad,Antejardin,Grama,92.54,0.0093,Calliandra haematocephala,Carbonero flor roja,1,8.5,Media,Ninguna,Morales y Varón (2013); AMVA y UNAL (2014)
26286,Aranjuez,99,0.0,AsocioMovilidad,Separador,Grama,391.68,0.0392,Zygia longifolia,Suribio,1,16.0,Alta,Casco de vaca (Bauhinia picta) | Carbonero flor roja (Calliandra haematocephala),Morales y Varón (2013); AMVA y UNAL (2014)
26390,Aranjuez,99,0.0,AsocioEP,ParqueRec,Grama,478.04,0.0478,Zygia longifolia,Suribio,1,16.0,Alta,Casco de vaca (Bauhinia picta) | Guamo machete (Inga densiflora),Morales y Varón (2013); AMVA y UNAL (2014)
28286,Laureles Estadio,99,0.0,AsocioMovilidad,FranjaAmoblamiento,Grama,263.22,0.0263,Zygia longifolia,Suribio,1,16.0,Alta,Casco de vaca (Bauhinia picta) | Carbonero flor roja (Calliandra haematocephala),Morales y Varón (2013); AMVA y UNAL (2014)
27045,Aranjuez,99,0.0,AsocioMovilidad,FajasTaludes,Grama,304.48,0.0304,Inga densiflora,Guamo machete,1,15.0,Alta,Ninguna,Catálogo UNAL; GBIF; POWO (Kew)
27614,Aranjuez,99,0.0,AsocioEP,ParqueRec,Grama,501.78,0.0502,Zygia longifolia,Suribio,1,16.0,Alta,Casco de vaca (Bauhinia picta) | Guamo machete (Inga densiflora),Morales y Varón (2013); AMVA y UNAL (2014)
27340,Aranjuez,99,0.0,AsocioMovilidad,FajasTaludes,Grama,300.64,0.0301,Inga densiflora,Guamo machete,1,15.0,Alta,Ninguna,Catálogo UNAL; GBIF; POWO (Kew)
27359,Aranjuez,99,0.0,AsocioMovilidad,Antejardin,Grama,126.92,0.0127,Calliandra haematocephala,Carbonero flor roja,1,8.5,Media,Ninguna,Morales y Varón (2013); AMVA y UNAL (2014)
30201,Laureles Estadio,99,0.0,AsocioMovilidad,FranjaAmoblamiento,Tierra,264.96,0.0265,Zygia longifolia,Suribio,1,16.0,Alta,Casco de vaca (Bauhinia picta) | Carbonero flor roja (Calliandra haematocephala),Morales y Varón (2013); AMVA y UNAL (2014)
27725,Aranjuez,99,0.0,AsocioEP,ParqueRec,Tierra,415.1,0.0415,Zygia longifolia,Suribio,1,16.0,Alta,Casco de vaca (Bauhinia picta) | Guamo machete (Inga densiflora),Morales y Varón (2013); AMVA y UNAL (2014)
27732,Aranjuez,99,0.0,AsocioMovilidad,FajasTaludes,Grama,265.63,0.0266,Inga densiflora,Guamo machete,1,15.0,Alta,Ninguna,Catálogo UNAL; GBIF; POWO (Kew)
27917,Laureles Estadio,99,0.0,AsocioMovilidad,Antejardin,Grama,82.99,0.0083,Calliandra haematocephala,Carbonero flor roja,1,8.5,Media,Ninguna,Morales y Varón (2013); AMVA y UNAL (2014)
28137,Laureles Estadio,99,0.0,AsocioMovilidad,FranjaAmoblamiento,Grama,264.66,0.0265,Zygia longifolia,Suribio,1,16.0,Alta,Casco de vaca (Bauhinia picta) | Carbonero flor roja (Calliandra haematocephala),Morales y Varón (2013); AMVA y UNAL (2014)
28314,Laureles Estadio,99,0.0,AsocioEP,ZVRecreacional,Grama,269.46,0.0269,Zygia longifolia,Suribio,1,16.0,Alta,Casco de vaca (Bauhinia picta) | Guamo machete (Inga densiflora),Morales y Varón (2013); AMVA y UNAL (2014)
28706,Laureles Estadio,99,0.0,AsocioMovilidad,Antejardin,Grama,73.77,0.0074,Calliandra haematocephala,Carbonero flor roja,1,8.5,Media,Ninguna,Morales y Varón (2013); AMVA y UNAL (2014)
28667,Laureles Estadio,99,0.0,AsocioEP,ParqueRec,Grama,331.74,0.0332,Zygia longifolia,Suribio,1,16.0,Alta,Casco de vaca (Bauhinia picta) | Guamo machete (Inga densiflora),Morales y Varón (2013); AMVA y UNAL (2014)
29115,Laureles Estadio,99,0.0,AsocioMovilidad,FranjaAmoblamiento,Grama,318.51,0.0319,Zygia longifolia,Suribio,1,16.0,Alta,Casco de vaca (Bauhinia picta) | Carbonero flor roja (Calliandra haematocephala),Morales y Varón (2013); AMVA y UNAL (2014)
29637,Laureles Estadio,99,0.0,AsocioMovilidad,Antejardin,Grama,79.52,0.008,Calliandra haematocephala,Carbonero flor roja,1,8.5,Media,Ninguna,Morales y Varón (2013); AMVA y UNAL (2014)
29647,Laureles Estadio,99,0.0,AsocioMovilidad,Antejardin,Grama,89.31,0.0089,Calliandra haematocephala,Carbonero flor roja,1,8.5,Media,Ninguna,Morales y Varón (2013); AMVA y UNAL (2014)
30198,Laureles Estadio,99,0.0,AsocioEP,ParqueRec,Grama,470.62,0.0471,Zygia longifolia,Suribio,1,16.0,Alta,Casco de vaca (Bauhinia picta) | Guamo machete (Inga densiflora),Morales y Varón (2013); AMVA y UNAL (2014)
29800,Laureles Estadio,99,0.0,AsocioMovilidad,Antejardin,Grama,81.88,0.0082,Calliandra haematocephala,Carbonero flor roja,1,8.5,Media,Ninguna,Morales y Varón (2013); AMVA y UNAL (2014)
32466,Laureles Estadio,99,0.0,AsocioMovilidad,Antejardin,Grama,123.18,0.0123,Calliandra haematocephala,Carbonero flor roja,1,8.5,Media,Ninguna,Morales y Varón (2013); AMVA y UNAL (2014)
32473,Laureles Estadio,99,0.0,AsocioMovilidad,FranjaAmoblamiento,Grama,266.74,0.0267,Zygia longifolia,Suribio,1,16.0,Alta,Casco de vaca (Bauhinia picta) | Carbonero flor roja (Calliandra haematocephala),Morales y Varón (2013); AMVA y UNAL (2014)
30168,Laureles Estadio,99,0.0,AsocioEP,ParqueRec,Grama,294.95,0.0295,Zygia longifolia,Suribio,1,16.0,Alta,Casco de vaca (Bauhinia picta) | Guamo machete (Inga densiflora),Morales y Varón (2013); AMVA y UNAL (2014)
30169,Laureles Estadio,99,0.0,AsocioEP,ParqueRec,Grama,468.77,0.0469,Zygia longifolia,Suribio,1,16.0,Alta,Casco de vaca (Bauhinia picta) | Guamo machete (Inga densiflora),Morales y Varón (2013); AMVA y UNAL (2014)
30172,Laureles Estadio,99,0.0,AsocioEP,ParqueRec,Grama,429.75,0.043,Zygia longifolia,Suribio,1,16.0,Alta,Casco de vaca (Bauhinia picta) | Guamo machete (Inga densiflora),Morales y Varón (2013); AMVA y UNAL (2014)
30174,Laureles Estadio,99,0.0,AsocioEP,ParqueRec,Grama,304.72,0.0305,Zygia longifolia,Suribio,1,16.0,Alta,Casco de vaca (Bauhinia picta) | Guamo machete (Inga densiflora),Morales y Varón (2013); AMVA y UNAL (2014)
33528,Laureles Estadio,99,0.0,AsocioMovilidad,Antejardin,Grama,115.6,0.0116,Calliandra haematocephala,Carbonero flor roja,1,8.5,Media,Ninguna,Morales y Varón (2013); AMVA y UNAL (2014)
30549,Aranjuez,99,0.0,AsocioMovilidad,Separador,Grama,362.1,0.0362,Zygia longifolia,Suribio,1,16.0,Alta,Casco de vaca (Bauhinia picta) | Carbonero flor roja (Calliandra haematocephala),Morales y Varón (2013); AMVA y UNAL (2014)
30285,Aranjuez,99,0.0,AsocioMovilidad,FranjaAmoblamiento,Grama,352.81,0.0353,Zygia longifolia,Suribio,1,16.0,Alta,Casco de vaca (Bauhinia picta) | Carbonero flor roja (Calliandra haematocephala),Morales y Varón (2013); AMVA y UNAL (2014)
30578,Aranjuez,99,0.0,AsocioMovilidad,Separador,Grama,409.06,0.0409,Zygia longifolia,Suribio,1,16.0,Alta,Casco de vaca (Bauhinia picta) | Carbonero flor roja (Calliandra haematocephala),Morales y Varón (2013); AMVA y UNAL (2014)
31653,Laureles Estadio,99,0.0,AsocioEP,ZVRecreacional,Grama,284.67,0.0285,Zygia longifolia,Suribio,1,16.0,Alta,Casco de vaca (Bauhinia picta) | Guamo machete (Inga densiflora),Morales y Varón (2013); AMVA y UNAL (2014)
33349,Laureles Estadio,99,0.0,AsocioEP,ZVRecreacional,Grama,304.46,0.0304,Zygia longifolia,Suribio,1,16.0,Alta,Casco de vaca (Bauhinia picta) | Guamo machete (Inga densiflora),Morales y Varón (2013); AMVA y UNAL (2014)
32462,Laureles Estadio,99,0.0,AsocioMovilidad,FranjaAmoblamiento,Grama,336.53,0.0337,Zygia longifolia,Suribio,1,16.0,Alta,Casco de vaca (Bauhinia picta) | Carbonero flor roja (Calliandra haematocephala),Morales y Varón (2013); AMVA y UNAL (2014)
34737,Laureles Estadio,99,0.0,AsocioEP,ParqueRec,Grama,256.18,0.0256,Zygia longifolia,Suribio,1,16.0,Alta,Casco de vaca (Bauhinia picta) | Guamo machete (Inga densiflora),Morales y Varón (2013); AMVA y UNAL (2014)
34046,Laureles Estadio,99,0.0,AsocioMovilidad,Separador,Grama,320.77,0.0321,Zygia longifolia,Suribio,1,16.0,Alta,Casco de vaca (Bauhinia picta) | Carbonero flor roja (Calliandra haematocephala),Morales y Varón (2013); AMVA y UNAL (2014)
33549,Laureles Estadio,99,0.0,AsocioMovilidad,Antejardin,Grama,143.65,0.0144,Calliandra haematocephala,Carbonero flor roja,1,8.5,Media,Ninguna,Morales y Varón (2013); AMVA y UNAL (2014)
33197,Laureles Estadio,99,0.0,AsocioMovilidad,FranjaAmoblamiento,Grama,343.59,0.0344,Zygia longifolia,Suribio,1,16.0,Alta,Casco de vaca (Bauhinia picta) | Carbonero flor roja (Calliandra haematocephala),Morales y Varón (2013); AMVA y UNAL (2014)
33198,Laureles Estadio,99,0.0,AsocioEP,ZVRecreacional,Grama,276.65,0.0277,Zygia longifolia,Suribio,1,16.0,Alta,Casco de vaca (Bauhinia picta) | Guamo machete (Inga densiflora),Morales y Varón (2013); AMVA y UNAL (2014)
33563,Laureles Estadio,99,0.0,AsocioMovilidad,Antejardin,Grama,79.09,0.0079,Calliandra haematocephala,Carbonero flor roja,1,8.5,Media,Ninguna,Morales y Varón (2013); AMVA y UNAL (2014)
33566,Laureles Estadio,99,0.0,AsocioMovilidad,Antejardin,Grama,94.27,0.0094,Calliandra haematocephala,Carbonero flor roja,1,8.5,Media,Ninguna,Morales y Varón (2013); AMVA y UNAL (2014)
33569,Laureles Estadio,99,0.0,AsocioMovilidad,Antejardin,Grama,78.73,0.0079,Calliandra haematocephala,Carbonero flor roja,1,8.5,Media,Ninguna,Morales y Varón (2013); AMVA y UNAL (2014)
34561,Laureles Estadio,99,0.0,AsocioMovilidad,Antejardin,Grama,73.74,0.0074,Calliandra haematocephala,Carbonero flor roja,1,8.5,Media,Ninguna,Morales y Varón (2013); AMVA y UNAL (2014)
34964,Laureles Estadio,99,0.0,AsocioMovilidad,Antejardin,Grama,131.76,0.0132,Calliandra haematocephala,Carbonero flor roja,1,8.5,Media,Ninguna,Morales y Varón (2013); AMVA y UNAL (2014)
34969,Laureles Estadio,99,0.0,AsocioMovilidad,Antejardin,Grama,139.85,0.014,Calliandra haematocephala,Carbonero flor roja,1,8.5,Media,Ninguna,Morales y Varón (2013); AMVA y UNAL (2014)
35013,Laureles Estadio,99,0.0,AsocioMovilidad,Antejardin,Grama,138.79,0.0139,Calliandra haematocephala,Carbonero flor roja,1,8.5,Media,Ninguna,Morales y Varón (2013); AMVA y UNAL (2014)
35015,Laureles Estadio,99,0.0,AsocioMovilidad,Antejardin,Grama,131.44,0.0131,Calliandra haematocephala,Carbonero flor roja,1,8.5,Media,Ninguna,Morales y Varón (2013); AMVA y UNAL (2014)
34176,Laureles Estadio,99,0.0,AsocioMovilidad,Antejardin,Grama,98.19,0.0098,Calliandra haematocephala,Carbonero flor roja,1,8.5,Media,Ninguna,Morales y Varón (2013); AMVA y UNAL (2014)
34923,Laureles Estadio,99,0.0,AsocioMovilidad,Antejardin,Grama,119.41,0.0119,Calliandra haematocephala,Carbonero flor roja,1,8.5,Media,Ninguna,Morales y Varón (2013); AMVA y UNAL (2014)
35025,Laureles Estadio,99,0.0,AsocioMovilidad,Antejardin,Grama,79.14,0.0079,Calliandra haematocephala,Carbonero flor roja,1,8.5,Media,Ninguna,Morales y Varón (2013); AMVA y UNAL (2014)
33790,Laureles Estadio,99,0.0,AsocioMovilidad,FranjaAmoblamiento,Grama,261.1,0.0261,Zygia longifolia,Suribio,1,16.0,Alta,Casco de vaca (Bauhinia picta) | Carbonero flor roja (Calliandra haematocephala),Morales y Varón (2013); AMVA y UNAL (2014)
33858,Laureles Estadio,99,0.0,AsocioMovilidad,Separador,Grama,434.54,0.0435,Zygia longifolia,Suribio,1,16.0,Alta,Casco de vaca (Bauhinia picta) | Carbonero flor roja (Calliandra haematocephala),Morales y Varón (2013); AMVA y UNAL (2014)
33860,Laureles Estadio,99,0.0,AsocioMovilidad,FranjaAmoblamiento,Grama,258.71,0.0259,Zygia longifolia,Suribio,1,16.0,Alta,Casco de vaca (Bauhinia picta) | Carbonero flor roja (Calliandra haematocephala),Morales y Varón (2013); AMVA y UNAL (2014)
33965,Laureles Estadio,99,0.0,AsocioEP,ZVRecreacional,Grama,412.23,0.0412,Zygia longifolia,Suribio,1,16.0,Alta,Casco de vaca (Bauhinia picta) | Guamo machete (Inga densiflora),Morales y Varón (2013); AMVA y UNAL (2014)
34104,Laureles Estadio,99,0.0,AsocioEP,ZVRecreacional,Grama,288.09,0.0288,Zygia longifolia,Suribio,1,16.0,Alta,Casco de vaca (Bauhinia picta) | Guamo machete (Inga densiflora),Morales y Varón (2013); AMVA y UNAL (2014)
34141,Laureles Estadio,99,0.0,AsocioEP,ZVRecreacional,Grama,310.05,0.031,Zygia longifolia,Suribio,1,16.0,Alta,Casco de vaca (Bauhinia picta) | Guamo machete (Inga densiflora),Morales y Varón (2013); AMVA y UNAL (2014)
34142,Laureles Estadio,99,0.0,AsocioMovilidad,FranjaAmoblamiento,Tierra,264.12,0.0264,Zygia longifolia,Suribio,1,16.0,Alta,Casco de vaca (Bauhinia picta) | Carbonero flor roja (Calliandra haematocephala),Morales y Varón (2013); AMVA y UNAL (2014)
34636,Laureles Estadio,99,0.0,AsocioMovilidad,Separador,Grama,343.28,0.0343,Zygia longifolia,Suribio,1,16.0,Alta,Casco de vaca (Bauhinia picta) | Carbonero flor roja (Calliandra haematocephala),Morales y Varón (2013); AMVA y UNAL (2014)
34928,Laureles Estadio,99,0.0,AsocioMovilidad,Antejardin,Grama,75.24,0.0075,Calliandra haematocephala,Carbonero flor roja,1,8.5,Media,Ninguna,Morales y Varón (2013); AMVA y UNAL (2014)
35029,Laureles Estadio,99,0.0,AsocioMovilidad,Antejardin,Grama,104.6,0.0105,Calliandra haematocephala,Carbonero flor roja,1,8.5,Media,Ninguna,Morales y Varón (2013); AMVA y UNAL (2014)
34814,Laureles Estadio,99,0.0,AsocioMovilidad,Antejardin,Grama,120.85,0.0121,Calliandra haematocephala,Carbonero flor roja,1,8.5,Media,Ninguna,Morales y Varón (2013); AMVA y UNAL (2014)
34825,Laureles Estadio,99,0.0,AsocioMovilidad,Separador,Grama,369.19,0.0369,Zygia longifolia,Suribio,1,16.0,Alta,Casco de vaca (Bauhinia picta) | Carbonero flor roja (Calliandra haematocephala),Morales y Varón (2013); AMVA y UNAL (2014)
34841,Laureles Estadio,99,0.0,AsocioMovilidad,Antejardin,Grama,120.85,0.0121,Calliandra haematocephala,Carbonero flor roja,1,8.5,Media,Ninguna,Morales y Varón (2013); AMVA y UNAL (2014)
34857,Laureles Estadio,99,0.0,AsocioMovilidad,Antejardin,Grama,85.96,0.0086,Calliandra haematocephala,Carbonero flor roja,1,8.5,Media,Ninguna,Morales y Varón (2013); AMVA y UNAL (2014)
34858,Laureles Estadio,99,0.0,AsocioMovilidad,Antejardin,Grama,76.28,0.0076,Calliandra haematocephala,Carbonero flor roja,1,8.5,Media,Ninguna,Morales y Varón (2013); AMVA y UNAL (2014)
34954,Laureles Estadio,99,0.0,AsocioEP,ParqueRec,Grama,508.05,0.0508,Zygia longifolia,Suribio,1,16.0,Alta,Casco de vaca (Bauhinia picta) | Guamo machete (Inga densiflora),Morales y Varón (2013); AMVA y UNAL (2014)
34975,Laureles Estadio,99,0.0,AsocioEP,ParqueCiv,Grama,288.08,0.0288,Zygia longifolia,Suribio,1,16.0,Alta,Casco de vaca (Bauhinia picta) | Carbonero flor roja (Calliandra haematocephala),Morales y Varón (2013); AMVA y UNAL (2014)
35753,Laureles Estadio,99,0.0,AsocioMovilidad,Antejardin,Grama,95.84,0.0096,Calliandra haematocephala,Carbonero flor roja,1,8.5,Media,Ninguna,Morales y Varón (2013); AMVA y UNAL (2014)
35755,Laureles Estadio,99,0.0,AsocioMovilidad,Antejardin,Grama,82.83,0.0083,Calliandra haematocephala,Carbonero flor roja,1,8.5,Media,Ninguna,Morales y Varón (2013); AMVA y UNAL (2014)
35779,Laureles Estadio,99,0.0,AsocioEP,ZVRecreacional,Grama,438.31,0.0438,Zygia longifolia,Suribio,1,16.0,Alta,Casco de vaca (Bauhinia picta) | Guamo machete (Inga densiflora),Morales y Varón (2013); AMVA y UNAL (2014)
35968,Laureles Estadio,99,0.0,AsocioMovilidad,Antejardin,Grama,91.36,0.0091,Calliandra haematocephala,Carbonero flor roja,1,8.5,Media,Ninguna,Morales y Varón (2013); AMVA y UNAL (2014)
38294,San Javier,99,0.0,AsocioEP,EcoparqueQuebrada,Grama,285.04,0.0285,Zygia longifolia,Suribio,1,16.0,Alta,Casco de vaca (Bauhinia picta) | Guamo machete (Inga densiflora),Morales y Varón (2013); AMVA y UNAL (2014)
38295,San Javier,99,0.0,AsocioEP,EcoparqueQuebrada,Grama,270.46,0.027,Zygia longifolia,Suribio,1,16.0,Alta,Casco de vaca (Bauhinia picta) | Guamo machete (Inga densiflora),Morales y Varón (2013); AMVA y UNAL (2014)
38301,San Javier,99,0.0,AsocioEP,EcoparqueQuebrada,Grama,396.49,0.0396,Zygia longifolia,Suribio,1,16.0,Alta,Casco de vaca (Bauhinia picta) | Guamo machete (Inga densiflora),Morales y Varón (2013); AMVA y UNAL (2014)
39579,Laureles Estadio,99,0.0,AsocioEP,ParqueRec,Grama,397.57,0.0398,Zygia longifolia,Suribio,1,16.0,Alta,Casco de vaca (Bauhinia picta) | Guamo machete (Inga densiflora),Morales y Varón (2013); AMVA y UNAL (2014)
38636,Laureles Estadio,99,0.0,AsocioEP,ZVRecreacional,Grama,320.65,0.0321,Zygia longifolia,Suribio,1,16.0,Alta,Casco de vaca (Bauhinia picta) | Guamo machete (Inga densiflora),Morales y Varón (2013); AMVA y UNAL (2014)
36741,Laureles Estadio,99,0.0,AsocioEP,ZVRecreacional,Grama,427.25,0.0427,Zygia longifolia,Suribio,1,16.0,Alta,Casco de vaca (Bauhinia picta) | Guamo machete (Inga densiflora),Morales y Varón (2013); AMVA y UNAL (2014)
39714,San Javier,99,0.0,AsocioMovilidad,Antejardin,Grama,95.9,0.0096,Calliandra haematocephala,Carbonero flor roja,1,8.5,Media,Ninguna,Morales y Varón (2013); AMVA y UNAL (2014)
39718,San Javier,99,0.0,AsocioMovilidad,FranjaAmoblamiento,Grama,296.67,0.0297,Zygia longifolia,Suribio,1,16.0,Alta,Casco de vaca (Bauhinia picta) | Carbonero flor roja (Calliandra haematocephala),Morales y Varón (2013); AMVA y UNAL (2014)
37822,Laureles Estadio,99,0.0,AsocioMovilidad,Antejardin,Grama,133.47,0.0133,Calliandra haematocephala,Carbonero flor roja,1,8.5,Media,Ninguna,Morales y Varón (2013); AMVA y UNAL (2014)
37830,Laureles Estadio,99,0.0,AsocioMovilidad,Antejardin,Grama,124.89,0.0125,Calliandra haematocephala,Carbonero flor roja,1,8.5,Media,Ninguna,Morales y Varón (2013); AMVA y UNAL (2014)
36740,Laureles Estadio,99,0.0,AsocioMovilidad,FranjaAmoblamiento,Grama,277.7,0.0278,Zygia longifolia,Suribio,1,16.0,Alta,Casco de vaca (Bauhinia picta) | Carbonero flor roja (Calliandra haematocephala),Morales y Varón (2013); AMVA y UNAL (2014)
37217,San Javier,99,0.0,AsocioMovilidad,Antejardin,Grama,78.72,0.0079,Calliandra haematocephala,Carbonero flor roja,1,8.5,Media,Ninguna,Morales y Varón (2013); AMVA y UNAL (2014)
37269,San Javier,99,0.0,AsocioMovilidad,Antejardin,Grama,135.78,0.0136,Calliandra haematocephala,Carbonero flor roja,1,8.5,Media,Ninguna,Morales y Varón (2013); AMVA y UNAL (2014)
37322,Laureles Estadio,99,0.0,AsocioEP,ZVRecreacional,Grama,418.32,0.0418,Zygia longifolia,Suribio,1,16.0,Alta,Casco de vaca (Bauhinia picta) | Guamo machete (Inga densiflora),Morales y Varón (2013); AMVA y UNAL (2014)
38068,San Javier,99,0.0,AsocioEP,EcoparqueQuebrada,Grama,329.28,0.0329,Zygia longifolia,Suribio,1,16.0,Alta,Casco de vaca (Bauhinia picta) | Guamo machete (Inga densiflora),Morales y Varón (2013); AMVA y UNAL (2014)
38570,Laureles Estadio,99,0.0,AsocioMovilidad,Antejardin,Grama,90.82,0.0091,Calliandra haematocephala,Carbonero flor roja,1,8.5,Media,Ninguna,Morales y Varón (2013); AMVA y UNAL (2014)
38567,Laureles Estadio,99,0.0,AsocioMovilidad,Antejardin,Grama,124.87,0.0125,Calliandra haematocephala,Carbonero flor roja,1,8.5,Media,Ninguna,Morales y Varón (2013); AMVA y UNAL (2014)
39236,Laureles Estadio,99,0.0,AsocioEP,ParqueRec,Grama,271.7,0.0272,Zygia longifolia,Suribio,1,16.0,Alta,Casco de vaca (Bauhinia picta) | Guamo machete (Inga densiflora),Morales y Varón (2013); AMVA y UNAL (2014)
41481,Laureles Estadio,99,0.0,AsocioMovilidad,FranjaAmoblamiento,Grama,324.58,0.0325,Zygia longifolia,Suribio,1,16.0,Alta,Casco de vaca (Bauhinia picta) | Carbonero flor roja (Calliandra haematocephala),Morales y Varón (2013); AMVA y UNAL (2014)
39650,San Javier,99,0.0,AsocioEP,ZVRecreacional,Grama,314.18,0.0314,Zygia longifolia,Suribio,1,16.0,Alta,Casco de vaca (Bauhinia picta) | Guamo machete (Inga densiflora),Morales y Varón (2013); AMVA y UNAL (2014)
39868,San Javier,99,0.0,AsocioMovilidad,Antejardin,Grama,111.88,0.0112,Calliandra haematocephala,Carbonero flor roja,1,8.5,Media,Ninguna,Morales y Varón (2013); AMVA y UNAL (2014)
41254,Laureles Estadio,99,0.0,AsocioEP,ParqueRec,Grama,299.85,0.03,Zygia longifolia,Suribio,1,16.0,Alta,Casco de vaca (Bauhinia picta) | Guamo machete (Inga densiflora),Morales y Varón (2013); AMVA y UNAL (2014)
41466,Laureles Estadio,99,0.0,AsocioMovilidad,Separador,Grama,378.92,0.0379,Zygia longifolia,Suribio,1,16.0,Alta,Casco de vaca (Bauhinia picta) | Carbonero flor roja (Calliandra haematocephala),Morales y Varón (2013); AMVA y UNAL (2014)
39764,San Javier,99,0.0,AsocioEP,ZVRecreacional,Grama,271.35,0.0271,Zygia longifolia,Suribio,1,16.0,Alta,Casco de vaca (Bauhinia picta) | Guamo machete (Inga densiflora),Morales y Varón (2013); AMVA y UNAL (2014)
39797,San Javier,99,0.0,AsocioMovilidad,FranjaAmoblamiento,Grama,343.16,0.0343,Zygia longifolia,Suribio,1,16.0,Alta,Casco de vaca (Bauhinia picta) | Carbonero flor roja (Calliandra haematocephala),Morales y Varón (2013); AMVA y UNAL (2014)
41474,Laureles Estadio,99,0.0,AsocioMovilidad,Antejardin,Grama,103.62,0.0104,Calliandra haematocephala,Carbonero flor roja,1,8.5,Media,Ninguna,Morales y Varón (2013); AMVA y UNAL (2014)
39995,Laureles Estadio,99,0.0,AsocioMovilidad,FranjaAmoblamiento,Grama,345.97,0.0346,Zygia longifolia,Suribio,1,16.0,Alta,Casco de vaca (Bauhinia picta) | Carbonero flor roja (Calliandra haematocephala),Morales y Varón (2013); AMVA y UNAL (2014)
41244,Laureles Estadio,99,0.0,AsocioEP,ParqueRec,Grama,349.95,0.035,Zygia longifolia,Suribio,1,16.0,Alta,Casco de vaca (Bauhinia picta) | Guamo machete (Inga densiflora),Morales y Varón (2013); AMVA y UNAL (2014)
41735,Laureles Estadio,99,0.0,AsocioEP,ParqueRec,Grama,296.53,0.0297,Zygia longifolia,Suribio,1,16.0,Alta,Casco de vaca (Bauhinia picta) | Guamo machete (Inga densiflora),Morales y Varón (2013); AMVA y UNAL (2014)
40181,Laureles Estadio,99,0.0,AsocioMovilidad,FranjaAmoblamiento,Tierra,277.59,0.0278,Zygia longifolia,Suribio,1,16.0,Alta,Casco de vaca (Bauhinia picta) | Carbonero flor roja (Calliandra haematocephala),Morales y Varón (2013); AMVA y UNAL (2014)
41127,Laureles Estadio,99,0.0,AsocioEP,ParqueRec,Grama,288.29,0.0288,Zygia longifolia,Suribio,1,16.0,Alta,Casco de vaca (Bauhinia picta) | Guamo machete (Inga densiflora),Morales y Varón (2013); AMVA y UNAL (2014)
39922,San Javier,99,0.0,AsocioEP,EcoparqueQuebrada,Grama,393.16,0.0393,Zygia longifolia,Suribio,1,16.0,Alta,Casco de vaca (Bauhinia picta) | Guamo machete (Inga densiflora),Morales y Varón (2013); AMVA y UNAL (2014)
39923,San Javier,99,0.0,AsocioEP,EcoparqueQuebrada,Grama,394.95,0.0395,Zygia longifolia,Suribio,1,16.0,Alta,Casco de vaca (Bauhinia picta) | Guamo machete (Inga densiflora),Morales y Varón (2013); AMVA y UNAL (2014)
40382,Laureles Estadio,99,0.0,AsocioEP,ParqueRec,Grama,320.89,0.0321,Zygia longifolia,Suribio,1,16.0,Alta,Casco de vaca (Bauhinia picta) | Guamo machete (Inga densiflora),Morales y Varón (2013); AMVA y UNAL (2014)
40551,Laureles Estadio,99,0.0,AsocioEP,ParqueRec,Grama,303.94,0.0304,Zygia longifolia,Suribio,1,16.0,Alta,Casco de vaca (Bauhinia picta) | Guamo machete (Inga densiflora),Morales y Varón (2013); AMVA y UNAL (2014)
40610,Laureles Estadio,99,0.0,AsocioEP,ParqueRec,Grama,298.54,0.0299,Zygia longifolia,Suribio,1,16.0,Alta,Casco de vaca (Bauhinia picta) | Guamo machete (Inga densiflora),Morales y Varón (2013); AMVA y UNAL (2014)
40809,Laureles Estadio,99,0.0,AsocioMovilidad,FranjaAmoblamiento,Grama,289.59,0.029,Zygia longifolia,Suribio,1,16.0,Alta,Casco de vaca (Bauhinia picta) | Carbonero flor roja (Calliandra haematocephala),Morales y Varón (2013); AMVA y UNAL (2014)
40832,Laureles Estadio,99,0.0,AsocioMovilidad,Antejardin,Grama,125.83,0.0126,Calliandra haematocephala,Carbonero flor roja,1,8.5,Media,Ninguna,Morales y Varón (2013); AMVA y UNAL (2014)
41057,Laureles Estadio,99,0.0,AsocioMovilidad,FranjaAmoblamiento,Grama,281.29,0.0281,Zygia longifolia,Suribio,1,16.0,Alta,Casco de vaca (Bauhinia picta) | Carbonero flor roja (Calliandra haematocephala),Morales y Varón (2013); AMVA y UNAL (2014)
41094,Laureles Estadio,99,0.0,AsocioEP,ParqueRec,Grama,293.53,0.0294,Zygia longifolia,Suribio,1,16.0,Alta,Casco de vaca (Bauhinia picta) | Guamo machete (Inga densiflora),Morales y Varón (2013); AMVA y UNAL (2014)
41102,Laureles Estadio,99,0.0,AsocioMovilidad,Antejardin,Grama,75.23,0.0075,Calliandra haematocephala,Carbonero flor roja,1,8.5,Media,Ninguna,Morales y Varón (2013); AMVA y UNAL (2014)
41115,Laureles Estadio,99,0.0,AsocioMovilidad,Antejardin,Grama,76.04,0.0076,Calliandra haematocephala,Carbonero flor roja,1,8.5,Media,Ninguna,Morales y Varón (2013); AMVA y UNAL (2014)
42646,Laureles Estadio,99,0.0,AsocioMovilidad,Antejardin,Grama,126.76,0.0127,Calliandra haematocephala,Carbonero flor roja,1,8.5,Media,Ninguna,Morales y Varón (2013); AMVA y UNAL (2014)
42655,Laureles Estadio,99,0.0,AsocioMovilidad,FranjaAmoblamiento,Grama,388.63,0.0389,Zygia longifolia,Suribio,1,16.0,Alta,Casco de vaca (Bauhinia picta) | Carbonero flor roja (Calliandra haematocephala),Morales y Varón (2013); AMVA y UNAL (2014)
41526,Laureles Estadio,99,0.0,AsocioEP,ZVRecreacional,Grama,379.73,0.038,Zygia longifolia,Suribio,1,16.0,Alta,Casco de vaca (Bauhinia picta) | Guamo machete (Inga densiflora),Morales y Varón (2013); AMVA y UNAL (2014)
41550,Laureles Estadio,99,0.0,AsocioMovilidad,Antejardin,Grama,95.72,0.0096,Calliandra haematocephala,Carbonero flor roja,1,8.5,Media,Ninguna,Morales y Varón (2013); AMVA y UNAL (2014)
43312,San Javier,99,0.0,AsocioEP,ZVRecreacional,Grama,360.8,0.0361,Zygia longifolia,Suribio,1,16.0,Alta,Casco de vaca (Bauhinia picta) | Guamo machete (Inga densiflora),Morales y Varón (2013); AMVA y UNAL (2014)
43313,San Javier,99,0.0,AsocioEP,ZVRecreacional,Grama,271.28,0.0271,Zygia longifolia,Suribio,1,16.0,Alta,Casco de vaca (Bauhinia picta) | Guamo machete (Inga densiflora),Morales y Varón (2013); AMVA y UNAL (2014)
43314,San Javier,99,0.0,AsocioMovilidad,Separador,Grama,410.6,0.0411,Zygia longifolia,Suribio,1,16.0,Alta,Casco de vaca (Bauhinia picta) | Carbonero flor roja (Calliandra haematocephala),Morales y Varón (2013); AMVA y UNAL (2014)
41246,Laureles Estadio,99,0.0,AsocioEP,ParqueRec,Grama,429.38,0.0429,Zygia longifolia,Suribio,1,16.0,Alta,Casco de vaca (Bauhinia picta) | Guamo machete (Inga densiflora),Morales y Varón (2013); AMVA y UNAL (2014)
41262,Laureles Estadio,99,0.0,AsocioEP,ParqueRec,Grama,390.19,0.039,Zygia longifolia,Suribio,1,16.0,Alta,Casco de vaca (Bauhinia picta) | Guamo machete (Inga densiflora),Morales y Varón (2013); AMVA y UNAL (2014)
41270,Laureles Estadio,99,0.0,AsocioEP,ParqueRec,Grama,427.52,0.0428,Zygia longifolia,Suribio,1,16.0,Alta,Casco de vaca (Bauhinia picta) | Guamo machete (Inga densiflora),Morales y Varón (2013); AMVA y UNAL (2014)
41302,Laureles Estadio,99,0.0,AsocioEP,ZVRecreacional,Grama,460.75,0.0461,Zygia longifolia,Suribio,1,16.0,Alta,Casco de vaca (Bauhinia picta) | Guamo machete (Inga densiflora),Morales y Varón (2013); AMVA y UNAL (2014)
41312,Laureles Estadio,99,0.0,AsocioMovilidad,FranjaAmoblamiento,Tierra,302.72,0.0303,Zygia longifolia,Suribio,1,16.0,Alta,Casco de vaca (Bauhinia picta) | Carbonero flor roja (Calliandra haematocephala),Morales y Varón (2013); AMVA y UNAL (2014)
41756,Laureles Estadio,99,0.0,AsocioMovilidad,Antejardin,Tierra,141.61,0.0142,Calliandra haematocephala,Carbonero flor roja,1,8.5,Media,Ninguna,Morales y Varón (2013); AMVA y UNAL (2014)
41572,Laureles Estadio,99,0.0,AsocioMovilidad,Antejardin,Grama,94.96,0.0095,Calliandra haematocephala,Carbonero flor roja,1,8.5,Media,Ninguna,Morales y Varón (2013); AMVA y UNAL (2014)
41418,Laureles Estadio,99,0.0,AsocioMovilidad,Antejardin,Grama,101.69,0.0102,Calliandra haematocephala,Carbonero flor roja,1,8.5,Media,Ninguna,Morales y Varón (2013); AMVA y UNAL (2014)
41710,Laureles Estadio,99,0.0,AsocioMovilidad,Separador,Grama,484.06,0.0484,Zygia longifolia,Suribio,1,16.0,Alta,Casco de vaca (Bauhinia picta) | Carbonero flor roja (Calliandra haematocephala),Morales y Varón (2013); AMVA y UNAL (2014)
41711,Laureles Estadio,99,0.0,AsocioMovilidad,Separador,Grama,444.06,0.0444,Zygia longifolia,Suribio,1,16.0,Alta,Casco de vaca (Bauhinia picta) | Carbonero flor roja (Calliandra haematocephala),Morales y Varón (2013); AMVA y UNAL (2014)
41741,Laureles Estadio,99,0.0,AsocioEP,ParqueRec,Grama,296.72,0.0297,Zygia longifolia,Suribio,1,16.0,Alta,Casco de vaca (Bauhinia picta) | Guamo machete (Inga densiflora),Morales y Varón (2013); AMVA y UNAL (2014)
42987,San Javier,99,0.0,AsocioMovilidad,FranjaAmoblamiento,Grama,266.59,0.0267,Zygia longifolia,Suribio,1,16.0,Alta,Casco de vaca (Bauhinia picta) | Carbonero flor roja (Calliandra haematocephala),Morales y Varón (2013); AMVA y UNAL (2014)
41507,Laureles Estadio,99,0.0,AsocioMovilidad,FranjaAmoblamiento,Grama,257.34,0.0257,Zygia longifolia,Suribio,1,16.0,Alta,Casco de vaca (Bauhinia picta) | Carbonero flor roja (Calliandra haematocephala),Morales y Varón (2013); AMVA y UNAL (2014)
41673,Laureles Estadio,99,0.0,AsocioMovilidad,Antejardin,Grama,107.65,0.0108,Calliandra haematocephala,Carbonero flor roja,1,8.5,Media,Ninguna,Morales y Varón (2013); AMVA y UNAL (2014)
41802,Laureles Estadio,99,0.0,AsocioMovilidad,Antejardin,Grama,98.12,0.0098,Calliandra haematocephala,Carbonero flor roja,1,8.5,Media,Ninguna,Morales y Varón (2013); AMVA y UNAL (2014)
42059,Laureles Estadio,99,0.0,AsocioEP,ZVRecreacional,Grama,292.72,0.0293,Zygia longifolia,Suribio,1,16.0,Alta,Casco de vaca (Bauhinia picta) | Guamo machete (Inga densiflora),Morales y Varón (2013); AMVA y UNAL (2014)
42854,Laureles Estadio,99,0.0,AsocioMovilidad,Antejardin,Grama,80.0,0.008,Calliandra haematocephala,Carbonero flor roja,1,8.5,Media,Ninguna,Morales y Varón (2013); AMVA y UNAL (2014)
43826,San Javier,99,0.0,AsocioEP,ZVRecreacional,Grama,356.52,0.0357,Zygia longifolia,Suribio,1,16.0,Alta,Casco de vaca (Bauhinia picta) | Guamo machete (Inga densiflora),Morales y Varón (2013); AMVA y UNAL (2014)
43123,Laureles Estadio,99,0.0,AsocioMovilidad,Antejardin,Grama,116.14,0.0116,Calliandra haematocephala,Carbonero flor roja,1,8.5,Media,Ninguna,Morales y Varón (2013); AMVA y UNAL (2014)
43250,Laureles Estadio,99,0.0,AsocioMovilidad,Antejardin,Grama,88.14,0.0088,Calliandra haematocephala,Carbonero flor roja,1,8.5,Media,Ninguna,Morales y Varón (2013); AMVA y UNAL (2014)
44375,Laureles Estadio,99,0.0,AsocioMovilidad,Antejardin,Grama,81.95,0.0082,Calliandra haematocephala,Carbonero flor roja,1,8.5,Media,Ninguna,Morales y Varón (2013); AMVA y UNAL (2014)
43323,San Javier,99,0.0,AsocioMovilidad,Antejardin,Grama,117.28,0.0117,Calliandra haematocephala,Carbonero flor roja,1,8.5,Media,Ninguna,Morales y Varón (2013); AMVA y UNAL (2014)
43357,San Javier,99,0.0,AsocioMovilidad,Separador,Grama,413.74,0.0414,Zygia longifolia,Suribio,1,16.0,Alta,Casco de vaca (Bauhinia picta) | Carbonero flor roja (Calliandra haematocephala),Morales y Varón (2013); AMVA y UNAL (2014)
43753,Laureles Estadio,99,0.0,AsocioMovilidad,Antejardin,Grama,74.3,0.0074,Calliandra haematocephala,Carbonero flor roja,1,8.5,Media,Ninguna,Morales y Varón (2013); AMVA y UNAL (2014)
45395,Laureles Estadio,99,0.0,AsocioMovilidad,FranjaAmoblamiento,Grama,312.35,0.0312,Zygia longifolia,Suribio,1,16.0,Alta,Casco de vaca (Bauhinia picta) | Carbonero flor roja (Calliandra haematocephala),Morales y Varón (2013); AMVA y UNAL (2014)
1732,Laureles Estadio,99,0.0,AsocioMovilidad,FranjaAmoblamiento,Tierra,270.52,0.0271,Zygia longifolia,Suribio,1,16.0,Alta,Casco de vaca (Bauhinia picta) | Carbonero flor roja (Calliandra haematocephala),Morales y Varón (2013); AMVA y UNAL (2014)
46381,Laureles Estadio,99,0.0,AsocioMovilidad,Separador,Grama,300.95,0.0301,Zygia longifolia,Suribio,1,16.0,Alta,Casco de vaca (Bauhinia picta) | Carbonero flor roja (Calliandra haematocephala),Morales y Varón (2013); AMVA y UNAL (2014)
48793,Laureles Estadio,99,0.0,AsocioMovilidad,Antejardin,Grama,141.16,0.0141,Calliandra haematocephala,Carbonero flor roja,1,8.5,Media,Ninguna,Morales y Varón (2013); AMVA y UNAL (2014)
47542,Laureles Estadio,99,0.0,AsocioMovilidad,Antejardin,Grama,96.57,0.0097,Calliandra haematocephala,Carbonero flor roja,1,8.5,Media,Ninguna,Morales y Varón (2013); AMVA y UNAL (2014)
48732,Laureles Estadio,99,0.0,AsocioMovilidad,FranjaAmoblamiento,Grama,411.66,0.0412,Zygia longifolia,Suribio,1,16.0,Alta,Casco de vaca (Bauhinia picta) | Carbonero flor roja (Calliandra haematocephala),Morales y Varón (2013); AMVA y UNAL (2014)
47388,Laureles Estadio,99,0.0,AsocioMovilidad,Antejardin,Grama,89.33,0.0089,Calliandra haematocephala,Carbonero flor roja,1,8.5,Media,Ninguna,Morales y Varón (2013); AMVA y UNAL (2014)
47497,Laureles Estadio,99,0.0,AsocioUrbanistico,RetiroQuebradas,Grama,281.73,0.0282,Zygia longifolia,Suribio,1,16.0,Alta,Casco de vaca (Bauhinia picta) | Guamo machete (Inga densiflora),Morales y Varón (2013); AMVA y UNAL (2014)
47637,Laureles Estadio,99,0.0,AsocioMovilidad,Antejardin,Grama,78.61,0.0079,Calliandra haematocephala,Carbonero flor roja,1,8.5,Media,Ninguna,Morales y Varón (2013); AMVA y UNAL (2014)
47513,Laureles Estadio,99,0.0,AsocioMovilidad,Separador,Grama,360.15,0.036,Zygia longifolia,Suribio,1,16.0,Alta,Casco de vaca (Bauhinia picta) | Carbonero flor roja (Calliandra haematocephala),Morales y Varón (2013); AMVA y UNAL (2014)
47514,Laureles Estadio,99,0.0,AsocioMovilidad,Separador,Grama,382.29,0.0382,Zygia longifolia,Suribio,1,16.0,Alta,Casco de vaca (Bauhinia picta) | Carbonero flor roja (Calliandra haematocephala),Morales y Varón (2013); AMVA y UNAL (2014)
47560,Laureles Estadio,99,0.0,AsocioMovilidad,Antejardin,Grama,75.4,0.0075,Calliandra haematocephala,Carbonero flor roja,1,8.5,Media,Ninguna,Morales y Varón (2013); AMVA y UNAL (2014)
47583,Laureles Estadio,99,0.0,AsocioEP,ParqueRec,Grama,335.0,0.0335,Zygia longifolia,Suribio,1,16.0,Alta,Casco de vaca (Bauhinia picta) | Guamo machete (Inga densiflora),Morales y Varón (2013); AMVA y UNAL (2014)
1511,Laureles Estadio,99,0.0,AsocioMovilidad,Antejardin,Grama,109.86,0.011,Calliandra haematocephala,Carbonero flor roja,1,8.5,Media,Ninguna,Morales y Varón (2013); AMVA y UNAL (2014)
47750,Laureles Estadio,99,0.0,AsocioMovilidad,Antejardin,Grama,99.55,0.01,Calliandra haematocephala,Carbonero flor roja,1,8.5,Media,Ninguna,Morales y Varón (2013); AMVA y UNAL (2014)
47978,Laureles Estadio,99,0.0,AsocioMovilidad,Antejardin,Grama,77.6,0.0078,Calliandra haematocephala,Carbonero flor roja,1,8.5,Media,Ninguna,Morales y Varón (2013); AMVA y UNAL (2014)
48004,Laureles Estadio,99,0.0,AsocioMovilidad,Antejardin,Grama,80.93,0.0081,Calliandra haematocephala,Carbonero flor roja,1,8.5,Media,Ninguna,Morales y Varón (2013); AMVA y UNAL (2014)
48100,Laureles Estadio,99,0.0,AsocioMovilidad,Antejardin,Grama,98.73,0.0099,Calliandra haematocephala,Carbonero flor roja,1,8.5,Media,Ninguna,Morales y Varón (2013); AMVA y UNAL (2014)
48157,Laureles Estadio,99,0.0,AsocioMovilidad,Antejardin,Grama,80.47,0.008,Calliandra haematocephala,Carbonero flor roja,1,8.5,Media,Ninguna,Morales y Varón (2013); AMVA y UNAL (2014)
89,Laureles Estadio,99,0.0,AsocioEP,ParqueRec,Grama,433.34,0.0433,Zygia longifolia,Suribio,1,16.0,Alta,Casco de vaca (Bauhinia picta) | Guamo machete (Inga densiflora),Morales y Varón (2013); AMVA y UNAL (2014)
92,Laureles Estadio,99,0.0,AsocioEP,ParqueRec,Grama,495.84,0.0496,Zygia longifolia,Suribio,1,16.0,Alta,Casco de vaca (Bauhinia picta) | Guamo machete (Inga densiflora),Morales y Varón (2013); AMVA y UNAL (2014)
51,Laureles Estadio,99,0.0,AsocioMovilidad,Separador,Grama,290.27,0.029,Zygia longifolia,Suribio,1,16.0,Alta,Casco de vaca (Bauhinia picta) | Carbonero flor roja (Calliandra haematocephala),Morales y Varón (2013); AMVA y UNAL (2014)
71,Laureles Estadio,99,0.0,AsocioMovilidad,Antejardin,Grama,117.91,0.0118,Calliandra haematocephala,Carbonero flor roja,1,8.5,Media,Ninguna,Morales y Varón (2013); AMVA y UNAL (2014)
73,Laureles Estadio,99,0.0,AsocioMovilidad,Separador,Grama,321.29,0.0321,Zygia longifolia,Suribio,1,16.0,Alta,Casco de vaca (Bauhinia picta) | Carbonero flor roja (Calliandra haematocephala),Morales y Varón (2013); AMVA y UNAL (2014)
131,Laureles Estadio,99,0.0,AsocioMovilidad,Antejardin,Grama,109.02,0.0109,Calliandra haematocephala,Carbonero flor roja,1,8.5,Media,Ninguna,Morales y Varón (2013); AMVA y UNAL (2014)
1958,Laureles Estadio,99,0.0,AsocioMovilidad,Antejardin,Grama,105.06,0.0105,Calliandra haematocephala,Carbonero flor roja,1,8.5,Media,Ninguna,Morales y Varón (2013); AMVA y UNAL (2014)
1680,Laureles Estadio,99,0.0,AsocioMovilidad,Antejardin,Grama,117.57,0.0118,Calliandra haematocephala,Carbonero flor roja,1,8.5,Media,Ninguna,Morales y Varón (2013); AMVA y UNAL (2014)
157,Laureles Estadio,99,0.0,AsocioMovilidad,Antejardin,Grama,77.82,0.0078,Calliandra haematocephala,Carbonero flor roja,1,8.5,Media,Ninguna,Morales y Varón (2013); AMVA y UNAL (2014)
170,Laureles Estadio,99,0.0,AsocioMovilidad,Antejardin,Grama,72.5,0.0072,Calliandra haematocephala,Carbonero flor roja,1,8.5,Media,Ninguna,Morales y Varón (2013); AMVA y UNAL (2014)
272,Laureles Estadio,99,0.0,AsocioEP,ZVRecreacional,Grama,301.89,0.0302,Zygia longifolia,Suribio,1,16.0,Alta,Casco de vaca (Bauhinia picta) | Guamo machete (Inga densiflora),Morales y Varón (2013); AMVA y UNAL (2014)
300,Laureles Estadio,99,0.0,AsocioMovilidad,Antejardin,Grama,73.91,0.0074,Calliandra haematocephala,Carbonero flor roja,1,8.5,Media,Ninguna,Morales y Varón (2013); AMVA y UNAL (2014)
560,Laureles Estadio,99,0.0,AsocioMovilidad,Antejardin,Tierra,82.36,0.0082,Calliandra haematocephala,Carbonero flor roja,1,8.5,Media,Ninguna,Morales y Varón (2013); AMVA y UNAL (2014)
592,Laureles Estadio,99,0.0,AsocioMovilidad,Antejardin,Grama,112.26,0.0112,Calliandra haematocephala,Carbonero flor roja,1,8.5,Media,Ninguna,Morales y Varón (2013); AMVA y UNAL (2014)
1406,Laureles Estadio,99,0.0,AsocioMovilidad,Antejardin,Grama,79.26,0.0079,Calliandra haematocephala,Carbonero flor roja,1,8.5,Media,Ninguna,Morales y Varón (2013); AMVA y UNAL (2014)
2363,Laureles Estadio,99,0.0,AsocioMovilidad,Separador,Grama,329.45,0.0329,Zygia longifolia,Suribio,1,16.0,Alta,Casco de vaca (Bauhinia picta) | Carbonero flor roja (Calliandra haematocephala),Morales y Varón (2013); AMVA y UNAL (2014)
49030,Laureles Estadio,99,0.0,AsocioEP,EcoparqueQuebrada,Grama,390.01,0.039,Zygia longifolia,Suribio,1,16.0,Alta,Casco de vaca (Bauhinia picta) | Guamo machete (Inga densiflora),Morales y Varón (2013); AMVA y UNAL (2014)
1543,Laureles Estadio,99,0.0,AsocioMovilidad,Antejardin,Grama,124.92,0.0125,Calliandra haematocephala,Carbonero flor roja,1,8.5,Media,Ninguna,Morales y Varón (2013); AMVA y UNAL (2014)
1547,Laureles Estadio,99,0.0,AsocioEP,ParqueRec,Grama,427.28,0.0427,Zygia longifolia,Suribio,1,16.0,Alta,Casco de vaca (Bauhinia picta) | Guamo machete (Inga densiflora),Morales y Varón (2013); AMVA y UNAL (2014)
1353,Laureles Estadio,99,0.0,AsocioMovilidad,Antejardin,Grama,95.03,0.0095,Calliandra haematocephala,Carbonero flor roja,1,8.5,Media,Ninguna,Morales y Varón (2013); AMVA y UNAL (2014)
1432,Laureles Estadio,99,0.0,AsocioMovilidad,Antejardin,Grama,76.52,0.0077,Calliandra haematocephala,Carbonero flor roja,1,8.5,Media,Ninguna,Morales y Varón (2013); AMVA y UNAL (2014)
2025,Laureles Estadio,99,0.0,AsocioMovilidad,Antejardin,Grama,72.36,0.0072,Calliandra haematocephala,Carbonero flor roja,1,8.5,Media,Ninguna,Morales y Varón (2013); AMVA y UNAL (2014)
1769,Laureles Estadio,99,0.0,AsocioEP,ParqueRec,Grama,384.32,0.0384,Zygia longifolia,Suribio,1,16.0,Alta,Casco de vaca (Bauhinia picta) | Guamo machete (Inga densiflora),Morales y Varón (2013); AMVA y UNAL (2014)
1835,Laureles Estadio,99,0.0,AsocioMovilidad,Antejardin,Grama,74.24,0.0074,Calliandra haematocephala,Carbonero flor roja,1,8.5,Media,Ninguna,Morales y Varón (2013); AMVA y UNAL (2014)
2357,Laureles Estadio,99,0.0,AsocioMovilidad,OrejaPuente,Grama,385.12,0.0385,Zygia longifolia,Suribio,1,16.0,Alta,Casco de vaca (Bauhinia picta),Morales y Varón (2013); AMVA y UNAL (2014)
3629,Laureles Estadio,99,0.0,AsocioMovilidad,Antejardin,Grama,101.44,0.0101,Calliandra haematocephala,Carbonero flor roja,1,8.5,Media,Ninguna,Morales y Varón (2013); AMVA y UNAL (2014)
3612,Laureles Estadio,99,0.0,AsocioMovilidad,FranjaAmoblamiento,Grama,302.85,0.0303,Zygia longifolia,Suribio,1,16.0,Alta,Casco de vaca (Bauhinia picta) | Carbonero flor roja (Calliandra haematocephala),Morales y Varón (2013); AMVA y UNAL (2014)
3614,Laureles Estadio,99,0.0,AsocioMovilidad,Antejardin,Grama,78.65,0.0079,Calliandra haematocephala,Carbonero flor roja,1,8.5,Media,Ninguna,Morales y Varón (2013); AMVA y UNAL (2014)
3615,Laureles Estadio,99,0.0,AsocioMovilidad,Antejardin,Grama,77.02,0.0077,Calliandra haematocephala,Carbonero flor roja,1,8.5,Media,Ninguna,Morales y Varón (2013); AMVA y UNAL (2014)
4822,Laureles Estadio,99,0.0,AsocioMovilidad,Antejardin,Tierra,76.53,0.0077,Calliandra haematocephala,Carbonero flor roja,1,8.5,Media,Ninguna,Morales y Varón (2013); AMVA y UNAL (2014)
4826,Laureles Estadio,99,0.0,AsocioMovilidad,Antejardin,Grama,112.82,0.0113,Calliandra haematocephala,Carbonero flor roja,1,8.5,Media,Ninguna,Morales y Varón (2013); AMVA y UNAL (2014)
4657,Laureles Estadio,99,0.0,AsocioMovilidad,Glorieta,Grama,323.0,0.0323,Zygia longifolia,Suribio,1,16.0,Alta,Casco de vaca (Bauhinia picta) | Carbonero flor roja (Calliandra haematocephala),Morales y Varón (2013); AMVA y UNAL (2014)
4658,Laureles Estadio,99,0.0,AsocioMovilidad,Glorieta,Grama,412.2,0.0412,Zygia longifolia,Suribio,1,16.0,Alta,Casco de vaca (Bauhinia picta) | Carbonero flor roja (Calliandra haematocephala),Morales y Varón (2013); AMVA y UNAL (2014)
4828,Laureles Estadio,99,0.0,AsocioMovilidad,Antejardin,Grama,89.83,0.009,Calliandra haematocephala,Carbonero flor roja,1,8.5,Media,Ninguna,Morales y Varón (2013); AMVA y UNAL (2014)
4236,Laureles Estadio,99,0.0,AsocioMovilidad,Glorieta,Tierra,443.95,0.0444,Zygia longifolia,Suribio,1,16.0,Alta,Casco de vaca (Bauhinia picta) | Carbonero flor roja (Calliandra haematocephala),Morales y Varón (2013); AMVA y UNAL (2014)
4493,Laureles Estadio,99,0.0,AsocioEP,ZVRecreacional,Grama,499.91,0.05,Zygia longifolia,Suribio,1,16.0,Alta,Casco de vaca (Bauhinia picta) | Guamo machete (Inga densiflora),Morales y Varón (2013); AMVA y UNAL (2014)
4708,Laureles Estadio,99,0.0,AsocioMovilidad,Antejardin,Grama,74.5,0.0075,Calliandra haematocephala,Carbonero flor roja,1,8.5,Media,Ninguna,Morales y Varón (2013); AMVA y UNAL (2014)
5083,Laureles Estadio,99,0.0,AsocioMovilidad,Antejardin,Grama,97.86,0.0098,Calliandra haematocephala,Carbonero flor roja,1,8.5,Media,Ninguna,Morales y Varón (2013); AMVA y UNAL (2014)
8177,Laureles Estadio,99,0.0,AsocioMovilidad,Antejardin,Grama,80.25,0.008,Calliandra haematocephala,Carbonero flor roja,1,8.5,Media,Ninguna,Morales y Varón (2013); AMVA y UNAL (2014)
6283,Laureles Estadio,99,0.0,AsocioMovilidad,FranjaAmoblamiento,Tierra,284.53,0.0285,Zygia longifolia,Suribio,1,16.0,Alta,Casco de vaca (Bauhinia picta) | Carbonero flor roja (Calliandra haematocephala),Morales y Varón (2013); AMVA y UNAL (2014)
6084,Laureles Estadio,99,0.0,AsocioEP,ZVRecreacional,Grama,382.51,0.0383,Zygia longifolia,Suribio,1,16.0,Alta,Casco de vaca (Bauhinia picta) | Guamo machete (Inga densiflora),Morales y Varón (2013); AMVA y UNAL (2014)
6085,Laureles Estadio,99,0.0,AsocioEP,ZVRecreacional,Grama,296.66,0.0297,Zygia longifolia,Suribio,1,16.0,Alta,Casco de vaca (Bauhinia picta) | Guamo machete (Inga densiflora),Morales y Varón (2013); AMVA y UNAL (2014)
6093,Laureles Estadio,99,0.0,AsocioEP,ParqueRec,Grama,377.75,0.0378,Zygia longifolia,Suribio,1,16.0,Alta,Casco de vaca (Bauhinia picta) | Guamo machete (Inga densiflora),Morales y Varón (2013); AMVA y UNAL (2014)
6238,Laureles Estadio,99,0.0,AsocioEP,ZVRecreacional,Grama,349.73,0.035,Zygia longifolia,Suribio,1,16.0,Alta,Casco de vaca (Bauhinia picta) | Guamo machete (Inga densiflora),Morales y Varón (2013); AMVA y UNAL (2014)
6946,Laureles Estadio,99,0.0,AsocioMovilidad,Separador,Grama,320.27,0.032,Zygia longifolia,Suribio,1,16.0,Alta,Casco de vaca (Bauhinia picta) | Carbonero flor roja (Calliandra haematocephala),Morales y Varón (2013); AMVA y UNAL (2014)
9618,Laureles Estadio,99,0.0,AsocioMovilidad,Antejardin,Grama,84.53,0.0085,Calliandra haematocephala,Carbonero flor roja,1,8.5,Media,Ninguna,Morales y Varón (2013); AMVA y UNAL (2014)
11812,Laureles Estadio,99,0.0,AsocioMovilidad,Antejardin,Grama,81.39,0.0081,Calliandra haematocephala,Carbonero flor roja,1,8.5,Media,Ninguna,Morales y Varón (2013); AMVA y UNAL (2014)
11678,Laureles Estadio,99,0.0,AsocioMovilidad,Antejardin,Grama,103.34,0.0103,Calliandra haematocephala,Carbonero flor roja,1,8.5,Media,Ninguna,Morales y Varón (2013); AMVA y UNAL (2014)
11570,Laureles Estadio,99,0.0,AsocioMovilidad,Antejardin,Grama,92.18,0.0092,Calliandra haematocephala,Carbonero flor roja,1,8.5,Media,Ninguna,Morales y Varón (2013); AMVA y UNAL (2014)
11650,Laureles Estadio,99,0.0,AsocioMovilidad,Antejardin,Grama,72.75,0.0073,Calliandra haematocephala,Carbonero flor roja,1,8.5,Media,Ninguna,Morales y Varón (2013); AMVA y UNAL (2014)
11735,Laureles Estadio,99,0.0,AsocioMovilidad,Antejardin,Grama,98.8,0.0099,Calliandra haematocephala,Carbonero flor roja,1,8.5,Media,Ninguna,Morales y Varón (2013); AMVA y UNAL (2014)
12403,Laureles Estadio,99,0.0,AsocioMovilidad,Antejardin,Grama,75.77,0.0076,Calliandra haematocephala,Carbonero flor roja,1,8.5,Media,Ninguna,Morales y Varón (2013); AMVA y UNAL (2014)
12102,Laureles Estadio,99,0.0,AsocioMovilidad,Antejardin,Grama,80.01,0.008,Calliandra haematocephala,Carbonero flor roja,1,8.5,Media,Ninguna,Morales y Varón (2013); AMVA y UNAL (2014)
12465,Laureles Estadio,99,0.0,AsocioMovilidad,Antejardin,Grama,85.98,0.0086,Calliandra haematocephala,Carbonero flor roja,1,8.5,Media,Ninguna,Morales y Varón (2013); AMVA y UNAL (2014)
12350,Laureles Estadio,99,0.0,AsocioMovilidad,Antejardin,Grama,77.51,0.0078,Calliandra haematocephala,Carbonero flor roja,1,8.5,Media,Ninguna,Morales y Varón (2013); AMVA y UNAL (2014)
19043,Buenos Aires,99,0.0,AsocioMovilidad,Separador,Grama,262.62,0.0263,Zygia longifolia,Suribio,1,16.0,Alta,Casco de vaca (Bauhinia picta) | Carbonero flor roja (Calliandra haematocephala),Morales y Varón (2013); AMVA y UNAL (2014)
19917,Buenos Aires,99,0.0,AsocioMovilidad,Antejardin,Grama,86.61,0.0087,Calliandra haematocephala,Carbonero flor roja,1,8.5,Media,Ninguna,Morales y Varón (2013); AMVA y UNAL (2014)
19963,Buenos Aires,99,0.0,AsocioMovilidad,Antejardin,Grama,128.17,0.0128,Calliandra haematocephala,Carbonero flor roja,1,8.5,Media,Ninguna,Morales y Varón (2013); AMVA y UNAL (2014)
21773,Buenos Aires,99,0.0,AsocioMovilidad,Antejardin,Grama,81.4,0.0081,Calliandra haematocephala,Carbonero flor roja,1,8.5,Media,Ninguna,Morales y Varón (2013); AMVA y UNAL (2014)
27354,Aranjuez,99,0.0,AsocioEP,EcoparqueQuebrada,Grama,284.81,0.0285,Zygia longifolia,Suribio,1,16.0,Alta,Casco de vaca (Bauhinia picta) | Guamo machete (Inga densiflora),Morales y Varón (2013); AMVA y UNAL (2014)
27715,Aranjuez,99,0.0,AsocioEP,ParqueRec,Grama,329.45,0.0329,Zygia longifolia,Suribio,1,16.0,Alta,Casco de vaca (Bauhinia picta) | Guamo machete (Inga densiflora),Morales y Varón (2013); AMVA y UNAL (2014)
30199,Laureles Estadio,99,0.0,AsocioEP,ParqueRec,Grama,282.56,0.0283,Zygia longifolia,Suribio,1,16.0,Alta,Casco de vaca (Bauhinia picta) | Guamo machete (Inga densiflora),Morales y Varón (2013); AMVA y UNAL (2014)
41819,Laureles Estadio,99,0.0,AsocioEP,ParqueRec,Grama,479.3,0.0479,Zygia longifolia,Suribio,1,16.0,Alta,Casco de vaca (Bauhinia picta) | Guamo machete (Inga densiflora),Morales y Varón (2013); AMVA y UNAL (2014)
